
CFFT_1024_FP32_newlib.elf:     file format elf32-littleriscv


Disassembly of section .text:

000100b4 <register_fini>:
   100b4:	00000793          	li	a5,0
   100b8:	c799                	beqz	a5,100c6 <register_fini+0x12>
   100ba:	00001517          	auipc	a0,0x1
   100be:	2c650513          	addi	a0,a0,710 # 11380 <__libc_fini_array>
   100c2:	3510006f          	j	10c12 <atexit>
   100c6:	8082                	ret

000100c8 <_start>:
   100c8:	0006e197          	auipc	gp,0x6e
   100cc:	0cc18193          	addi	gp,gp,204 # 7e194 <__global_pointer$>
   100d0:	4d418513          	addi	a0,gp,1236 # 7e668 <__stdio_exit_handler>
   100d4:	0006f617          	auipc	a2,0x6f
   100d8:	8c060613          	addi	a2,a2,-1856 # 7e994 <__BSS_END__>
   100dc:	8e09                	sub	a2,a2,a0
   100de:	4581                	li	a1,0
   100e0:	219000ef          	jal	10af8 <memset>
   100e4:	00001517          	auipc	a0,0x1
   100e8:	b2e50513          	addi	a0,a0,-1234 # 10c12 <atexit>
   100ec:	c519                	beqz	a0,100fa <_start+0x32>
   100ee:	00001517          	auipc	a0,0x1
   100f2:	29250513          	addi	a0,a0,658 # 11380 <__libc_fini_array>
   100f6:	31d000ef          	jal	10c12 <atexit>
   100fa:	2639                	jal	10408 <__libc_init_array>
   100fc:	4502                	lw	a0,0(sp)
   100fe:	004c                	addi	a1,sp,4
   10100:	4601                	li	a2,0
   10102:	60a020ef          	jal	1270c <main>
   10106:	a0b9                	j	10154 <exit>

00010108 <__do_global_dtors_aux>:
   10108:	4f41c783          	lbu	a5,1268(gp) # 7e688 <completed.1>
   1010c:	e78d                	bnez	a5,10136 <__do_global_dtors_aux+0x2e>
   1010e:	00000793          	li	a5,0
   10112:	cf91                	beqz	a5,1012e <__do_global_dtors_aux+0x26>
   10114:	b842                	cm.push	{ra},-16
   10116:	0006b517          	auipc	a0,0x6b
   1011a:	ff250513          	addi	a0,a0,-14 # 7b108 <__EH_FRAME_BEGIN__>
   1011e:	00000097          	auipc	ra,0x0
   10122:	000000e7          	jalr	zero # 0 <register_fini-0x100b4>
   10126:	4785                	li	a5,1
   10128:	4ef18a23          	sb	a5,1268(gp) # 7e688 <completed.1>
   1012c:	be42                	cm.popret	{ra},16
   1012e:	4785                	li	a5,1
   10130:	4ef18a23          	sb	a5,1268(gp) # 7e688 <completed.1>
   10134:	8082                	ret
   10136:	8082                	ret

00010138 <frame_dummy>:
   10138:	00000793          	li	a5,0
   1013c:	cb99                	beqz	a5,10152 <frame_dummy+0x1a>
   1013e:	4f818593          	addi	a1,gp,1272 # 7e68c <object.0>
   10142:	0006b517          	auipc	a0,0x6b
   10146:	fc650513          	addi	a0,a0,-58 # 7b108 <__EH_FRAME_BEGIN__>
   1014a:	00000317          	auipc	t1,0x0
   1014e:	00000067          	jr	zero # 0 <register_fini-0x100b4>
   10152:	8082                	ret

00010154 <exit>:
   10154:	1141                	addi	sp,sp,-16
   10156:	4581                	li	a1,0
   10158:	c606                	sw	ra,12(sp)
   1015a:	c422                	sw	s0,8(sp)
   1015c:	842a                	mv	s0,a0
   1015e:	0cd000ef          	jal	10a2a <__call_exitprocs>
   10162:	4d41a783          	lw	a5,1236(gp) # 7e668 <__stdio_exit_handler>
   10166:	c391                	beqz	a5,1016a <exit+0x16>
   10168:	9782                	jalr	a5
   1016a:	8522                	mv	a0,s0
   1016c:	7e5050ef          	jal	16150 <_exit>

00010170 <__fp_lock>:
   10170:	4501                	li	a0,0
   10172:	8082                	ret

00010174 <stdio_exit_handler>:
   10174:	0006c617          	auipc	a2,0x6c
   10178:	fa460613          	addi	a2,a2,-92 # 7c118 <__sglue>
   1017c:	00001597          	auipc	a1,0x1
   10180:	ec458593          	addi	a1,a1,-316 # 11040 <_fclose_r>
   10184:	0006c517          	auipc	a0,0x6c
   10188:	3ac50513          	addi	a0,a0,940 # 7c530 <_impure_data>
   1018c:	2150006f          	j	10ba0 <_fwalk_sglue>

00010190 <cleanup_stdio>:
   10190:	414c                	lw	a1,4(a0)
   10192:	1141                	addi	sp,sp,-16
   10194:	c606                	sw	ra,12(sp)
   10196:	c422                	sw	s0,8(sp)
   10198:	51018793          	addi	a5,gp,1296 # 7e6a4 <__sf>
   1019c:	842a                	mv	s0,a0
   1019e:	00f58463          	beq	a1,a5,101a6 <cleanup_stdio+0x16>
   101a2:	69f000ef          	jal	11040 <_fclose_r>
   101a6:	440c                	lw	a1,8(s0)
   101a8:	57818793          	addi	a5,gp,1400 # 7e70c <__sf+0x68>
   101ac:	00f58563          	beq	a1,a5,101b6 <cleanup_stdio+0x26>
   101b0:	8522                	mv	a0,s0
   101b2:	68f000ef          	jal	11040 <_fclose_r>
   101b6:	444c                	lw	a1,12(s0)
   101b8:	5e018793          	addi	a5,gp,1504 # 7e774 <__sf+0xd0>
   101bc:	00f58863          	beq	a1,a5,101cc <cleanup_stdio+0x3c>
   101c0:	8522                	mv	a0,s0
   101c2:	40b2                	lw	ra,12(sp)
   101c4:	4422                	lw	s0,8(sp)
   101c6:	0141                	addi	sp,sp,16
   101c8:	6790006f          	j	11040 <_fclose_r>
   101cc:	40b2                	lw	ra,12(sp)
   101ce:	4422                	lw	s0,8(sp)
   101d0:	0141                	addi	sp,sp,16
   101d2:	8082                	ret

000101d4 <__fp_unlock>:
   101d4:	4501                	li	a0,0
   101d6:	8082                	ret

000101d8 <global_stdio_init.part.0>:
   101d8:	1101                	addi	sp,sp,-32
   101da:	00000717          	auipc	a4,0x0
   101de:	f9a70713          	addi	a4,a4,-102 # 10174 <stdio_exit_handler>
   101e2:	ce06                	sw	ra,28(sp)
   101e4:	cc22                	sw	s0,24(sp)
   101e6:	4791                	li	a5,4
   101e8:	51018413          	addi	s0,gp,1296 # 7e6a4 <__sf>
   101ec:	ca26                	sw	s1,20(sp)
   101ee:	c84a                	sw	s2,16(sp)
   101f0:	c64e                	sw	s3,12(sp)
   101f2:	c452                	sw	s4,8(sp)
   101f4:	4621                	li	a2,8
   101f6:	4581                	li	a1,0
   101f8:	56c18513          	addi	a0,gp,1388 # 7e700 <__sf+0x5c>
   101fc:	4ce1aa23          	sw	a4,1236(gp) # 7e668 <__stdio_exit_handler>
   10200:	00001a17          	auipc	s4,0x1
   10204:	a1ea0a13          	addi	s4,s4,-1506 # 10c1e <__sread>
   10208:	c45c                	sw	a5,12(s0)
   1020a:	00001997          	auipc	s3,0x1
   1020e:	a4c98993          	addi	s3,s3,-1460 # 10c56 <__swrite>
   10212:	00042023          	sw	zero,0(s0)
   10216:	00001917          	auipc	s2,0x1
   1021a:	a8e90913          	addi	s2,s2,-1394 # 10ca4 <__sseek>
   1021e:	00042223          	sw	zero,4(s0)
   10222:	00001497          	auipc	s1,0x1
   10226:	abc48493          	addi	s1,s1,-1348 # 10cde <__sclose>
   1022a:	00042423          	sw	zero,8(s0)
   1022e:	06042223          	sw	zero,100(s0)
   10232:	00042823          	sw	zero,16(s0)
   10236:	00042a23          	sw	zero,20(s0)
   1023a:	00042c23          	sw	zero,24(s0)
   1023e:	0bb000ef          	jal	10af8 <memset>
   10242:	67c1                	lui	a5,0x10
   10244:	4621                	li	a2,8
   10246:	07a5                	addi	a5,a5,9 # 10009 <register_fini-0xab>
   10248:	4581                	li	a1,0
   1024a:	5d418513          	addi	a0,gp,1492 # 7e768 <__sf+0xc4>
   1024e:	d87c                	sw	a5,116(s0)
   10250:	03442023          	sw	s4,32(s0)
   10254:	03342223          	sw	s3,36(s0)
   10258:	03242423          	sw	s2,40(s0)
   1025c:	d444                	sw	s1,44(s0)
   1025e:	cc40                	sw	s0,28(s0)
   10260:	06042423          	sw	zero,104(s0)
   10264:	06042623          	sw	zero,108(s0)
   10268:	06042823          	sw	zero,112(s0)
   1026c:	0c042623          	sw	zero,204(s0)
   10270:	06042c23          	sw	zero,120(s0)
   10274:	06042e23          	sw	zero,124(s0)
   10278:	08042023          	sw	zero,128(s0)
   1027c:	07d000ef          	jal	10af8 <memset>
   10280:	000207b7          	lui	a5,0x20
   10284:	57818713          	addi	a4,gp,1400 # 7e70c <__sf+0x68>
   10288:	07c9                	addi	a5,a5,18 # 20012 <twiddleCoef_4096+0x1636>
   1028a:	4621                	li	a2,8
   1028c:	4581                	li	a1,0
   1028e:	63c18513          	addi	a0,gp,1596 # 7e7d0 <__sf+0x12c>
   10292:	09442423          	sw	s4,136(s0)
   10296:	09342623          	sw	s3,140(s0)
   1029a:	09242823          	sw	s2,144(s0)
   1029e:	08942a23          	sw	s1,148(s0)
   102a2:	0cf42e23          	sw	a5,220(s0)
   102a6:	0c042823          	sw	zero,208(s0)
   102aa:	0c042a23          	sw	zero,212(s0)
   102ae:	0c042c23          	sw	zero,216(s0)
   102b2:	12042a23          	sw	zero,308(s0)
   102b6:	0e042023          	sw	zero,224(s0)
   102ba:	0e042223          	sw	zero,228(s0)
   102be:	0e042423          	sw	zero,232(s0)
   102c2:	08e42223          	sw	a4,132(s0)
   102c6:	033000ef          	jal	10af8 <memset>
   102ca:	5e018793          	addi	a5,gp,1504 # 7e774 <__sf+0xd0>
   102ce:	0f442823          	sw	s4,240(s0)
   102d2:	0f342a23          	sw	s3,244(s0)
   102d6:	0f242c23          	sw	s2,248(s0)
   102da:	0e942e23          	sw	s1,252(s0)
   102de:	0ef42623          	sw	a5,236(s0)
   102e2:	40f2                	lw	ra,28(sp)
   102e4:	4462                	lw	s0,24(sp)
   102e6:	44d2                	lw	s1,20(sp)
   102e8:	4942                	lw	s2,16(sp)
   102ea:	49b2                	lw	s3,12(sp)
   102ec:	4a22                	lw	s4,8(sp)
   102ee:	6105                	addi	sp,sp,32
   102f0:	8082                	ret

000102f2 <__sfp>:
   102f2:	4d41a783          	lw	a5,1236(gp) # 7e668 <__stdio_exit_handler>
   102f6:	1101                	addi	sp,sp,-32
   102f8:	c64e                	sw	s3,12(sp)
   102fa:	89aa                	mv	s3,a0
   102fc:	ce06                	sw	ra,28(sp)
   102fe:	cc22                	sw	s0,24(sp)
   10300:	ca26                	sw	s1,20(sp)
   10302:	c84a                	sw	s2,16(sp)
   10304:	c7d5                	beqz	a5,103b0 <__sfp+0xbe>
   10306:	0006c917          	auipc	s2,0x6c
   1030a:	e1290913          	addi	s2,s2,-494 # 7c118 <__sglue>
   1030e:	54fd                	li	s1,-1
   10310:	00492783          	lw	a5,4(s2)
   10314:	00892403          	lw	s0,8(s2)
   10318:	17fd                	addi	a5,a5,-1
   1031a:	0007d763          	bgez	a5,10328 <__sfp+0x36>
   1031e:	a085                	j	1037e <__sfp+0x8c>
   10320:	06840413          	addi	s0,s0,104
   10324:	04978d63          	beq	a5,s1,1037e <__sfp+0x8c>
   10328:	00c41703          	lh	a4,12(s0)
   1032c:	17fd                	addi	a5,a5,-1
   1032e:	fb6d                	bnez	a4,10320 <__sfp+0x2e>
   10330:	77c1                	lui	a5,0xffff0
   10332:	06042223          	sw	zero,100(s0)
   10336:	0785                	addi	a5,a5,1 # ffff0001 <__BSS_END__+0xfff7166d>
   10338:	00042023          	sw	zero,0(s0)
   1033c:	00042423          	sw	zero,8(s0)
   10340:	4621                	li	a2,8
   10342:	00042223          	sw	zero,4(s0)
   10346:	4581                	li	a1,0
   10348:	00042823          	sw	zero,16(s0)
   1034c:	05c40513          	addi	a0,s0,92
   10350:	00042a23          	sw	zero,20(s0)
   10354:	00042c23          	sw	zero,24(s0)
   10358:	c45c                	sw	a5,12(s0)
   1035a:	79e000ef          	jal	10af8 <memset>
   1035e:	02042823          	sw	zero,48(s0)
   10362:	02042a23          	sw	zero,52(s0)
   10366:	04042223          	sw	zero,68(s0)
   1036a:	04042423          	sw	zero,72(s0)
   1036e:	8522                	mv	a0,s0
   10370:	40f2                	lw	ra,28(sp)
   10372:	4462                	lw	s0,24(sp)
   10374:	44d2                	lw	s1,20(sp)
   10376:	4942                	lw	s2,16(sp)
   10378:	49b2                	lw	s3,12(sp)
   1037a:	6105                	addi	sp,sp,32
   1037c:	8082                	ret
   1037e:	00092403          	lw	s0,0(s2)
   10382:	c019                	beqz	s0,10388 <__sfp+0x96>
   10384:	8922                	mv	s2,s0
   10386:	b769                	j	10310 <__sfp+0x1e>
   10388:	1ac00593          	li	a1,428
   1038c:	854e                	mv	a0,s3
   1038e:	20d5                	jal	10472 <_malloc_r>
   10390:	842a                	mv	s0,a0
   10392:	c10d                	beqz	a0,103b4 <__sfp+0xc2>
   10394:	4791                	li	a5,4
   10396:	0531                	addi	a0,a0,12
   10398:	00042023          	sw	zero,0(s0)
   1039c:	1a000613          	li	a2,416
   103a0:	c05c                	sw	a5,4(s0)
   103a2:	4581                	li	a1,0
   103a4:	c408                	sw	a0,8(s0)
   103a6:	2f89                	jal	10af8 <memset>
   103a8:	00892023          	sw	s0,0(s2)
   103ac:	8922                	mv	s2,s0
   103ae:	b78d                	j	10310 <__sfp+0x1e>
   103b0:	3525                	jal	101d8 <global_stdio_init.part.0>
   103b2:	bf91                	j	10306 <__sfp+0x14>
   103b4:	00092023          	sw	zero,0(s2)
   103b8:	47b1                	li	a5,12
   103ba:	00f9a023          	sw	a5,0(s3)
   103be:	bf45                	j	1036e <__sfp+0x7c>

000103c0 <__sinit>:
   103c0:	595c                	lw	a5,52(a0)
   103c2:	c391                	beqz	a5,103c6 <__sinit+0x6>
   103c4:	8082                	ret
   103c6:	4d41a783          	lw	a5,1236(gp) # 7e668 <__stdio_exit_handler>
   103ca:	00000717          	auipc	a4,0x0
   103ce:	dc670713          	addi	a4,a4,-570 # 10190 <cleanup_stdio>
   103d2:	d958                	sw	a4,52(a0)
   103d4:	fbe5                	bnez	a5,103c4 <__sinit+0x4>
   103d6:	b509                	j	101d8 <global_stdio_init.part.0>

000103d8 <__sfp_lock_acquire>:
   103d8:	8082                	ret

000103da <__sfp_lock_release>:
   103da:	8082                	ret

000103dc <__fp_lock_all>:
   103dc:	0006c617          	auipc	a2,0x6c
   103e0:	d3c60613          	addi	a2,a2,-708 # 7c118 <__sglue>
   103e4:	00000597          	auipc	a1,0x0
   103e8:	d8c58593          	addi	a1,a1,-628 # 10170 <__fp_lock>
   103ec:	4501                	li	a0,0
   103ee:	7b20006f          	j	10ba0 <_fwalk_sglue>

000103f2 <__fp_unlock_all>:
   103f2:	0006c617          	auipc	a2,0x6c
   103f6:	d2660613          	addi	a2,a2,-730 # 7c118 <__sglue>
   103fa:	00000597          	auipc	a1,0x0
   103fe:	dda58593          	addi	a1,a1,-550 # 101d4 <__fp_unlock>
   10402:	4501                	li	a0,0
   10404:	79c0006f          	j	10ba0 <_fwalk_sglue>

00010408 <__libc_init_array>:
   10408:	1141                	addi	sp,sp,-16
   1040a:	0006c797          	auipc	a5,0x6c
   1040e:	d0278793          	addi	a5,a5,-766 # 7c10c <__init_array_start>
   10412:	c606                	sw	ra,12(sp)
   10414:	c422                	sw	s0,8(sp)
   10416:	0006c417          	auipc	s0,0x6c
   1041a:	cf640413          	addi	s0,s0,-778 # 7c10c <__init_array_start>
   1041e:	c226                	sw	s1,4(sp)
   10420:	c04a                	sw	s2,0(sp)
   10422:	40878933          	sub	s2,a5,s0
   10426:	00878b63          	beq	a5,s0,1043c <__libc_init_array+0x34>
   1042a:	40295913          	srai	s2,s2,0x2
   1042e:	4481                	li	s1,0
   10430:	401c                	lw	a5,0(s0)
   10432:	0485                	addi	s1,s1,1
   10434:	0411                	addi	s0,s0,4
   10436:	9782                	jalr	a5
   10438:	ff24ece3          	bltu	s1,s2,10430 <__libc_init_array+0x28>
   1043c:	0006c797          	auipc	a5,0x6c
   10440:	cd878793          	addi	a5,a5,-808 # 7c114 <__do_global_dtors_aux_fini_array_entry>
   10444:	0006c417          	auipc	s0,0x6c
   10448:	cc840413          	addi	s0,s0,-824 # 7c10c <__init_array_start>
   1044c:	40878933          	sub	s2,a5,s0
   10450:	40295913          	srai	s2,s2,0x2
   10454:	00878963          	beq	a5,s0,10466 <__libc_init_array+0x5e>
   10458:	4481                	li	s1,0
   1045a:	401c                	lw	a5,0(s0)
   1045c:	0485                	addi	s1,s1,1
   1045e:	0411                	addi	s0,s0,4
   10460:	9782                	jalr	a5
   10462:	ff24ece3          	bltu	s1,s2,1045a <__libc_init_array+0x52>
   10466:	40b2                	lw	ra,12(sp)
   10468:	4422                	lw	s0,8(sp)
   1046a:	4492                	lw	s1,4(sp)
   1046c:	4902                	lw	s2,0(sp)
   1046e:	0141                	addi	sp,sp,16
   10470:	8082                	ret

00010472 <_malloc_r>:
   10472:	7179                	addi	sp,sp,-48
   10474:	4759                	li	a4,22
   10476:	d226                	sw	s1,36(sp)
   10478:	d04a                	sw	s2,32(sp)
   1047a:	00b58793          	addi	a5,a1,11
   1047e:	d606                	sw	ra,44(sp)
   10480:	d422                	sw	s0,40(sp)
   10482:	892a                	mv	s2,a0
   10484:	ce4e                	sw	s3,28(sp)
   10486:	04f76863          	bltu	a4,a5,104d6 <_malloc_r+0x64>
   1048a:	44c1                	li	s1,16
   1048c:	16b4e263          	bltu	s1,a1,105f0 <_malloc_r+0x17e>
   10490:	2fbd                	jal	10c0e <__malloc_lock>
   10492:	47e1                	li	a5,24
   10494:	4589                	li	a1,2
   10496:	0006c997          	auipc	s3,0x6c
   1049a:	c8e98993          	addi	s3,s3,-882 # 7c124 <__malloc_av_>
   1049e:	97ce                	add	a5,a5,s3
   104a0:	43c0                	lw	s0,4(a5)
   104a2:	ff878713          	addi	a4,a5,-8
   104a6:	38e40863          	beq	s0,a4,10836 <_malloc_r+0x3c4>
   104aa:	405c                	lw	a5,4(s0)
   104ac:	854a                	mv	a0,s2
   104ae:	4454                	lw	a3,12(s0)
   104b0:	4410                	lw	a2,8(s0)
   104b2:	9bf1                	andi	a5,a5,-4
   104b4:	97a2                	add	a5,a5,s0
   104b6:	43d8                	lw	a4,4(a5)
   104b8:	c654                	sw	a3,12(a2)
   104ba:	c690                	sw	a2,8(a3)
   104bc:	00176713          	ori	a4,a4,1
   104c0:	c3d8                	sw	a4,4(a5)
   104c2:	27b9                	jal	10c10 <__malloc_unlock>
   104c4:	5492                	lw	s1,36(sp)
   104c6:	5902                	lw	s2,32(sp)
   104c8:	00840513          	addi	a0,s0,8
   104cc:	50b2                	lw	ra,44(sp)
   104ce:	5422                	lw	s0,40(sp)
   104d0:	49f2                	lw	s3,28(sp)
   104d2:	6145                	addi	sp,sp,48
   104d4:	8082                	ret
   104d6:	ff87f493          	andi	s1,a5,-8
   104da:	1007cb63          	bltz	a5,105f0 <_malloc_r+0x17e>
   104de:	10b4e963          	bltu	s1,a1,105f0 <_malloc_r+0x17e>
   104e2:	2735                	jal	10c0e <__malloc_lock>
   104e4:	1f700793          	li	a5,503
   104e8:	3c97fd63          	bgeu	a5,s1,108c2 <_malloc_r+0x450>
   104ec:	0094d793          	srli	a5,s1,0x9
   104f0:	20000613          	li	a2,512
   104f4:	04000593          	li	a1,64
   104f8:	03f00813          	li	a6,63
   104fc:	10079563          	bnez	a5,10606 <_malloc_r+0x194>
   10500:	0006c997          	auipc	s3,0x6c
   10504:	c2498993          	addi	s3,s3,-988 # 7c124 <__malloc_av_>
   10508:	453d                	li	a0,15
   1050a:	964e                	add	a2,a2,s3
   1050c:	4240                	lw	s0,4(a2)
   1050e:	1661                	addi	a2,a2,-8
   10510:	00861963          	bne	a2,s0,10522 <_malloc_r+0xb0>
   10514:	a831                	j	10530 <_malloc_r+0xbe>
   10516:	4454                	lw	a3,12(s0)
   10518:	2e075c63          	bgez	a4,10810 <_malloc_r+0x39e>
   1051c:	00d60a63          	beq	a2,a3,10530 <_malloc_r+0xbe>
   10520:	8436                	mv	s0,a3
   10522:	405c                	lw	a5,4(s0)
   10524:	9bf1                	andi	a5,a5,-4
   10526:	40978733          	sub	a4,a5,s1
   1052a:	fee556e3          	bge	a0,a4,10516 <_malloc_r+0xa4>
   1052e:	85c2                	mv	a1,a6
   10530:	0109a403          	lw	s0,16(s3)
   10534:	0006c897          	auipc	a7,0x6c
   10538:	bf888893          	addi	a7,a7,-1032 # 7c12c <__malloc_av_+0x8>
   1053c:	27140e63          	beq	s0,a7,107b8 <_malloc_r+0x346>
   10540:	405c                	lw	a5,4(s0)
   10542:	46bd                	li	a3,15
   10544:	9bf1                	andi	a5,a5,-4
   10546:	40978733          	sub	a4,a5,s1
   1054a:	38e6c163          	blt	a3,a4,108cc <_malloc_r+0x45a>
   1054e:	0119aa23          	sw	a7,20(s3)
   10552:	0119a823          	sw	a7,16(s3)
   10556:	12075763          	bgez	a4,10684 <_malloc_r+0x212>
   1055a:	1ff00713          	li	a4,511
   1055e:	0049a803          	lw	a6,4(s3)
   10562:	2cf76f63          	bltu	a4,a5,10840 <_malloc_r+0x3ce>
   10566:	ff87f713          	andi	a4,a5,-8
   1056a:	8395                	srli	a5,a5,0x5
   1056c:	0721                	addi	a4,a4,8
   1056e:	28f017b3          	bset	a5,zero,a5
   10572:	974e                	add	a4,a4,s3
   10574:	00f86833          	or	a6,a6,a5
   10578:	431c                	lw	a5,0(a4)
   1057a:	ff870693          	addi	a3,a4,-8
   1057e:	0109a223          	sw	a6,4(s3)
   10582:	c454                	sw	a3,12(s0)
   10584:	c41c                	sw	a5,8(s0)
   10586:	c300                	sw	s0,0(a4)
   10588:	c7c0                	sw	s0,12(a5)
   1058a:	4025d613          	srai	a2,a1,0x2
   1058e:	28c01633          	bset	a2,zero,a2
   10592:	10c86363          	bltu	a6,a2,10698 <_malloc_r+0x226>
   10596:	010677b3          	and	a5,a2,a6
   1059a:	ef81                	bnez	a5,105b2 <_malloc_r+0x140>
   1059c:	0606                	slli	a2,a2,0x1
   1059e:	99f1                	andi	a1,a1,-4
   105a0:	010677b3          	and	a5,a2,a6
   105a4:	0591                	addi	a1,a1,4
   105a6:	e791                	bnez	a5,105b2 <_malloc_r+0x140>
   105a8:	0606                	slli	a2,a2,0x1
   105aa:	0591                	addi	a1,a1,4
   105ac:	010677b3          	and	a5,a2,a6
   105b0:	dfe5                	beqz	a5,105a8 <_malloc_r+0x136>
   105b2:	483d                	li	a6,15
   105b4:	2135ee33          	sh3add	t3,a1,s3
   105b8:	832e                	mv	t1,a1
   105ba:	8572                	mv	a0,t3
   105bc:	455c                	lw	a5,12(a0)
   105be:	2cf50263          	beq	a0,a5,10882 <_malloc_r+0x410>
   105c2:	43d8                	lw	a4,4(a5)
   105c4:	843e                	mv	s0,a5
   105c6:	47dc                	lw	a5,12(a5)
   105c8:	9b71                	andi	a4,a4,-4
   105ca:	409706b3          	sub	a3,a4,s1
   105ce:	2cd84163          	blt	a6,a3,10890 <_malloc_r+0x41e>
   105d2:	fe06c6e3          	bltz	a3,105be <_malloc_r+0x14c>
   105d6:	9722                	add	a4,a4,s0
   105d8:	4410                	lw	a2,8(s0)
   105da:	4354                	lw	a3,4(a4)
   105dc:	854a                	mv	a0,s2
   105de:	0016e693          	ori	a3,a3,1
   105e2:	c354                	sw	a3,4(a4)
   105e4:	c65c                	sw	a5,12(a2)
   105e6:	c790                	sw	a2,8(a5)
   105e8:	2525                	jal	10c10 <__malloc_unlock>
   105ea:	00840513          	addi	a0,s0,8
   105ee:	a029                	j	105f8 <_malloc_r+0x186>
   105f0:	47b1                	li	a5,12
   105f2:	00f92023          	sw	a5,0(s2)
   105f6:	4501                	li	a0,0
   105f8:	50b2                	lw	ra,44(sp)
   105fa:	5422                	lw	s0,40(sp)
   105fc:	5492                	lw	s1,36(sp)
   105fe:	5902                	lw	s2,32(sp)
   10600:	49f2                	lw	s3,28(sp)
   10602:	6145                	addi	sp,sp,48
   10604:	8082                	ret
   10606:	0064d813          	srli	a6,s1,0x6
   1060a:	4711                	li	a4,4
   1060c:	03980593          	addi	a1,a6,57
   10610:	03880813          	addi	a6,a6,56
   10614:	00359613          	slli	a2,a1,0x3
   10618:	eef774e3          	bgeu	a4,a5,10500 <_malloc_r+0x8e>
   1061c:	05c78593          	addi	a1,a5,92
   10620:	4751                	li	a4,20
   10622:	05b78813          	addi	a6,a5,91
   10626:	00359613          	slli	a2,a1,0x3
   1062a:	ecf77be3          	bgeu	a4,a5,10500 <_malloc_r+0x8e>
   1062e:	00c4d813          	srli	a6,s1,0xc
   10632:	05400713          	li	a4,84
   10636:	06f80593          	addi	a1,a6,111
   1063a:	06e80813          	addi	a6,a6,110
   1063e:	00359613          	slli	a2,a1,0x3
   10642:	eaf77fe3          	bgeu	a4,a5,10500 <_malloc_r+0x8e>
   10646:	00f4d813          	srli	a6,s1,0xf
   1064a:	15400713          	li	a4,340
   1064e:	07880593          	addi	a1,a6,120
   10652:	07780813          	addi	a6,a6,119
   10656:	00359613          	slli	a2,a1,0x3
   1065a:	eaf773e3          	bgeu	a4,a5,10500 <_malloc_r+0x8e>
   1065e:	55400713          	li	a4,1364
   10662:	3f800613          	li	a2,1016
   10666:	07f00593          	li	a1,127
   1066a:	07e00813          	li	a6,126
   1066e:	e8f769e3          	bltu	a4,a5,10500 <_malloc_r+0x8e>
   10672:	0124d813          	srli	a6,s1,0x12
   10676:	07d80593          	addi	a1,a6,125
   1067a:	07c80813          	addi	a6,a6,124
   1067e:	00359613          	slli	a2,a1,0x3
   10682:	bdbd                	j	10500 <_malloc_r+0x8e>
   10684:	97a2                	add	a5,a5,s0
   10686:	854a                	mv	a0,s2
   10688:	43d8                	lw	a4,4(a5)
   1068a:	00176713          	ori	a4,a4,1
   1068e:	c3d8                	sw	a4,4(a5)
   10690:	2341                	jal	10c10 <__malloc_unlock>
   10692:	00840513          	addi	a0,s0,8
   10696:	b78d                	j	105f8 <_malloc_r+0x186>
   10698:	0089a403          	lw	s0,8(s3)
   1069c:	c85a                	sw	s6,16(sp)
   1069e:	00442b03          	lw	s6,4(s0)
   106a2:	ffcb7b13          	andi	s6,s6,-4
   106a6:	009b6763          	bltu	s6,s1,106b4 <_malloc_r+0x242>
   106aa:	409b07b3          	sub	a5,s6,s1
   106ae:	473d                	li	a4,15
   106b0:	12f74b63          	blt	a4,a5,107e6 <_malloc_r+0x374>
   106b4:	4e01a703          	lw	a4,1248(gp) # 7e674 <__malloc_top_pad>
   106b8:	6785                	lui	a5,0x1
   106ba:	c266                	sw	s9,4(sp)
   106bc:	4c018c93          	addi	s9,gp,1216 # 7e654 <__malloc_sbrk_base>
   106c0:	cc52                	sw	s4,24(sp)
   106c2:	07bd                	addi	a5,a5,15 # 100f <register_fini-0xf0a5>
   106c4:	000caa03          	lw	s4,0(s9)
   106c8:	854a                	mv	a0,s2
   106ca:	9726                	add	a4,a4,s1
   106cc:	ca56                	sw	s5,20(sp)
   106ce:	97ba                	add	a5,a5,a4
   106d0:	0741                	addi	a4,a4,16
   106d2:	8007f793          	andi	a5,a5,-2048
   106d6:	c65e                	sw	s7,12(sp)
   106d8:	48b79793          	bclri	a5,a5,0xb
   106dc:	0a05                	addi	s4,s4,1
   106de:	7747ba0b          	ccmov	s4,s4,a5,a4
   106e2:	c462                	sw	s8,8(sp)
   106e4:	85d2                	mv	a1,s4
   106e6:	5c7d                	li	s8,-1
   106e8:	1fb000ef          	jal	110e2 <_sbrk_r>
   106ec:	01640ab3          	add	s5,s0,s6
   106f0:	8baa                	mv	s7,a0
   106f2:	0d850863          	beq	a0,s8,107c2 <_malloc_r+0x350>
   106f6:	0d556463          	bltu	a0,s5,107be <_malloc_r+0x34c>
   106fa:	64818c13          	addi	s8,gp,1608 # 7e7dc <__malloc_current_mallinfo>
   106fe:	000c2583          	lw	a1,0(s8)
   10702:	95d2                	add	a1,a1,s4
   10704:	00bc2023          	sw	a1,0(s8)
   10708:	872e                	mv	a4,a1
   1070a:	2aaa8c63          	beq	s5,a0,109c2 <_malloc_r+0x550>
   1070e:	000ca683          	lw	a3,0(s9)
   10712:	57fd                	li	a5,-1
   10714:	2cf68363          	beq	a3,a5,109da <_malloc_r+0x568>
   10718:	415b87b3          	sub	a5,s7,s5
   1071c:	97ba                	add	a5,a5,a4
   1071e:	00fc2023          	sw	a5,0(s8)
   10722:	007bfc93          	andi	s9,s7,7
   10726:	220c8e63          	beqz	s9,10962 <_malloc_r+0x4f0>
   1072a:	419b8bb3          	sub	s7,s7,s9
   1072e:	6585                	lui	a1,0x1
   10730:	0ba1                	addi	s7,s7,8
   10732:	05a1                	addi	a1,a1,8 # 1008 <register_fini-0xf0ac>
   10734:	9a5e                	add	s4,s4,s7
   10736:	419585b3          	sub	a1,a1,s9
   1073a:	414585b3          	sub	a1,a1,s4
   1073e:	854a                	mv	a0,s2
   10740:	05d2                	slli	a1,a1,0x14
   10742:	0145da93          	srli	s5,a1,0x14
   10746:	85d6                	mv	a1,s5
   10748:	19b000ef          	jal	110e2 <_sbrk_r>
   1074c:	57fd                	li	a5,-1
   1074e:	2af50563          	beq	a0,a5,109f8 <_malloc_r+0x586>
   10752:	41750533          	sub	a0,a0,s7
   10756:	01550a33          	add	s4,a0,s5
   1075a:	000c2783          	lw	a5,0(s8)
   1075e:	001a6a13          	ori	s4,s4,1
   10762:	0179a423          	sw	s7,8(s3)
   10766:	014ba223          	sw	s4,4(s7)
   1076a:	00fa85b3          	add	a1,s5,a5
   1076e:	00bc2023          	sw	a1,0(s8)
   10772:	03340563          	beq	s0,s3,1079c <_malloc_r+0x32a>
   10776:	46bd                	li	a3,15
   10778:	2166f563          	bgeu	a3,s6,10982 <_malloc_r+0x510>
   1077c:	4058                	lw	a4,4(s0)
   1077e:	ff4b0793          	addi	a5,s6,-12
   10782:	9be1                	andi	a5,a5,-8
   10784:	4515                	li	a0,5
   10786:	00f40633          	add	a2,s0,a5
   1078a:	8b05                	andi	a4,a4,1
   1078c:	8f5d                	or	a4,a4,a5
   1078e:	c058                	sw	a4,4(s0)
   10790:	c248                	sw	a0,4(a2)
   10792:	c608                	sw	a0,8(a2)
   10794:	1af6e563          	bltu	a3,a5,1093e <_malloc_r+0x4cc>
   10798:	004baa03          	lw	s4,4(s7)
   1079c:	4dc18793          	addi	a5,gp,1244 # 7e670 <__malloc_max_sbrked_mem>
   107a0:	4398                	lw	a4,0(a5)
   107a2:	00b77363          	bgeu	a4,a1,107a8 <_malloc_r+0x336>
   107a6:	c38c                	sw	a1,0(a5)
   107a8:	4d818793          	addi	a5,gp,1240 # 7e66c <__malloc_max_total_mem>
   107ac:	4398                	lw	a4,0(a5)
   107ae:	00b77363          	bgeu	a4,a1,107b4 <_malloc_r+0x342>
   107b2:	c38c                	sw	a1,0(a5)
   107b4:	845e                	mv	s0,s7
   107b6:	a811                	j	107ca <_malloc_r+0x358>
   107b8:	0049a803          	lw	a6,4(s3)
   107bc:	b3f9                	j	1058a <_malloc_r+0x118>
   107be:	1f340a63          	beq	s0,s3,109b2 <_malloc_r+0x540>
   107c2:	0089a403          	lw	s0,8(s3)
   107c6:	00442a03          	lw	s4,4(s0)
   107ca:	ffca7a13          	andi	s4,s4,-4
   107ce:	409a07b3          	sub	a5,s4,s1
   107d2:	1a9a6b63          	bltu	s4,s1,10988 <_malloc_r+0x516>
   107d6:	473d                	li	a4,15
   107d8:	1af75863          	bge	a4,a5,10988 <_malloc_r+0x516>
   107dc:	4a62                	lw	s4,24(sp)
   107de:	4ad2                	lw	s5,20(sp)
   107e0:	4bb2                	lw	s7,12(sp)
   107e2:	4c22                	lw	s8,8(sp)
   107e4:	4c92                	lw	s9,4(sp)
   107e6:	0014e713          	ori	a4,s1,1
   107ea:	94a2                	add	s1,s1,s0
   107ec:	c058                	sw	a4,4(s0)
   107ee:	0017e793          	ori	a5,a5,1
   107f2:	0099a423          	sw	s1,8(s3)
   107f6:	854a                	mv	a0,s2
   107f8:	c0dc                	sw	a5,4(s1)
   107fa:	2919                	jal	10c10 <__malloc_unlock>
   107fc:	4b42                	lw	s6,16(sp)
   107fe:	00840513          	addi	a0,s0,8
   10802:	50b2                	lw	ra,44(sp)
   10804:	5422                	lw	s0,40(sp)
   10806:	5492                	lw	s1,36(sp)
   10808:	5902                	lw	s2,32(sp)
   1080a:	49f2                	lw	s3,28(sp)
   1080c:	6145                	addi	sp,sp,48
   1080e:	8082                	ret
   10810:	4410                	lw	a2,8(s0)
   10812:	97a2                	add	a5,a5,s0
   10814:	43d8                	lw	a4,4(a5)
   10816:	854a                	mv	a0,s2
   10818:	c654                	sw	a3,12(a2)
   1081a:	c690                	sw	a2,8(a3)
   1081c:	00176713          	ori	a4,a4,1
   10820:	c3d8                	sw	a4,4(a5)
   10822:	26fd                	jal	10c10 <__malloc_unlock>
   10824:	5492                	lw	s1,36(sp)
   10826:	5902                	lw	s2,32(sp)
   10828:	00840513          	addi	a0,s0,8
   1082c:	50b2                	lw	ra,44(sp)
   1082e:	5422                	lw	s0,40(sp)
   10830:	49f2                	lw	s3,28(sp)
   10832:	6145                	addi	sp,sp,48
   10834:	8082                	ret
   10836:	47c0                	lw	s0,12(a5)
   10838:	0589                	addi	a1,a1,2
   1083a:	ce878be3          	beq	a5,s0,10530 <_malloc_r+0xbe>
   1083e:	b1b5                	j	104aa <_malloc_r+0x38>
   10840:	0097d713          	srli	a4,a5,0x9
   10844:	4691                	li	a3,4
   10846:	0ae6f963          	bgeu	a3,a4,108f8 <_malloc_r+0x486>
   1084a:	46d1                	li	a3,20
   1084c:	14e6e763          	bltu	a3,a4,1099a <_malloc_r+0x528>
   10850:	05c70613          	addi	a2,a4,92
   10854:	05b70693          	addi	a3,a4,91
   10858:	060e                	slli	a2,a2,0x3
   1085a:	964e                	add	a2,a2,s3
   1085c:	4218                	lw	a4,0(a2)
   1085e:	1661                	addi	a2,a2,-8
   10860:	00e61663          	bne	a2,a4,1086c <_malloc_r+0x3fa>
   10864:	a0f5                	j	10950 <_malloc_r+0x4de>
   10866:	872a                	mv	a4,a0
   10868:	00a60763          	beq	a2,a0,10876 <_malloc_r+0x404>
   1086c:	4354                	lw	a3,4(a4)
   1086e:	4708                	lw	a0,8(a4)
   10870:	9af1                	andi	a3,a3,-4
   10872:	fed7eae3          	bltu	a5,a3,10866 <_malloc_r+0x3f4>
   10876:	4750                	lw	a2,12(a4)
   10878:	c450                	sw	a2,12(s0)
   1087a:	c418                	sw	a4,8(s0)
   1087c:	c600                	sw	s0,8(a2)
   1087e:	c740                	sw	s0,12(a4)
   10880:	b329                	j	1058a <_malloc_r+0x118>
   10882:	0305                	addi	t1,t1,1 # 1014b <frame_dummy+0x13>
   10884:	0521                	addi	a0,a0,8
   10886:	00337793          	andi	a5,t1,3
   1088a:	c7c1                	beqz	a5,10912 <_malloc_r+0x4a0>
   1088c:	455c                	lw	a5,12(a0)
   1088e:	bb05                	j	105be <_malloc_r+0x14c>
   10890:	4410                	lw	a2,8(s0)
   10892:	0014e593          	ori	a1,s1,1
   10896:	c04c                	sw	a1,4(s0)
   10898:	94a2                	add	s1,s1,s0
   1089a:	0016e593          	ori	a1,a3,1
   1089e:	9722                	add	a4,a4,s0
   108a0:	854a                	mv	a0,s2
   108a2:	c65c                	sw	a5,12(a2)
   108a4:	c790                	sw	a2,8(a5)
   108a6:	0099aa23          	sw	s1,20(s3)
   108aa:	0099a823          	sw	s1,16(s3)
   108ae:	0114a623          	sw	a7,12(s1)
   108b2:	0114a423          	sw	a7,8(s1)
   108b6:	c0cc                	sw	a1,4(s1)
   108b8:	c314                	sw	a3,0(a4)
   108ba:	2e99                	jal	10c10 <__malloc_unlock>
   108bc:	00840513          	addi	a0,s0,8
   108c0:	bb25                	j	105f8 <_malloc_r+0x186>
   108c2:	0034d593          	srli	a1,s1,0x3
   108c6:	00848793          	addi	a5,s1,8
   108ca:	b6f1                	j	10496 <_malloc_r+0x24>
   108cc:	0014e693          	ori	a3,s1,1
   108d0:	94a2                	add	s1,s1,s0
   108d2:	c054                	sw	a3,4(s0)
   108d4:	00176693          	ori	a3,a4,1
   108d8:	0099aa23          	sw	s1,20(s3)
   108dc:	97a2                	add	a5,a5,s0
   108de:	0099a823          	sw	s1,16(s3)
   108e2:	854a                	mv	a0,s2
   108e4:	0114a623          	sw	a7,12(s1)
   108e8:	0114a423          	sw	a7,8(s1)
   108ec:	c0d4                	sw	a3,4(s1)
   108ee:	c398                	sw	a4,0(a5)
   108f0:	2605                	jal	10c10 <__malloc_unlock>
   108f2:	00840513          	addi	a0,s0,8
   108f6:	b309                	j	105f8 <_malloc_r+0x186>
   108f8:	0067d713          	srli	a4,a5,0x6
   108fc:	03970613          	addi	a2,a4,57
   10900:	03870693          	addi	a3,a4,56
   10904:	060e                	slli	a2,a2,0x3
   10906:	bf91                	j	1085a <_malloc_r+0x3e8>
   10908:	008e2783          	lw	a5,8(t3)
   1090c:	15fd                	addi	a1,a1,-1
   1090e:	11c79b63          	bne	a5,t3,10a24 <_malloc_r+0x5b2>
   10912:	0035f793          	andi	a5,a1,3
   10916:	1e61                	addi	t3,t3,-8
   10918:	fbe5                	bnez	a5,10908 <_malloc_r+0x496>
   1091a:	0049a783          	lw	a5,4(s3)
   1091e:	40c7f7b3          	andn	a5,a5,a2
   10922:	00f9a223          	sw	a5,4(s3)
   10926:	0606                	slli	a2,a2,0x1
   10928:	d6c7e8e3          	bltu	a5,a2,10698 <_malloc_r+0x226>
   1092c:	e601                	bnez	a2,10934 <_malloc_r+0x4c2>
   1092e:	b3ad                	j	10698 <_malloc_r+0x226>
   10930:	0606                	slli	a2,a2,0x1
   10932:	0311                	addi	t1,t1,4
   10934:	00f67733          	and	a4,a2,a5
   10938:	df65                	beqz	a4,10930 <_malloc_r+0x4be>
   1093a:	859a                	mv	a1,t1
   1093c:	b9a5                	j	105b4 <_malloc_r+0x142>
   1093e:	00840593          	addi	a1,s0,8
   10942:	854a                	mv	a0,s2
   10944:	21f5                	jal	10e30 <_free_r>
   10946:	0089ab83          	lw	s7,8(s3)
   1094a:	000c2583          	lw	a1,0(s8)
   1094e:	b5a9                	j	10798 <_malloc_r+0x326>
   10950:	4026d793          	srai	a5,a3,0x2
   10954:	28f017b3          	bset	a5,zero,a5
   10958:	00f86833          	or	a6,a6,a5
   1095c:	0109a223          	sw	a6,4(s3)
   10960:	bf21                	j	10878 <_malloc_r+0x406>
   10962:	014b85b3          	add	a1,s7,s4
   10966:	854a                	mv	a0,s2
   10968:	40b005b3          	neg	a1,a1
   1096c:	05d2                	slli	a1,a1,0x14
   1096e:	0145da93          	srli	s5,a1,0x14
   10972:	85d6                	mv	a1,s5
   10974:	76e000ef          	jal	110e2 <_sbrk_r>
   10978:	57fd                	li	a5,-1
   1097a:	dcf51ce3          	bne	a0,a5,10752 <_malloc_r+0x2e0>
   1097e:	4a81                	li	s5,0
   10980:	bbe9                	j	1075a <_malloc_r+0x2e8>
   10982:	4785                	li	a5,1
   10984:	00fba223          	sw	a5,4(s7)
   10988:	854a                	mv	a0,s2
   1098a:	2459                	jal	10c10 <__malloc_unlock>
   1098c:	4a62                	lw	s4,24(sp)
   1098e:	4ad2                	lw	s5,20(sp)
   10990:	4b42                	lw	s6,16(sp)
   10992:	4bb2                	lw	s7,12(sp)
   10994:	4c22                	lw	s8,8(sp)
   10996:	4c92                	lw	s9,4(sp)
   10998:	b9b9                	j	105f6 <_malloc_r+0x184>
   1099a:	05400693          	li	a3,84
   1099e:	04e6e163          	bltu	a3,a4,109e0 <_malloc_r+0x56e>
   109a2:	00c7d713          	srli	a4,a5,0xc
   109a6:	06f70613          	addi	a2,a4,111
   109aa:	06e70693          	addi	a3,a4,110
   109ae:	060e                	slli	a2,a2,0x3
   109b0:	b56d                	j	1085a <_malloc_r+0x3e8>
   109b2:	64818c13          	addi	s8,gp,1608 # 7e7dc <__malloc_current_mallinfo>
   109b6:	000c2703          	lw	a4,0(s8)
   109ba:	9752                	add	a4,a4,s4
   109bc:	00ec2023          	sw	a4,0(s8)
   109c0:	b3b9                	j	1070e <_malloc_r+0x29c>
   109c2:	01451793          	slli	a5,a0,0x14
   109c6:	d40794e3          	bnez	a5,1070e <_malloc_r+0x29c>
   109ca:	0089ab83          	lw	s7,8(s3)
   109ce:	9a5a                	add	s4,s4,s6
   109d0:	001a6a13          	ori	s4,s4,1
   109d4:	014ba223          	sw	s4,4(s7)
   109d8:	b3d1                	j	1079c <_malloc_r+0x32a>
   109da:	017ca023          	sw	s7,0(s9)
   109de:	b391                	j	10722 <_malloc_r+0x2b0>
   109e0:	15400693          	li	a3,340
   109e4:	02e6e063          	bltu	a3,a4,10a04 <_malloc_r+0x592>
   109e8:	00f7d713          	srli	a4,a5,0xf
   109ec:	07870613          	addi	a2,a4,120
   109f0:	07770693          	addi	a3,a4,119
   109f4:	060e                	slli	a2,a2,0x3
   109f6:	b595                	j	1085a <_malloc_r+0x3e8>
   109f8:	1ce1                	addi	s9,s9,-8
   109fa:	4a81                	li	s5,0
   109fc:	9a66                	add	s4,s4,s9
   109fe:	417a0a33          	sub	s4,s4,s7
   10a02:	bba1                	j	1075a <_malloc_r+0x2e8>
   10a04:	55400513          	li	a0,1364
   10a08:	3f800613          	li	a2,1016
   10a0c:	07e00693          	li	a3,126
   10a10:	e4e565e3          	bltu	a0,a4,1085a <_malloc_r+0x3e8>
   10a14:	0127d713          	srli	a4,a5,0x12
   10a18:	07d70613          	addi	a2,a4,125
   10a1c:	07c70693          	addi	a3,a4,124
   10a20:	060e                	slli	a2,a2,0x3
   10a22:	bd25                	j	1085a <_malloc_r+0x3e8>
   10a24:	0049a783          	lw	a5,4(s3)
   10a28:	bdfd                	j	10926 <_malloc_r+0x4b4>

00010a2a <__call_exitprocs>:
   10a2a:	7179                	addi	sp,sp,-48
   10a2c:	cc52                	sw	s4,24(sp)
   10a2e:	4e418a13          	addi	s4,gp,1252 # 7e678 <__atexit>
   10a32:	d04a                	sw	s2,32(sp)
   10a34:	000a2903          	lw	s2,0(s4)
   10a38:	d606                	sw	ra,44(sp)
   10a3a:	04090363          	beqz	s2,10a80 <__call_exitprocs+0x56>
   10a3e:	d422                	sw	s0,40(sp)
   10a40:	d226                	sw	s1,36(sp)
   10a42:	c65e                	sw	s7,12(sp)
   10a44:	ce4e                	sw	s3,28(sp)
   10a46:	ca56                	sw	s5,20(sp)
   10a48:	aeae                	cm.mvsa01	s5,s3
   10a4a:	c85a                	sw	s6,16(sp)
   10a4c:	5b7d                	li	s6,-1
   10a4e:	00492483          	lw	s1,4(s2)
   10a52:	fff48413          	addi	s0,s1,-1
   10a56:	00044f63          	bltz	s0,10a74 <__call_exitprocs+0x4a>
   10a5a:	0485                	addi	s1,s1,1
   10a5c:	2124c4b3          	sh2add	s1,s1,s2
   10a60:	02098563          	beqz	s3,10a8a <__call_exitprocs+0x60>
   10a64:	1004a783          	lw	a5,256(s1)
   10a68:	03378163          	beq	a5,s3,10a8a <__call_exitprocs+0x60>
   10a6c:	147d                	addi	s0,s0,-1
   10a6e:	14f1                	addi	s1,s1,-4
   10a70:	ff641ae3          	bne	s0,s6,10a64 <__call_exitprocs+0x3a>
   10a74:	5422                	lw	s0,40(sp)
   10a76:	5492                	lw	s1,36(sp)
   10a78:	49f2                	lw	s3,28(sp)
   10a7a:	4ad2                	lw	s5,20(sp)
   10a7c:	4b42                	lw	s6,16(sp)
   10a7e:	4bb2                	lw	s7,12(sp)
   10a80:	50b2                	lw	ra,44(sp)
   10a82:	5902                	lw	s2,32(sp)
   10a84:	4a62                	lw	s4,24(sp)
   10a86:	6145                	addi	sp,sp,48
   10a88:	8082                	ret
   10a8a:	00492783          	lw	a5,4(s2)
   10a8e:	4098                	lw	a4,0(s1)
   10a90:	17fd                	addi	a5,a5,-1
   10a92:	04878d63          	beq	a5,s0,10aec <__call_exitprocs+0xc2>
   10a96:	0004a023          	sw	zero,0(s1)
   10a9a:	c31d                	beqz	a4,10ac0 <__call_exitprocs+0x96>
   10a9c:	18892683          	lw	a3,392(s2)
   10aa0:	288017b3          	bset	a5,zero,s0
   10aa4:	00492b83          	lw	s7,4(s2)
   10aa8:	4886d633          	bext	a2,a3,s0
   10aac:	ee19                	bnez	a2,10aca <__call_exitprocs+0xa0>
   10aae:	9702                	jalr	a4
   10ab0:	00492703          	lw	a4,4(s2)
   10ab4:	000a2783          	lw	a5,0(s4)
   10ab8:	03771763          	bne	a4,s7,10ae6 <__call_exitprocs+0xbc>
   10abc:	03279563          	bne	a5,s2,10ae6 <__call_exitprocs+0xbc>
   10ac0:	147d                	addi	s0,s0,-1
   10ac2:	14f1                	addi	s1,s1,-4
   10ac4:	f9641ee3          	bne	s0,s6,10a60 <__call_exitprocs+0x36>
   10ac8:	b775                	j	10a74 <__call_exitprocs+0x4a>
   10aca:	18c92683          	lw	a3,396(s2)
   10ace:	0804a583          	lw	a1,128(s1)
   10ad2:	8ff5                	and	a5,a5,a3
   10ad4:	ef99                	bnez	a5,10af2 <__call_exitprocs+0xc8>
   10ad6:	8556                	mv	a0,s5
   10ad8:	9702                	jalr	a4
   10ada:	00492703          	lw	a4,4(s2)
   10ade:	000a2783          	lw	a5,0(s4)
   10ae2:	fd770de3          	beq	a4,s7,10abc <__call_exitprocs+0x92>
   10ae6:	d7d9                	beqz	a5,10a74 <__call_exitprocs+0x4a>
   10ae8:	893e                	mv	s2,a5
   10aea:	b795                	j	10a4e <__call_exitprocs+0x24>
   10aec:	00892223          	sw	s0,4(s2)
   10af0:	b76d                	j	10a9a <__call_exitprocs+0x70>
   10af2:	852e                	mv	a0,a1
   10af4:	9702                	jalr	a4
   10af6:	bf6d                	j	10ab0 <__call_exitprocs+0x86>

00010af8 <memset>:
   10af8:	433d                	li	t1,15
   10afa:	872a                	mv	a4,a0
   10afc:	02c37363          	bgeu	t1,a2,10b22 <memset+0x2a>
   10b00:	00f77793          	andi	a5,a4,15
   10b04:	efbd                	bnez	a5,10b82 <memset+0x8a>
   10b06:	e5ad                	bnez	a1,10b70 <memset+0x78>
   10b08:	ff067693          	andi	a3,a2,-16
   10b0c:	8a3d                	andi	a2,a2,15
   10b0e:	96ba                	add	a3,a3,a4
   10b10:	c30c                	sw	a1,0(a4)
   10b12:	c34c                	sw	a1,4(a4)
   10b14:	c70c                	sw	a1,8(a4)
   10b16:	c74c                	sw	a1,12(a4)
   10b18:	0741                	addi	a4,a4,16
   10b1a:	fed76be3          	bltu	a4,a3,10b10 <memset+0x18>
   10b1e:	e211                	bnez	a2,10b22 <memset+0x2a>
   10b20:	8082                	ret
   10b22:	40c306b3          	sub	a3,t1,a2
   10b26:	068a                	slli	a3,a3,0x2
   10b28:	00000297          	auipc	t0,0x0
   10b2c:	9696                	add	a3,a3,t0
   10b2e:	00a68067          	jr	10(a3)
   10b32:	00b70723          	sb	a1,14(a4)
   10b36:	00b706a3          	sb	a1,13(a4)
   10b3a:	00b70623          	sb	a1,12(a4)
   10b3e:	00b705a3          	sb	a1,11(a4)
   10b42:	00b70523          	sb	a1,10(a4)
   10b46:	00b704a3          	sb	a1,9(a4)
   10b4a:	00b70423          	sb	a1,8(a4)
   10b4e:	00b703a3          	sb	a1,7(a4)
   10b52:	00b70323          	sb	a1,6(a4)
   10b56:	00b702a3          	sb	a1,5(a4)
   10b5a:	00b70223          	sb	a1,4(a4)
   10b5e:	00b701a3          	sb	a1,3(a4)
   10b62:	00b70123          	sb	a1,2(a4)
   10b66:	00b700a3          	sb	a1,1(a4)
   10b6a:	00b70023          	sb	a1,0(a4)
   10b6e:	8082                	ret
   10b70:	0ff5f593          	zext.b	a1,a1
   10b74:	00859693          	slli	a3,a1,0x8
   10b78:	8dd5                	or	a1,a1,a3
   10b7a:	01059693          	slli	a3,a1,0x10
   10b7e:	8dd5                	or	a1,a1,a3
   10b80:	b761                	j	10b08 <memset+0x10>
   10b82:	00279693          	slli	a3,a5,0x2
   10b86:	00000297          	auipc	t0,0x0
   10b8a:	9696                	add	a3,a3,t0
   10b8c:	8286                	mv	t0,ra
   10b8e:	fa8680e7          	jalr	-88(a3)
   10b92:	8096                	mv	ra,t0
   10b94:	17c1                	addi	a5,a5,-16
   10b96:	8f1d                	sub	a4,a4,a5
   10b98:	963e                	add	a2,a2,a5
   10b9a:	f8c374e3          	bgeu	t1,a2,10b22 <memset+0x2a>
   10b9e:	b7a5                	j	10b06 <memset+0xe>

00010ba0 <_fwalk_sglue>:
   10ba0:	7179                	addi	sp,sp,-48
   10ba2:	d606                	sw	ra,44(sp)
   10ba4:	d422                	sw	s0,40(sp)
   10ba6:	ce4e                	sw	s3,28(sp)
   10ba8:	cc52                	sw	s4,24(sp)
   10baa:	4a01                	li	s4,0
   10bac:	ca56                	sw	s5,20(sp)
   10bae:	c85a                	sw	s6,16(sp)
   10bb0:	4985                	li	s3,1
   10bb2:	d226                	sw	s1,36(sp)
   10bb4:	d04a                	sw	s2,32(sp)
   10bb6:	8ab2                	mv	s5,a2
   10bb8:	c65e                	sw	s7,12(sp)
   10bba:	597d                	li	s2,-1
   10bbc:	af3e                	cm.mvsa01	s6,s7
   10bbe:	004aa483          	lw	s1,4(s5)
   10bc2:	008aa403          	lw	s0,8(s5)
   10bc6:	14fd                	addi	s1,s1,-1
   10bc8:	0204c363          	bltz	s1,10bee <_fwalk_sglue+0x4e>
   10bcc:	00c45783          	lhu	a5,12(s0)
   10bd0:	00f9fa63          	bgeu	s3,a5,10be4 <_fwalk_sglue+0x44>
   10bd4:	00e41783          	lh	a5,14(s0)
   10bd8:	af62                	cm.mva01s	s6,s0
   10bda:	01278563          	beq	a5,s2,10be4 <_fwalk_sglue+0x44>
   10bde:	9b82                	jalr	s7
   10be0:	00aa6a33          	or	s4,s4,a0
   10be4:	14fd                	addi	s1,s1,-1
   10be6:	06840413          	addi	s0,s0,104
   10bea:	ff2491e3          	bne	s1,s2,10bcc <_fwalk_sglue+0x2c>
   10bee:	000aaa83          	lw	s5,0(s5)
   10bf2:	fc0a96e3          	bnez	s5,10bbe <_fwalk_sglue+0x1e>
   10bf6:	50b2                	lw	ra,44(sp)
   10bf8:	5422                	lw	s0,40(sp)
   10bfa:	8552                	mv	a0,s4
   10bfc:	5492                	lw	s1,36(sp)
   10bfe:	5902                	lw	s2,32(sp)
   10c00:	49f2                	lw	s3,28(sp)
   10c02:	4a62                	lw	s4,24(sp)
   10c04:	4ad2                	lw	s5,20(sp)
   10c06:	4b42                	lw	s6,16(sp)
   10c08:	4bb2                	lw	s7,12(sp)
   10c0a:	6145                	addi	sp,sp,48
   10c0c:	8082                	ret

00010c0e <__malloc_lock>:
   10c0e:	8082                	ret

00010c10 <__malloc_unlock>:
   10c10:	8082                	ret

00010c12 <atexit>:
   10c12:	85aa                	mv	a1,a0
   10c14:	4681                	li	a3,0
   10c16:	4601                	li	a2,0
   10c18:	4501                	li	a0,0
   10c1a:	79c0006f          	j	113b6 <__register_exitproc>

00010c1e <__sread>:
   10c1e:	1141                	addi	sp,sp,-16
   10c20:	c606                	sw	ra,12(sp)
   10c22:	c422                	sw	s0,8(sp)
   10c24:	842e                	mv	s0,a1
   10c26:	00e59583          	lh	a1,14(a1)
   10c2a:	2209                	jal	10d2c <_read_r>
   10c2c:	00054963          	bltz	a0,10c3e <__sread+0x20>
   10c30:	483c                	lw	a5,80(s0)
   10c32:	97aa                	add	a5,a5,a0
   10c34:	c83c                	sw	a5,80(s0)
   10c36:	40b2                	lw	ra,12(sp)
   10c38:	4422                	lw	s0,8(sp)
   10c3a:	0141                	addi	sp,sp,16
   10c3c:	8082                	ret
   10c3e:	00c45783          	lhu	a5,12(s0)
   10c42:	48c79793          	bclri	a5,a5,0xc
   10c46:	00f41623          	sh	a5,12(s0)
   10c4a:	40b2                	lw	ra,12(sp)
   10c4c:	4422                	lw	s0,8(sp)
   10c4e:	0141                	addi	sp,sp,16
   10c50:	8082                	ret

00010c52 <__seofread>:
   10c52:	4501                	li	a0,0
   10c54:	8082                	ret

00010c56 <__swrite>:
   10c56:	00c59783          	lh	a5,12(a1)
   10c5a:	1101                	addi	sp,sp,-32
   10c5c:	ca26                	sw	s1,20(sp)
   10c5e:	c84a                	sw	s2,16(sp)
   10c60:	8932                	mv	s2,a2
   10c62:	ce06                	sw	ra,28(sp)
   10c64:	cc22                	sw	s0,24(sp)
   10c66:	84aa                	mv	s1,a0
   10c68:	c64e                	sw	s3,12(sp)
   10c6a:	842e                	mv	s0,a1
   10c6c:	1007f713          	andi	a4,a5,256
   10c70:	89b6                	mv	s3,a3
   10c72:	e30d                	bnez	a4,10c94 <__swrite+0x3e>
   10c74:	48c79793          	bclri	a5,a5,0xc
   10c78:	00e41583          	lh	a1,14(s0)
   10c7c:	00f41623          	sh	a5,12(s0)
   10c80:	86ce                	mv	a3,s3
   10c82:	40f2                	lw	ra,28(sp)
   10c84:	4462                	lw	s0,24(sp)
   10c86:	864a                	mv	a2,s2
   10c88:	49b2                	lw	s3,12(sp)
   10c8a:	8526                	mv	a0,s1
   10c8c:	44d2                	lw	s1,20(sp)
   10c8e:	4942                	lw	s2,16(sp)
   10c90:	6105                	addi	sp,sp,32
   10c92:	a941                	j	11122 <_write_r>
   10c94:	00e59583          	lh	a1,14(a1)
   10c98:	4689                	li	a3,2
   10c9a:	4601                	li	a2,0
   10c9c:	20a9                	jal	10ce6 <_lseek_r>
   10c9e:	00c41783          	lh	a5,12(s0)
   10ca2:	bfc9                	j	10c74 <__swrite+0x1e>

00010ca4 <__sseek>:
   10ca4:	1141                	addi	sp,sp,-16
   10ca6:	c606                	sw	ra,12(sp)
   10ca8:	c422                	sw	s0,8(sp)
   10caa:	842e                	mv	s0,a1
   10cac:	00e59583          	lh	a1,14(a1)
   10cb0:	281d                	jal	10ce6 <_lseek_r>
   10cb2:	577d                	li	a4,-1
   10cb4:	00c41783          	lh	a5,12(s0)
   10cb8:	00e50b63          	beq	a0,a4,10cce <__sseek+0x2a>
   10cbc:	28c79793          	bseti	a5,a5,0xc
   10cc0:	c828                	sw	a0,80(s0)
   10cc2:	00f41623          	sh	a5,12(s0)
   10cc6:	40b2                	lw	ra,12(sp)
   10cc8:	4422                	lw	s0,8(sp)
   10cca:	0141                	addi	sp,sp,16
   10ccc:	8082                	ret
   10cce:	48c79793          	bclri	a5,a5,0xc
   10cd2:	00f41623          	sh	a5,12(s0)
   10cd6:	40b2                	lw	ra,12(sp)
   10cd8:	4422                	lw	s0,8(sp)
   10cda:	0141                	addi	sp,sp,16
   10cdc:	8082                	ret

00010cde <__sclose>:
   10cde:	00e59583          	lh	a1,14(a1)
   10ce2:	7440006f          	j	11426 <_close_r>

00010ce6 <_lseek_r>:
   10ce6:	1141                	addi	sp,sp,-16
   10ce8:	872e                	mv	a4,a1
   10cea:	c606                	sw	ra,12(sp)
   10cec:	c422                	sw	s0,8(sp)
   10cee:	85b2                	mv	a1,a2
   10cf0:	4e01a423          	sw	zero,1256(gp) # 7e67c <errno>
   10cf4:	8636                	mv	a2,a3
   10cf6:	842a                	mv	s0,a0
   10cf8:	853a                	mv	a0,a4
   10cfa:	476050ef          	jal	16170 <_lseek>
   10cfe:	57fd                	li	a5,-1
   10d00:	00f50663          	beq	a0,a5,10d0c <_lseek_r+0x26>
   10d04:	40b2                	lw	ra,12(sp)
   10d06:	4422                	lw	s0,8(sp)
   10d08:	0141                	addi	sp,sp,16
   10d0a:	8082                	ret
   10d0c:	c226                	sw	s1,4(sp)
   10d0e:	4e818493          	addi	s1,gp,1256 # 7e67c <errno>
   10d12:	409c                	lw	a5,0(s1)
   10d14:	c799                	beqz	a5,10d22 <_lseek_r+0x3c>
   10d16:	c01c                	sw	a5,0(s0)
   10d18:	40b2                	lw	ra,12(sp)
   10d1a:	4422                	lw	s0,8(sp)
   10d1c:	4492                	lw	s1,4(sp)
   10d1e:	0141                	addi	sp,sp,16
   10d20:	8082                	ret
   10d22:	40b2                	lw	ra,12(sp)
   10d24:	4422                	lw	s0,8(sp)
   10d26:	4492                	lw	s1,4(sp)
   10d28:	0141                	addi	sp,sp,16
   10d2a:	8082                	ret

00010d2c <_read_r>:
   10d2c:	1141                	addi	sp,sp,-16
   10d2e:	872e                	mv	a4,a1
   10d30:	c606                	sw	ra,12(sp)
   10d32:	c422                	sw	s0,8(sp)
   10d34:	85b2                	mv	a1,a2
   10d36:	4e01a423          	sw	zero,1256(gp) # 7e67c <errno>
   10d3a:	8636                	mv	a2,a3
   10d3c:	842a                	mv	s0,a0
   10d3e:	853a                	mv	a0,a4
   10d40:	45a050ef          	jal	1619a <_read>
   10d44:	57fd                	li	a5,-1
   10d46:	00f50663          	beq	a0,a5,10d52 <_read_r+0x26>
   10d4a:	40b2                	lw	ra,12(sp)
   10d4c:	4422                	lw	s0,8(sp)
   10d4e:	0141                	addi	sp,sp,16
   10d50:	8082                	ret
   10d52:	c226                	sw	s1,4(sp)
   10d54:	4e818493          	addi	s1,gp,1256 # 7e67c <errno>
   10d58:	409c                	lw	a5,0(s1)
   10d5a:	c799                	beqz	a5,10d68 <_read_r+0x3c>
   10d5c:	c01c                	sw	a5,0(s0)
   10d5e:	40b2                	lw	ra,12(sp)
   10d60:	4422                	lw	s0,8(sp)
   10d62:	4492                	lw	s1,4(sp)
   10d64:	0141                	addi	sp,sp,16
   10d66:	8082                	ret
   10d68:	40b2                	lw	ra,12(sp)
   10d6a:	4422                	lw	s0,8(sp)
   10d6c:	4492                	lw	s1,4(sp)
   10d6e:	0141                	addi	sp,sp,16
   10d70:	8082                	ret

00010d72 <_malloc_trim_r>:
   10d72:	1101                	addi	sp,sp,-32
   10d74:	ca26                	sw	s1,20(sp)
   10d76:	c84a                	sw	s2,16(sp)
   10d78:	c64e                	sw	s3,12(sp)
   10d7a:	c452                	sw	s4,8(sp)
   10d7c:	ad2e                	cm.mvsa01	s2,s3
   10d7e:	ce06                	sw	ra,28(sp)
   10d80:	cc22                	sw	s0,24(sp)
   10d82:	0006ba17          	auipc	s4,0x6b
   10d86:	3a2a0a13          	addi	s4,s4,930 # 7c124 <__malloc_av_>
   10d8a:	3551                	jal	10c0e <__malloc_lock>
   10d8c:	6405                	lui	s0,0x1
   10d8e:	008a2703          	lw	a4,8(s4)
   10d92:	143d                	addi	s0,s0,-17 # fef <register_fini-0xf0c5>
   10d94:	6785                	lui	a5,0x1
   10d96:	4344                	lw	s1,4(a4)
   10d98:	98f1                	andi	s1,s1,-4
   10d9a:	9426                	add	s0,s0,s1
   10d9c:	41340433          	sub	s0,s0,s3
   10da0:	8031                	srli	s0,s0,0xc
   10da2:	147d                	addi	s0,s0,-1
   10da4:	0432                	slli	s0,s0,0xc
   10da6:	00f44a63          	blt	s0,a5,10dba <_malloc_trim_r+0x48>
   10daa:	4581                	li	a1,0
   10dac:	854a                	mv	a0,s2
   10dae:	2e15                	jal	110e2 <_sbrk_r>
   10db0:	008a2783          	lw	a5,8(s4)
   10db4:	97a6                	add	a5,a5,s1
   10db6:	00f50d63          	beq	a0,a5,10dd0 <_malloc_trim_r+0x5e>
   10dba:	854a                	mv	a0,s2
   10dbc:	3d91                	jal	10c10 <__malloc_unlock>
   10dbe:	44d2                	lw	s1,20(sp)
   10dc0:	4942                	lw	s2,16(sp)
   10dc2:	40f2                	lw	ra,28(sp)
   10dc4:	4462                	lw	s0,24(sp)
   10dc6:	4501                	li	a0,0
   10dc8:	49b2                	lw	s3,12(sp)
   10dca:	4a22                	lw	s4,8(sp)
   10dcc:	6105                	addi	sp,sp,32
   10dce:	8082                	ret
   10dd0:	408005b3          	neg	a1,s0
   10dd4:	854a                	mv	a0,s2
   10dd6:	2631                	jal	110e2 <_sbrk_r>
   10dd8:	57fd                	li	a5,-1
   10dda:	02f50863          	beq	a0,a5,10e0a <_malloc_trim_r+0x98>
   10dde:	008a2683          	lw	a3,8(s4)
   10de2:	64818713          	addi	a4,gp,1608 # 7e7dc <__malloc_current_mallinfo>
   10de6:	431c                	lw	a5,0(a4)
   10de8:	8c81                	sub	s1,s1,s0
   10dea:	0014e493          	ori	s1,s1,1
   10dee:	854a                	mv	a0,s2
   10df0:	c2c4                	sw	s1,4(a3)
   10df2:	8f81                	sub	a5,a5,s0
   10df4:	c31c                	sw	a5,0(a4)
   10df6:	3d29                	jal	10c10 <__malloc_unlock>
   10df8:	44d2                	lw	s1,20(sp)
   10dfa:	4942                	lw	s2,16(sp)
   10dfc:	40f2                	lw	ra,28(sp)
   10dfe:	4462                	lw	s0,24(sp)
   10e00:	4505                	li	a0,1
   10e02:	49b2                	lw	s3,12(sp)
   10e04:	4a22                	lw	s4,8(sp)
   10e06:	6105                	addi	sp,sp,32
   10e08:	8082                	ret
   10e0a:	4581                	li	a1,0
   10e0c:	854a                	mv	a0,s2
   10e0e:	2cd1                	jal	110e2 <_sbrk_r>
   10e10:	008a2703          	lw	a4,8(s4)
   10e14:	46bd                	li	a3,15
   10e16:	40e507b3          	sub	a5,a0,a4
   10e1a:	faf6d0e3          	bge	a3,a5,10dba <_malloc_trim_r+0x48>
   10e1e:	4c01a683          	lw	a3,1216(gp) # 7e654 <__malloc_sbrk_base>
   10e22:	0017e793          	ori	a5,a5,1
   10e26:	c35c                	sw	a5,4(a4)
   10e28:	8d15                	sub	a0,a0,a3
   10e2a:	64a1a423          	sw	a0,1608(gp) # 7e7dc <__malloc_current_mallinfo>
   10e2e:	b771                	j	10dba <_malloc_trim_r+0x48>

00010e30 <_free_r>:
   10e30:	c9e1                	beqz	a1,10f00 <_free_r+0xd0>
   10e32:	1141                	addi	sp,sp,-16
   10e34:	c606                	sw	ra,12(sp)
   10e36:	c422                	sw	s0,8(sp)
   10e38:	c226                	sw	s1,4(sp)
   10e3a:	aca2                	cm.mvsa01	s1,s0
   10e3c:	3bc9                	jal	10c0e <__malloc_lock>
   10e3e:	ffc42583          	lw	a1,-4(s0)
   10e42:	ff840713          	addi	a4,s0,-8
   10e46:	0006b817          	auipc	a6,0x6b
   10e4a:	2de80813          	addi	a6,a6,734 # 7c124 <__malloc_av_>
   10e4e:	00882503          	lw	a0,8(a6)
   10e52:	ffe5f793          	andi	a5,a1,-2
   10e56:	0015f893          	andi	a7,a1,1
   10e5a:	00f70633          	add	a2,a4,a5
   10e5e:	4254                	lw	a3,4(a2)
   10e60:	9af1                	andi	a3,a3,-4
   10e62:	10c50b63          	beq	a0,a2,10f78 <_free_r+0x148>
   10e66:	c254                	sw	a3,4(a2)
   10e68:	00d60533          	add	a0,a2,a3
   10e6c:	4148                	lw	a0,4(a0)
   10e6e:	8905                	andi	a0,a0,1
   10e70:	06089563          	bnez	a7,10eda <_free_r+0xaa>
   10e74:	ff842583          	lw	a1,-8(s0)
   10e78:	0006b897          	auipc	a7,0x6b
   10e7c:	2b488893          	addi	a7,a7,692 # 7c12c <__malloc_av_+0x8>
   10e80:	8f0d                	sub	a4,a4,a1
   10e82:	97ae                	add	a5,a5,a1
   10e84:	470c                	lw	a1,8(a4)
   10e86:	0d158c63          	beq	a1,a7,10f5e <_free_r+0x12e>
   10e8a:	00c72303          	lw	t1,12(a4)
   10e8e:	0065a623          	sw	t1,12(a1)
   10e92:	00b32423          	sw	a1,8(t1)
   10e96:	10050a63          	beqz	a0,10faa <_free_r+0x17a>
   10e9a:	0017e693          	ori	a3,a5,1
   10e9e:	c354                	sw	a3,4(a4)
   10ea0:	c21c                	sw	a5,0(a2)
   10ea2:	1ff00693          	li	a3,511
   10ea6:	06f6e763          	bltu	a3,a5,10f14 <_free_r+0xe4>
   10eaa:	ff87f693          	andi	a3,a5,-8
   10eae:	00482603          	lw	a2,4(a6)
   10eb2:	06a1                	addi	a3,a3,8
   10eb4:	8395                	srli	a5,a5,0x5
   10eb6:	96c2                	add	a3,a3,a6
   10eb8:	428c                	lw	a1,0(a3)
   10eba:	ff868513          	addi	a0,a3,-8
   10ebe:	28f617b3          	bset	a5,a2,a5
   10ec2:	c748                	sw	a0,12(a4)
   10ec4:	00f82223          	sw	a5,4(a6)
   10ec8:	c70c                	sw	a1,8(a4)
   10eca:	c298                	sw	a4,0(a3)
   10ecc:	c5d8                	sw	a4,12(a1)
   10ece:	40b2                	lw	ra,12(sp)
   10ed0:	4422                	lw	s0,8(sp)
   10ed2:	8526                	mv	a0,s1
   10ed4:	4492                	lw	s1,4(sp)
   10ed6:	0141                	addi	sp,sp,16
   10ed8:	bb25                	j	10c10 <__malloc_unlock>
   10eda:	e505                	bnez	a0,10f02 <_free_r+0xd2>
   10edc:	97b6                	add	a5,a5,a3
   10ede:	0006b897          	auipc	a7,0x6b
   10ee2:	24e88893          	addi	a7,a7,590 # 7c12c <__malloc_av_+0x8>
   10ee6:	4614                	lw	a3,8(a2)
   10ee8:	0017e513          	ori	a0,a5,1
   10eec:	00f705b3          	add	a1,a4,a5
   10ef0:	0f168963          	beq	a3,a7,10fe2 <_free_r+0x1b2>
   10ef4:	4650                	lw	a2,12(a2)
   10ef6:	c6d0                	sw	a2,12(a3)
   10ef8:	c614                	sw	a3,8(a2)
   10efa:	c348                	sw	a0,4(a4)
   10efc:	c19c                	sw	a5,0(a1)
   10efe:	b755                	j	10ea2 <_free_r+0x72>
   10f00:	8082                	ret
   10f02:	0015e593          	ori	a1,a1,1
   10f06:	1ff00693          	li	a3,511
   10f0a:	feb42e23          	sw	a1,-4(s0)
   10f0e:	c21c                	sw	a5,0(a2)
   10f10:	f8f6fde3          	bgeu	a3,a5,10eaa <_free_r+0x7a>
   10f14:	0097d693          	srli	a3,a5,0x9
   10f18:	4611                	li	a2,4
   10f1a:	08d66a63          	bltu	a2,a3,10fae <_free_r+0x17e>
   10f1e:	0067d693          	srli	a3,a5,0x6
   10f22:	03968593          	addi	a1,a3,57
   10f26:	03868613          	addi	a2,a3,56
   10f2a:	058e                	slli	a1,a1,0x3
   10f2c:	95c2                	add	a1,a1,a6
   10f2e:	4194                	lw	a3,0(a1)
   10f30:	15e1                	addi	a1,a1,-8
   10f32:	00d59663          	bne	a1,a3,10f3e <_free_r+0x10e>
   10f36:	a0c9                	j	10ff8 <_free_r+0x1c8>
   10f38:	86aa                	mv	a3,a0
   10f3a:	00a58763          	beq	a1,a0,10f48 <_free_r+0x118>
   10f3e:	42d0                	lw	a2,4(a3)
   10f40:	4688                	lw	a0,8(a3)
   10f42:	9a71                	andi	a2,a2,-4
   10f44:	fec7eae3          	bltu	a5,a2,10f38 <_free_r+0x108>
   10f48:	46cc                	lw	a1,12(a3)
   10f4a:	c74c                	sw	a1,12(a4)
   10f4c:	c714                	sw	a3,8(a4)
   10f4e:	8526                	mv	a0,s1
   10f50:	40b2                	lw	ra,12(sp)
   10f52:	4422                	lw	s0,8(sp)
   10f54:	c598                	sw	a4,8(a1)
   10f56:	4492                	lw	s1,4(sp)
   10f58:	c6d8                	sw	a4,12(a3)
   10f5a:	0141                	addi	sp,sp,16
   10f5c:	b955                	j	10c10 <__malloc_unlock>
   10f5e:	e53d                	bnez	a0,10fcc <_free_r+0x19c>
   10f60:	464c                	lw	a1,12(a2)
   10f62:	96be                	add	a3,a3,a5
   10f64:	461c                	lw	a5,8(a2)
   10f66:	0016e513          	ori	a0,a3,1
   10f6a:	00d70633          	add	a2,a4,a3
   10f6e:	c7cc                	sw	a1,12(a5)
   10f70:	c59c                	sw	a5,8(a1)
   10f72:	c348                	sw	a0,4(a4)
   10f74:	c214                	sw	a3,0(a2)
   10f76:	bfa1                	j	10ece <_free_r+0x9e>
   10f78:	96be                	add	a3,a3,a5
   10f7a:	00089a63          	bnez	a7,10f8e <_free_r+0x15e>
   10f7e:	ff842783          	lw	a5,-8(s0)
   10f82:	8f1d                	sub	a4,a4,a5
   10f84:	96be                	add	a3,a3,a5
   10f86:	475c                	lw	a5,12(a4)
   10f88:	4710                	lw	a2,8(a4)
   10f8a:	c65c                	sw	a5,12(a2)
   10f8c:	c790                	sw	a2,8(a5)
   10f8e:	0016e613          	ori	a2,a3,1
   10f92:	4c41a783          	lw	a5,1220(gp) # 7e658 <__malloc_trim_threshold>
   10f96:	c350                	sw	a2,4(a4)
   10f98:	00e82423          	sw	a4,8(a6)
   10f9c:	f2f6e9e3          	bltu	a3,a5,10ece <_free_r+0x9e>
   10fa0:	4e01a583          	lw	a1,1248(gp) # 7e674 <__malloc_top_pad>
   10fa4:	8526                	mv	a0,s1
   10fa6:	33f1                	jal	10d72 <_malloc_trim_r>
   10fa8:	b71d                	j	10ece <_free_r+0x9e>
   10faa:	97b6                	add	a5,a5,a3
   10fac:	bf2d                	j	10ee6 <_free_r+0xb6>
   10fae:	4651                	li	a2,20
   10fb0:	02d67363          	bgeu	a2,a3,10fd6 <_free_r+0x1a6>
   10fb4:	05400613          	li	a2,84
   10fb8:	04d66863          	bltu	a2,a3,11008 <_free_r+0x1d8>
   10fbc:	00c7d693          	srli	a3,a5,0xc
   10fc0:	06f68593          	addi	a1,a3,111
   10fc4:	06e68613          	addi	a2,a3,110
   10fc8:	058e                	slli	a1,a1,0x3
   10fca:	b78d                	j	10f2c <_free_r+0xfc>
   10fcc:	0017e693          	ori	a3,a5,1
   10fd0:	c354                	sw	a3,4(a4)
   10fd2:	c21c                	sw	a5,0(a2)
   10fd4:	bded                	j	10ece <_free_r+0x9e>
   10fd6:	05c68593          	addi	a1,a3,92
   10fda:	05b68613          	addi	a2,a3,91
   10fde:	058e                	slli	a1,a1,0x3
   10fe0:	b7b1                	j	10f2c <_free_r+0xfc>
   10fe2:	00e82a23          	sw	a4,20(a6)
   10fe6:	00e82823          	sw	a4,16(a6)
   10fea:	01172623          	sw	a7,12(a4)
   10fee:	01172423          	sw	a7,8(a4)
   10ff2:	c348                	sw	a0,4(a4)
   10ff4:	c19c                	sw	a5,0(a1)
   10ff6:	bde1                	j	10ece <_free_r+0x9e>
   10ff8:	00482783          	lw	a5,4(a6)
   10ffc:	8609                	srai	a2,a2,0x2
   10ffe:	28c797b3          	bset	a5,a5,a2
   11002:	00f82223          	sw	a5,4(a6)
   11006:	b791                	j	10f4a <_free_r+0x11a>
   11008:	15400613          	li	a2,340
   1100c:	00d66a63          	bltu	a2,a3,11020 <_free_r+0x1f0>
   11010:	00f7d693          	srli	a3,a5,0xf
   11014:	07868593          	addi	a1,a3,120
   11018:	07768613          	addi	a2,a3,119
   1101c:	058e                	slli	a1,a1,0x3
   1101e:	b739                	j	10f2c <_free_r+0xfc>
   11020:	55400513          	li	a0,1364
   11024:	3f800593          	li	a1,1016
   11028:	07e00613          	li	a2,126
   1102c:	f0d560e3          	bltu	a0,a3,10f2c <_free_r+0xfc>
   11030:	0127d693          	srli	a3,a5,0x12
   11034:	07d68593          	addi	a1,a3,125
   11038:	07c68613          	addi	a2,a3,124
   1103c:	058e                	slli	a1,a1,0x3
   1103e:	b5fd                	j	10f2c <_free_r+0xfc>

00011040 <_fclose_r>:
   11040:	1141                	addi	sp,sp,-16
   11042:	c606                	sw	ra,12(sp)
   11044:	c04a                	sw	s2,0(sp)
   11046:	cd81                	beqz	a1,1105e <_fclose_r+0x1e>
   11048:	c422                	sw	s0,8(sp)
   1104a:	c226                	sw	s1,4(sp)
   1104c:	aca2                	cm.mvsa01	s1,s0
   1104e:	c099                	beqz	s1,11054 <_fclose_r+0x14>
   11050:	58dc                	lw	a5,52(s1)
   11052:	cfad                	beqz	a5,110cc <_fclose_r+0x8c>
   11054:	00c41783          	lh	a5,12(s0)
   11058:	eb89                	bnez	a5,1106a <_fclose_r+0x2a>
   1105a:	4422                	lw	s0,8(sp)
   1105c:	4492                	lw	s1,4(sp)
   1105e:	40b2                	lw	ra,12(sp)
   11060:	4901                	li	s2,0
   11062:	854a                	mv	a0,s2
   11064:	4902                	lw	s2,0(sp)
   11066:	0141                	addi	sp,sp,16
   11068:	8082                	ret
   1106a:	ace2                	cm.mva01s	s1,s0
   1106c:	28f5                	jal	11168 <__sflush_r>
   1106e:	545c                	lw	a5,44(s0)
   11070:	892a                	mv	s2,a0
   11072:	cb99                	beqz	a5,11088 <_fclose_r+0x48>
   11074:	4c4c                	lw	a1,28(s0)
   11076:	8526                	mv	a0,s1
   11078:	9782                	jalr	a5
   1107a:	57fd                	li	a5,-1
   1107c:	00052513          	slti	a0,a0,0
   11080:	00153513          	seqz	a0,a0
   11084:	7ea9390b          	ccmov	s2,a0,s2,a5
   11088:	00c45783          	lhu	a5,12(s0)
   1108c:	0807f793          	andi	a5,a5,128
   11090:	e3a9                	bnez	a5,110d2 <_fclose_r+0x92>
   11092:	580c                	lw	a1,48(s0)
   11094:	c989                	beqz	a1,110a6 <_fclose_r+0x66>
   11096:	04040793          	addi	a5,s0,64
   1109a:	00f58463          	beq	a1,a5,110a2 <_fclose_r+0x62>
   1109e:	8526                	mv	a0,s1
   110a0:	3b41                	jal	10e30 <_free_r>
   110a2:	02042823          	sw	zero,48(s0)
   110a6:	406c                	lw	a1,68(s0)
   110a8:	c589                	beqz	a1,110b2 <_fclose_r+0x72>
   110aa:	8526                	mv	a0,s1
   110ac:	3351                	jal	10e30 <_free_r>
   110ae:	04042223          	sw	zero,68(s0)
   110b2:	b26ff0ef          	jal	103d8 <__sfp_lock_acquire>
   110b6:	00041623          	sh	zero,12(s0)
   110ba:	b20ff0ef          	jal	103da <__sfp_lock_release>
   110be:	4422                	lw	s0,8(sp)
   110c0:	40b2                	lw	ra,12(sp)
   110c2:	854a                	mv	a0,s2
   110c4:	4492                	lw	s1,4(sp)
   110c6:	4902                	lw	s2,0(sp)
   110c8:	0141                	addi	sp,sp,16
   110ca:	8082                	ret
   110cc:	af4ff0ef          	jal	103c0 <__sinit>
   110d0:	b751                	j	11054 <_fclose_r+0x14>
   110d2:	480c                	lw	a1,16(s0)
   110d4:	8526                	mv	a0,s1
   110d6:	3ba9                	jal	10e30 <_free_r>
   110d8:	bf6d                	j	11092 <_fclose_r+0x52>

000110da <fclose>:
   110da:	85aa                	mv	a1,a0
   110dc:	4c81a503          	lw	a0,1224(gp) # 7e65c <_impure_ptr>
   110e0:	b785                	j	11040 <_fclose_r>

000110e2 <_sbrk_r>:
   110e2:	1141                	addi	sp,sp,-16
   110e4:	4e01a423          	sw	zero,1256(gp) # 7e67c <errno>
   110e8:	c606                	sw	ra,12(sp)
   110ea:	c422                	sw	s0,8(sp)
   110ec:	842a                	mv	s0,a0
   110ee:	852e                	mv	a0,a1
   110f0:	0d4050ef          	jal	161c4 <_sbrk>
   110f4:	57fd                	li	a5,-1
   110f6:	00f50663          	beq	a0,a5,11102 <_sbrk_r+0x20>
   110fa:	40b2                	lw	ra,12(sp)
   110fc:	4422                	lw	s0,8(sp)
   110fe:	0141                	addi	sp,sp,16
   11100:	8082                	ret
   11102:	c226                	sw	s1,4(sp)
   11104:	4e818493          	addi	s1,gp,1256 # 7e67c <errno>
   11108:	409c                	lw	a5,0(s1)
   1110a:	c799                	beqz	a5,11118 <_sbrk_r+0x36>
   1110c:	c01c                	sw	a5,0(s0)
   1110e:	40b2                	lw	ra,12(sp)
   11110:	4422                	lw	s0,8(sp)
   11112:	4492                	lw	s1,4(sp)
   11114:	0141                	addi	sp,sp,16
   11116:	8082                	ret
   11118:	40b2                	lw	ra,12(sp)
   1111a:	4422                	lw	s0,8(sp)
   1111c:	4492                	lw	s1,4(sp)
   1111e:	0141                	addi	sp,sp,16
   11120:	8082                	ret

00011122 <_write_r>:
   11122:	1141                	addi	sp,sp,-16
   11124:	872e                	mv	a4,a1
   11126:	c606                	sw	ra,12(sp)
   11128:	c422                	sw	s0,8(sp)
   1112a:	85b2                	mv	a1,a2
   1112c:	4e01a423          	sw	zero,1256(gp) # 7e67c <errno>
   11130:	8636                	mv	a2,a3
   11132:	842a                	mv	s0,a0
   11134:	853a                	mv	a0,a4
   11136:	0dc050ef          	jal	16212 <_write>
   1113a:	57fd                	li	a5,-1
   1113c:	00f50663          	beq	a0,a5,11148 <_write_r+0x26>
   11140:	40b2                	lw	ra,12(sp)
   11142:	4422                	lw	s0,8(sp)
   11144:	0141                	addi	sp,sp,16
   11146:	8082                	ret
   11148:	c226                	sw	s1,4(sp)
   1114a:	4e818493          	addi	s1,gp,1256 # 7e67c <errno>
   1114e:	409c                	lw	a5,0(s1)
   11150:	c799                	beqz	a5,1115e <_write_r+0x3c>
   11152:	c01c                	sw	a5,0(s0)
   11154:	40b2                	lw	ra,12(sp)
   11156:	4422                	lw	s0,8(sp)
   11158:	4492                	lw	s1,4(sp)
   1115a:	0141                	addi	sp,sp,16
   1115c:	8082                	ret
   1115e:	40b2                	lw	ra,12(sp)
   11160:	4422                	lw	s0,8(sp)
   11162:	4492                	lw	s1,4(sp)
   11164:	0141                	addi	sp,sp,16
   11166:	8082                	ret

00011168 <__sflush_r>:
   11168:	00c59783          	lh	a5,12(a1)
   1116c:	1101                	addi	sp,sp,-32
   1116e:	ce06                	sw	ra,28(sp)
   11170:	cc22                	sw	s0,24(sp)
   11172:	c64e                	sw	s3,12(sp)
   11174:	ada2                	cm.mvsa01	s3,s0
   11176:	0087f713          	andi	a4,a5,8
   1117a:	e371                	bnez	a4,1123e <__sflush_r+0xd6>
   1117c:	0007e713          	ori	a4,a5,0
   11180:	4054                	lw	a3,4(s0)
   11182:	28b71713          	bseti	a4,a4,0xb
   11186:	00e41623          	sh	a4,12(s0)
   1118a:	10d05463          	blez	a3,11292 <__sflush_r+0x12a>
   1118e:	02842803          	lw	a6,40(s0)
   11192:	0a080063          	beqz	a6,11232 <__sflush_r+0xca>
   11196:	ca26                	sw	s1,20(sp)
   11198:	01379693          	slli	a3,a5,0x13
   1119c:	0009a483          	lw	s1,0(s3)
   111a0:	0009a023          	sw	zero,0(s3)
   111a4:	0e06ce63          	bltz	a3,112a0 <__sflush_r+0x138>
   111a8:	4c4c                	lw	a1,28(s0)
   111aa:	4601                	li	a2,0
   111ac:	4685                	li	a3,1
   111ae:	854e                	mv	a0,s3
   111b0:	9802                	jalr	a6
   111b2:	57fd                	li	a5,-1
   111b4:	862a                	mv	a2,a0
   111b6:	10f50c63          	beq	a0,a5,112ce <__sflush_r+0x166>
   111ba:	00c41703          	lh	a4,12(s0)
   111be:	02842803          	lw	a6,40(s0)
   111c2:	8b11                	andi	a4,a4,4
   111c4:	c719                	beqz	a4,111d2 <__sflush_r+0x6a>
   111c6:	4058                	lw	a4,4(s0)
   111c8:	581c                	lw	a5,48(s0)
   111ca:	8e19                	sub	a2,a2,a4
   111cc:	c399                	beqz	a5,111d2 <__sflush_r+0x6a>
   111ce:	5c5c                	lw	a5,60(s0)
   111d0:	8e1d                	sub	a2,a2,a5
   111d2:	4c4c                	lw	a1,28(s0)
   111d4:	4681                	li	a3,0
   111d6:	854e                	mv	a0,s3
   111d8:	9802                	jalr	a6
   111da:	577d                	li	a4,-1
   111dc:	00c41783          	lh	a5,12(s0)
   111e0:	0ce51263          	bne	a0,a4,112a4 <__sflush_r+0x13c>
   111e4:	0009a683          	lw	a3,0(s3)
   111e8:	4775                	li	a4,29
   111ea:	0ed76e63          	bltu	a4,a3,112e6 <__sflush_r+0x17e>
   111ee:	20400737          	lui	a4,0x20400
   111f2:	0705                	addi	a4,a4,1 # 20400001 <__BSS_END__+0x2038166d>
   111f4:	48d75633          	bext	a2,a4,a3
   111f8:	c67d                	beqz	a2,112e6 <__sflush_r+0x17e>
   111fa:	4818                	lw	a4,16(s0)
   111fc:	fff7f613          	andi	a2,a5,-1
   11200:	48b61613          	bclri	a2,a2,0xb
   11204:	00042223          	sw	zero,4(s0)
   11208:	00c41623          	sh	a2,12(s0)
   1120c:	c018                	sw	a4,0(s0)
   1120e:	01379713          	slli	a4,a5,0x13
   11212:	00075363          	bgez	a4,11218 <__sflush_r+0xb0>
   11216:	c6cd                	beqz	a3,112c0 <__sflush_r+0x158>
   11218:	580c                	lw	a1,48(s0)
   1121a:	0099a023          	sw	s1,0(s3)
   1121e:	c5d5                	beqz	a1,112ca <__sflush_r+0x162>
   11220:	04040793          	addi	a5,s0,64
   11224:	00f58463          	beq	a1,a5,1122c <__sflush_r+0xc4>
   11228:	854e                	mv	a0,s3
   1122a:	3119                	jal	10e30 <_free_r>
   1122c:	44d2                	lw	s1,20(sp)
   1122e:	02042823          	sw	zero,48(s0)
   11232:	40f2                	lw	ra,28(sp)
   11234:	4462                	lw	s0,24(sp)
   11236:	4501                	li	a0,0
   11238:	49b2                	lw	s3,12(sp)
   1123a:	6105                	addi	sp,sp,32
   1123c:	8082                	ret
   1123e:	c84a                	sw	s2,16(sp)
   11240:	01042903          	lw	s2,16(s0)
   11244:	04090c63          	beqz	s2,1129c <__sflush_r+0x134>
   11248:	ca26                	sw	s1,20(sp)
   1124a:	8b8d                	andi	a5,a5,3
   1124c:	4004                	lw	s1,0(s0)
   1124e:	4701                	li	a4,0
   11250:	01242023          	sw	s2,0(s0)
   11254:	412484b3          	sub	s1,s1,s2
   11258:	e391                	bnez	a5,1125c <__sflush_r+0xf4>
   1125a:	4858                	lw	a4,20(s0)
   1125c:	c418                	sw	a4,8(s0)
   1125e:	02905e63          	blez	s1,1129a <__sflush_r+0x132>
   11262:	505c                	lw	a5,36(s0)
   11264:	86a6                	mv	a3,s1
   11266:	4c4c                	lw	a1,28(s0)
   11268:	864a                	mv	a2,s2
   1126a:	854e                	mv	a0,s3
   1126c:	9782                	jalr	a5
   1126e:	8c89                	sub	s1,s1,a0
   11270:	992a                	add	s2,s2,a0
   11272:	fea046e3          	bgtz	a0,1125e <__sflush_r+0xf6>
   11276:	00c41783          	lh	a5,12(s0)
   1127a:	4942                	lw	s2,16(sp)
   1127c:	0407e793          	ori	a5,a5,64
   11280:	00f41623          	sh	a5,12(s0)
   11284:	557d                	li	a0,-1
   11286:	40f2                	lw	ra,28(sp)
   11288:	4462                	lw	s0,24(sp)
   1128a:	44d2                	lw	s1,20(sp)
   1128c:	49b2                	lw	s3,12(sp)
   1128e:	6105                	addi	sp,sp,32
   11290:	8082                	ret
   11292:	5c54                	lw	a3,60(s0)
   11294:	eed04de3          	bgtz	a3,1118e <__sflush_r+0x26>
   11298:	bf69                	j	11232 <__sflush_r+0xca>
   1129a:	44d2                	lw	s1,20(sp)
   1129c:	4942                	lw	s2,16(sp)
   1129e:	bf51                	j	11232 <__sflush_r+0xca>
   112a0:	4830                	lw	a2,80(s0)
   112a2:	b705                	j	111c2 <__sflush_r+0x5a>
   112a4:	4818                	lw	a4,16(s0)
   112a6:	fff7f693          	andi	a3,a5,-1
   112aa:	48b69693          	bclri	a3,a3,0xb
   112ae:	00042223          	sw	zero,4(s0)
   112b2:	00d41623          	sh	a3,12(s0)
   112b6:	c018                	sw	a4,0(s0)
   112b8:	01379713          	slli	a4,a5,0x13
   112bc:	f4075ee3          	bgez	a4,11218 <__sflush_r+0xb0>
   112c0:	580c                	lw	a1,48(s0)
   112c2:	c828                	sw	a0,80(s0)
   112c4:	0099a023          	sw	s1,0(s3)
   112c8:	fda1                	bnez	a1,11220 <__sflush_r+0xb8>
   112ca:	44d2                	lw	s1,20(sp)
   112cc:	b79d                	j	11232 <__sflush_r+0xca>
   112ce:	0009a783          	lw	a5,0(s3)
   112d2:	ee0784e3          	beqz	a5,111ba <__sflush_r+0x52>
   112d6:	4775                	li	a4,29
   112d8:	00e78a63          	beq	a5,a4,112ec <__sflush_r+0x184>
   112dc:	4759                	li	a4,22
   112de:	00e78763          	beq	a5,a4,112ec <__sflush_r+0x184>
   112e2:	00c41783          	lh	a5,12(s0)
   112e6:	0407e793          	ori	a5,a5,64
   112ea:	bf59                	j	11280 <__sflush_r+0x118>
   112ec:	0099a023          	sw	s1,0(s3)
   112f0:	44d2                	lw	s1,20(sp)
   112f2:	b781                	j	11232 <__sflush_r+0xca>

000112f4 <_fflush_r>:
   112f4:	1101                	addi	sp,sp,-32
   112f6:	ce06                	sw	ra,28(sp)
   112f8:	cc22                	sw	s0,24(sp)
   112fa:	842a                	mv	s0,a0
   112fc:	c119                	beqz	a0,11302 <_fflush_r+0xe>
   112fe:	595c                	lw	a5,52(a0)
   11300:	cf91                	beqz	a5,1131c <_fflush_r+0x28>
   11302:	00c59783          	lh	a5,12(a1)
   11306:	e791                	bnez	a5,11312 <_fflush_r+0x1e>
   11308:	40f2                	lw	ra,28(sp)
   1130a:	4462                	lw	s0,24(sp)
   1130c:	4501                	li	a0,0
   1130e:	6105                	addi	sp,sp,32
   11310:	8082                	ret
   11312:	8522                	mv	a0,s0
   11314:	40f2                	lw	ra,28(sp)
   11316:	4462                	lw	s0,24(sp)
   11318:	6105                	addi	sp,sp,32
   1131a:	b5b9                	j	11168 <__sflush_r>
   1131c:	c62e                	sw	a1,12(sp)
   1131e:	8a2ff0ef          	jal	103c0 <__sinit>
   11322:	45b2                	lw	a1,12(sp)
   11324:	bff9                	j	11302 <_fflush_r+0xe>

00011326 <fflush>:
   11326:	cd05                	beqz	a0,1135e <fflush+0x38>
   11328:	85aa                	mv	a1,a0
   1132a:	4c81a503          	lw	a0,1224(gp) # 7e65c <_impure_ptr>
   1132e:	c119                	beqz	a0,11334 <fflush+0xe>
   11330:	595c                	lw	a5,52(a0)
   11332:	c799                	beqz	a5,11340 <fflush+0x1a>
   11334:	00c59783          	lh	a5,12(a1)
   11338:	e399                	bnez	a5,1133e <fflush+0x18>
   1133a:	4501                	li	a0,0
   1133c:	8082                	ret
   1133e:	b52d                	j	11168 <__sflush_r>
   11340:	1101                	addi	sp,sp,-32
   11342:	c62e                	sw	a1,12(sp)
   11344:	c42a                	sw	a0,8(sp)
   11346:	ce06                	sw	ra,28(sp)
   11348:	878ff0ef          	jal	103c0 <__sinit>
   1134c:	45b2                	lw	a1,12(sp)
   1134e:	4522                	lw	a0,8(sp)
   11350:	00c59783          	lh	a5,12(a1)
   11354:	e39d                	bnez	a5,1137a <fflush+0x54>
   11356:	40f2                	lw	ra,28(sp)
   11358:	4501                	li	a0,0
   1135a:	6105                	addi	sp,sp,32
   1135c:	8082                	ret
   1135e:	0006b617          	auipc	a2,0x6b
   11362:	dba60613          	addi	a2,a2,-582 # 7c118 <__sglue>
   11366:	00000597          	auipc	a1,0x0
   1136a:	f8e58593          	addi	a1,a1,-114 # 112f4 <_fflush_r>
   1136e:	0006b517          	auipc	a0,0x6b
   11372:	1c250513          	addi	a0,a0,450 # 7c530 <_impure_data>
   11376:	82bff06f          	j	10ba0 <_fwalk_sglue>
   1137a:	40f2                	lw	ra,28(sp)
   1137c:	6105                	addi	sp,sp,32
   1137e:	b3ed                	j	11168 <__sflush_r>

00011380 <__libc_fini_array>:
   11380:	1141                	addi	sp,sp,-16
   11382:	c606                	sw	ra,12(sp)
   11384:	c422                	sw	s0,8(sp)
   11386:	0006b417          	auipc	s0,0x6b
   1138a:	d8e40413          	addi	s0,s0,-626 # 7c114 <__do_global_dtors_aux_fini_array_entry>
   1138e:	c226                	sw	s1,4(sp)
   11390:	0006b497          	auipc	s1,0x6b
   11394:	d8848493          	addi	s1,s1,-632 # 7c118 <__sglue>
   11398:	40848433          	sub	s0,s1,s0
   1139c:	8409                	srai	s0,s0,0x2
   1139e:	c419                	beqz	s0,113ac <__libc_fini_array+0x2c>
   113a0:	ffc4a783          	lw	a5,-4(s1)
   113a4:	147d                	addi	s0,s0,-1
   113a6:	14f1                	addi	s1,s1,-4
   113a8:	9782                	jalr	a5
   113aa:	f87d                	bnez	s0,113a0 <__libc_fini_array+0x20>
   113ac:	40b2                	lw	ra,12(sp)
   113ae:	4422                	lw	s0,8(sp)
   113b0:	4492                	lw	s1,4(sp)
   113b2:	0141                	addi	sp,sp,16
   113b4:	8082                	ret

000113b6 <__register_exitproc>:
   113b6:	4e418713          	addi	a4,gp,1252 # 7e678 <__atexit>
   113ba:	431c                	lw	a5,0(a4)
   113bc:	cfb9                	beqz	a5,1141a <__register_exitproc+0x64>
   113be:	43d8                	lw	a4,4(a5)
   113c0:	487d                	li	a6,31
   113c2:	06e84063          	blt	a6,a4,11422 <__register_exitproc+0x6c>
   113c6:	e911                	bnez	a0,113da <__register_exitproc+0x24>
   113c8:	00271613          	slli	a2,a4,0x2
   113cc:	0705                	addi	a4,a4,1
   113ce:	00c786b3          	add	a3,a5,a2
   113d2:	c3d8                	sw	a4,4(a5)
   113d4:	4501                	li	a0,0
   113d6:	c68c                	sw	a1,8(a3)
   113d8:	8082                	ret
   113da:	20f74833          	sh2add	a6,a4,a5
   113de:	4309                	li	t1,2
   113e0:	08c82423          	sw	a2,136(a6)
   113e4:	28e01e33          	bset	t3,zero,a4
   113e8:	00271613          	slli	a2,a4,0x2
   113ec:	1887a883          	lw	a7,392(a5) # 1188 <register_fini-0xef2c>
   113f0:	28e898b3          	bset	a7,a7,a4
   113f4:	1917a423          	sw	a7,392(a5)
   113f8:	10d82423          	sw	a3,264(a6)
   113fc:	fc6518e3          	bne	a0,t1,113cc <__register_exitproc+0x16>
   11400:	18c7a683          	lw	a3,396(a5)
   11404:	0705                	addi	a4,a4,1
   11406:	c3d8                	sw	a4,4(a5)
   11408:	4501                	li	a0,0
   1140a:	01c6e6b3          	or	a3,a3,t3
   1140e:	18d7a623          	sw	a3,396(a5)
   11412:	00c786b3          	add	a3,a5,a2
   11416:	c68c                	sw	a1,8(a3)
   11418:	8082                	ret
   1141a:	67018793          	addi	a5,gp,1648 # 7e804 <__atexit0>
   1141e:	c31c                	sw	a5,0(a4)
   11420:	bf79                	j	113be <__register_exitproc+0x8>
   11422:	557d                	li	a0,-1
   11424:	8082                	ret

00011426 <_close_r>:
   11426:	1141                	addi	sp,sp,-16
   11428:	4e01a423          	sw	zero,1256(gp) # 7e67c <errno>
   1142c:	c606                	sw	ra,12(sp)
   1142e:	c422                	sw	s0,8(sp)
   11430:	842a                	mv	s0,a0
   11432:	852e                	mv	a0,a1
   11434:	4f3040ef          	jal	16126 <_close>
   11438:	57fd                	li	a5,-1
   1143a:	00f50663          	beq	a0,a5,11446 <_close_r+0x20>
   1143e:	40b2                	lw	ra,12(sp)
   11440:	4422                	lw	s0,8(sp)
   11442:	0141                	addi	sp,sp,16
   11444:	8082                	ret
   11446:	c226                	sw	s1,4(sp)
   11448:	4e818493          	addi	s1,gp,1256 # 7e67c <errno>
   1144c:	409c                	lw	a5,0(s1)
   1144e:	c799                	beqz	a5,1145c <_close_r+0x36>
   11450:	c01c                	sw	a5,0(s0)
   11452:	40b2                	lw	ra,12(sp)
   11454:	4422                	lw	s0,8(sp)
   11456:	4492                	lw	s1,4(sp)
   11458:	0141                	addi	sp,sp,16
   1145a:	8082                	ret
   1145c:	40b2                	lw	ra,12(sp)
   1145e:	4422                	lw	s0,8(sp)
   11460:	4492                	lw	s1,4(sp)
   11462:	0141                	addi	sp,sp,16
   11464:	8082                	ret

00011466 <_reclaim_reent>:
   11466:	4c81a783          	lw	a5,1224(gp) # 7e65c <_impure_ptr>
   1146a:	06a78e63          	beq	a5,a0,114e6 <_reclaim_reent+0x80>
   1146e:	416c                	lw	a1,68(a0)
   11470:	1101                	addi	sp,sp,-32
   11472:	ca26                	sw	s1,20(sp)
   11474:	84aa                	mv	s1,a0
   11476:	ce06                	sw	ra,28(sp)
   11478:	cc22                	sw	s0,24(sp)
   1147a:	c985                	beqz	a1,114aa <_reclaim_reent+0x44>
   1147c:	c84a                	sw	s2,16(sp)
   1147e:	4901                	li	s2,0
   11480:	c64e                	sw	s3,12(sp)
   11482:	08000993          	li	s3,128
   11486:	012587b3          	add	a5,a1,s2
   1148a:	4380                	lw	s0,0(a5)
   1148c:	c419                	beqz	s0,1149a <_reclaim_reent+0x34>
   1148e:	ace2                	cm.mva01s	s1,s0
   11490:	4000                	lw	s0,0(s0)
   11492:	99fff0ef          	jal	10e30 <_free_r>
   11496:	fc65                	bnez	s0,1148e <_reclaim_reent+0x28>
   11498:	40ec                	lw	a1,68(s1)
   1149a:	0911                	addi	s2,s2,4
   1149c:	ff3915e3          	bne	s2,s3,11486 <_reclaim_reent+0x20>
   114a0:	8526                	mv	a0,s1
   114a2:	98fff0ef          	jal	10e30 <_free_r>
   114a6:	4942                	lw	s2,16(sp)
   114a8:	49b2                	lw	s3,12(sp)
   114aa:	5c8c                	lw	a1,56(s1)
   114ac:	c581                	beqz	a1,114b4 <_reclaim_reent+0x4e>
   114ae:	8526                	mv	a0,s1
   114b0:	981ff0ef          	jal	10e30 <_free_r>
   114b4:	40a0                	lw	s0,64(s1)
   114b6:	c411                	beqz	s0,114c2 <_reclaim_reent+0x5c>
   114b8:	ace2                	cm.mva01s	s1,s0
   114ba:	4000                	lw	s0,0(s0)
   114bc:	975ff0ef          	jal	10e30 <_free_r>
   114c0:	fc65                	bnez	s0,114b8 <_reclaim_reent+0x52>
   114c2:	44ec                	lw	a1,76(s1)
   114c4:	c581                	beqz	a1,114cc <_reclaim_reent+0x66>
   114c6:	8526                	mv	a0,s1
   114c8:	969ff0ef          	jal	10e30 <_free_r>
   114cc:	58dc                	lw	a5,52(s1)
   114ce:	c799                	beqz	a5,114dc <_reclaim_reent+0x76>
   114d0:	40f2                	lw	ra,28(sp)
   114d2:	4462                	lw	s0,24(sp)
   114d4:	8526                	mv	a0,s1
   114d6:	44d2                	lw	s1,20(sp)
   114d8:	6105                	addi	sp,sp,32
   114da:	8782                	jr	a5
   114dc:	40f2                	lw	ra,28(sp)
   114de:	4462                	lw	s0,24(sp)
   114e0:	44d2                	lw	s1,20(sp)
   114e2:	6105                	addi	sp,sp,32
   114e4:	8082                	ret
   114e6:	8082                	ret

000114e8 <riscv_cfft_radix4_init_f32>:
   114e8:	7179                	addi	sp,sp,-48
   114ea:	d606                	sw	ra,44(sp)
   114ec:	d422                	sw	s0,40(sp)
   114ee:	1800                	addi	s0,sp,48
   114f0:	fca42e23          	sw	a0,-36(s0)
   114f4:	87ae                	mv	a5,a1
   114f6:	8736                	mv	a4,a3
   114f8:	fcf41d23          	sh	a5,-38(s0)
   114fc:	87b2                	mv	a5,a2
   114fe:	fcf40ca3          	sb	a5,-39(s0)
   11502:	87ba                	mv	a5,a4
   11504:	fcf40c23          	sb	a5,-40(s0)
   11508:	fe042623          	sw	zero,-20(s0)
   1150c:	fdc42783          	lw	a5,-36(s0)
   11510:	fda45703          	lhu	a4,-38(s0)
   11514:	8f98                	sh	a4,0(a5)
   11516:	fdc42783          	lw	a5,-36(s0)
   1151a:	0001f737          	lui	a4,0x1f
   1151e:	9dc70713          	addi	a4,a4,-1572 # 1e9dc <twiddleCoef_4096>
   11522:	c3d8                	sw	a4,4(a5)
   11524:	fdc42783          	lw	a5,-36(s0)
   11528:	fd944703          	lbu	a4,-39(s0)
   1152c:	8bb8                	sb	a4,2(a5)
   1152e:	fdc42783          	lw	a5,-36(s0)
   11532:	fd844703          	lbu	a4,-40(s0)
   11536:	8bf8                	sb	a4,3(a5)
   11538:	fdc42783          	lw	a5,-36(s0)
   1153c:	879c                	lhu	a5,0(a5)
   1153e:	6705                	lui	a4,0x1
   11540:	02e78d63          	beq	a5,a4,1157a <riscv_cfft_radix4_init_f32+0x92>
   11544:	6705                	lui	a4,0x1
   11546:	12f74163          	blt	a4,a5,11668 <riscv_cfft_radix4_init_f32+0x180>
   1154a:	40000713          	li	a4,1024
   1154e:	04e78d63          	beq	a5,a4,115a8 <riscv_cfft_radix4_init_f32+0xc0>
   11552:	40000713          	li	a4,1024
   11556:	10f74963          	blt	a4,a5,11668 <riscv_cfft_radix4_init_f32+0x180>
   1155a:	10000713          	li	a4,256
   1155e:	06e78c63          	beq	a5,a4,115d6 <riscv_cfft_radix4_init_f32+0xee>
   11562:	10000713          	li	a4,256
   11566:	10f74163          	blt	a4,a5,11668 <riscv_cfft_radix4_init_f32+0x180>
   1156a:	4741                	li	a4,16
   1156c:	0ce78563          	beq	a5,a4,11636 <riscv_cfft_radix4_init_f32+0x14e>
   11570:	04000713          	li	a4,64
   11574:	08e78863          	beq	a5,a4,11604 <riscv_cfft_radix4_init_f32+0x11c>
   11578:	a8c5                	j	11668 <riscv_cfft_radix4_init_f32+0x180>
   1157a:	fdc42783          	lw	a5,-36(s0)
   1157e:	4705                	li	a4,1
   11580:	00e79623          	sh	a4,12(a5)
   11584:	fdc42783          	lw	a5,-36(s0)
   11588:	4705                	li	a4,1
   1158a:	00e79723          	sh	a4,14(a5)
   1158e:	fdc42783          	lw	a5,-36(s0)
   11592:	6759                	lui	a4,0x16
   11594:	25c70713          	addi	a4,a4,604 # 1625c <riscvBitRevTable>
   11598:	c798                	sw	a4,8(a5)
   1159a:	fdc42783          	lw	a5,-36(s0)
   1159e:	6759                	lui	a4,0x16
   115a0:	24472787          	flw	fa5,580(a4) # 16244 <__errno+0x8>
   115a4:	eb9c                	fsw	fa5,16(a5)
   115a6:	a0e9                	j	11670 <riscv_cfft_radix4_init_f32+0x188>
   115a8:	fdc42783          	lw	a5,-36(s0)
   115ac:	4711                	li	a4,4
   115ae:	00e79623          	sh	a4,12(a5)
   115b2:	fdc42783          	lw	a5,-36(s0)
   115b6:	4711                	li	a4,4
   115b8:	00e79723          	sh	a4,14(a5)
   115bc:	fdc42783          	lw	a5,-36(s0)
   115c0:	6759                	lui	a4,0x16
   115c2:	26270713          	addi	a4,a4,610 # 16262 <riscvBitRevTable+0x6>
   115c6:	c798                	sw	a4,8(a5)
   115c8:	fdc42783          	lw	a5,-36(s0)
   115cc:	6759                	lui	a4,0x16
   115ce:	24872787          	flw	fa5,584(a4) # 16248 <__errno+0xc>
   115d2:	eb9c                	fsw	fa5,16(a5)
   115d4:	a871                	j	11670 <riscv_cfft_radix4_init_f32+0x188>
   115d6:	fdc42783          	lw	a5,-36(s0)
   115da:	4741                	li	a4,16
   115dc:	00e79623          	sh	a4,12(a5)
   115e0:	fdc42783          	lw	a5,-36(s0)
   115e4:	4741                	li	a4,16
   115e6:	00e79723          	sh	a4,14(a5)
   115ea:	fdc42783          	lw	a5,-36(s0)
   115ee:	6759                	lui	a4,0x16
   115f0:	27a70713          	addi	a4,a4,634 # 1627a <riscvBitRevTable+0x1e>
   115f4:	c798                	sw	a4,8(a5)
   115f6:	fdc42783          	lw	a5,-36(s0)
   115fa:	6759                	lui	a4,0x16
   115fc:	24c72787          	flw	fa5,588(a4) # 1624c <__errno+0x10>
   11600:	eb9c                	fsw	fa5,16(a5)
   11602:	a0bd                	j	11670 <riscv_cfft_radix4_init_f32+0x188>
   11604:	fdc42783          	lw	a5,-36(s0)
   11608:	04000713          	li	a4,64
   1160c:	00e79623          	sh	a4,12(a5)
   11610:	fdc42783          	lw	a5,-36(s0)
   11614:	04000713          	li	a4,64
   11618:	00e79723          	sh	a4,14(a5)
   1161c:	fdc42783          	lw	a5,-36(s0)
   11620:	6759                	lui	a4,0x16
   11622:	2da70713          	addi	a4,a4,730 # 162da <riscvBitRevTable+0x7e>
   11626:	c798                	sw	a4,8(a5)
   11628:	fdc42783          	lw	a5,-36(s0)
   1162c:	6759                	lui	a4,0x16
   1162e:	25072787          	flw	fa5,592(a4) # 16250 <__errno+0x14>
   11632:	eb9c                	fsw	fa5,16(a5)
   11634:	a835                	j	11670 <riscv_cfft_radix4_init_f32+0x188>
   11636:	fdc42783          	lw	a5,-36(s0)
   1163a:	10000713          	li	a4,256
   1163e:	00e79623          	sh	a4,12(a5)
   11642:	fdc42783          	lw	a5,-36(s0)
   11646:	10000713          	li	a4,256
   1164a:	00e79723          	sh	a4,14(a5)
   1164e:	fdc42783          	lw	a5,-36(s0)
   11652:	6759                	lui	a4,0x16
   11654:	45a70713          	addi	a4,a4,1114 # 1645a <riscvBitRevTable+0x1fe>
   11658:	c798                	sw	a4,8(a5)
   1165a:	fdc42783          	lw	a5,-36(s0)
   1165e:	6759                	lui	a4,0x16
   11660:	25472787          	flw	fa5,596(a4) # 16254 <__errno+0x18>
   11664:	eb9c                	fsw	fa5,16(a5)
   11666:	a029                	j	11670 <riscv_cfft_radix4_init_f32+0x188>
   11668:	57fd                	li	a5,-1
   1166a:	fef42623          	sw	a5,-20(s0)
   1166e:	0001                	nop
   11670:	fec42783          	lw	a5,-20(s0)
   11674:	853e                	mv	a0,a5
   11676:	50b2                	lw	ra,44(sp)
   11678:	5422                	lw	s0,40(sp)
   1167a:	6145                	addi	sp,sp,48
   1167c:	8082                	ret

0001167e <riscv_radix8_butterfly_f32>:
   1167e:	7111                	addi	sp,sp,-256
   11680:	df86                	sw	ra,252(sp)
   11682:	dda2                	sw	s0,248(sp)
   11684:	0200                	addi	s0,sp,256
   11686:	f0a42623          	sw	a0,-244(s0)
   1168a:	87ae                	mv	a5,a1
   1168c:	f0c42223          	sw	a2,-252(s0)
   11690:	8736                	mv	a4,a3
   11692:	f0f41523          	sh	a5,-246(s0)
   11696:	87ba                	mv	a5,a4
   11698:	f0f41423          	sh	a5,-248(s0)
   1169c:	67d9                	lui	a5,0x16
   1169e:	2587a787          	flw	fa5,600(a5) # 16258 <__errno+0x1c>
   116a2:	fcf42e27          	fsw	fa5,-36(s0)
   116a6:	f0a45783          	lhu	a5,-246(s0)
   116aa:	fef42223          	sw	a5,-28(s0)
   116ae:	fe442783          	lw	a5,-28(s0)
   116b2:	fcf42c23          	sw	a5,-40(s0)
   116b6:	fe442783          	lw	a5,-28(s0)
   116ba:	838d                	srli	a5,a5,0x3
   116bc:	fef42223          	sw	a5,-28(s0)
   116c0:	fe042423          	sw	zero,-24(s0)
   116c4:	fe842703          	lw	a4,-24(s0)
   116c8:	fe442783          	lw	a5,-28(s0)
   116cc:	97ba                	add	a5,a5,a4
   116ce:	fcf42a23          	sw	a5,-44(s0)
   116d2:	fd442703          	lw	a4,-44(s0)
   116d6:	fe442783          	lw	a5,-28(s0)
   116da:	97ba                	add	a5,a5,a4
   116dc:	fcf42823          	sw	a5,-48(s0)
   116e0:	fd042703          	lw	a4,-48(s0)
   116e4:	fe442783          	lw	a5,-28(s0)
   116e8:	97ba                	add	a5,a5,a4
   116ea:	fcf42623          	sw	a5,-52(s0)
   116ee:	fcc42703          	lw	a4,-52(s0)
   116f2:	fe442783          	lw	a5,-28(s0)
   116f6:	97ba                	add	a5,a5,a4
   116f8:	fcf42423          	sw	a5,-56(s0)
   116fc:	fc842703          	lw	a4,-56(s0)
   11700:	fe442783          	lw	a5,-28(s0)
   11704:	97ba                	add	a5,a5,a4
   11706:	fcf42223          	sw	a5,-60(s0)
   1170a:	fc442703          	lw	a4,-60(s0)
   1170e:	fe442783          	lw	a5,-28(s0)
   11712:	97ba                	add	a5,a5,a4
   11714:	fcf42023          	sw	a5,-64(s0)
   11718:	fc042703          	lw	a4,-64(s0)
   1171c:	fe442783          	lw	a5,-28(s0)
   11720:	97ba                	add	a5,a5,a4
   11722:	faf42e23          	sw	a5,-68(s0)
   11726:	fe842783          	lw	a5,-24(s0)
   1172a:	078e                	slli	a5,a5,0x3
   1172c:	f0c42703          	lw	a4,-244(s0)
   11730:	97ba                	add	a5,a5,a4
   11732:	6398                	flw	fa4,0(a5)
   11734:	fc842783          	lw	a5,-56(s0)
   11738:	078e                	slli	a5,a5,0x3
   1173a:	f0c42703          	lw	a4,-244(s0)
   1173e:	97ba                	add	a5,a5,a4
   11740:	639c                	flw	fa5,0(a5)
   11742:	00f777d3          	fadd.s	fa5,fa4,fa5
   11746:	faf42c27          	fsw	fa5,-72(s0)
   1174a:	fe842783          	lw	a5,-24(s0)
   1174e:	078e                	slli	a5,a5,0x3
   11750:	f0c42703          	lw	a4,-244(s0)
   11754:	97ba                	add	a5,a5,a4
   11756:	6398                	flw	fa4,0(a5)
   11758:	fc842783          	lw	a5,-56(s0)
   1175c:	078e                	slli	a5,a5,0x3
   1175e:	f0c42703          	lw	a4,-244(s0)
   11762:	97ba                	add	a5,a5,a4
   11764:	639c                	flw	fa5,0(a5)
   11766:	08f777d3          	fsub.s	fa5,fa4,fa5
   1176a:	faf42a27          	fsw	fa5,-76(s0)
   1176e:	fd442783          	lw	a5,-44(s0)
   11772:	078e                	slli	a5,a5,0x3
   11774:	f0c42703          	lw	a4,-244(s0)
   11778:	97ba                	add	a5,a5,a4
   1177a:	6398                	flw	fa4,0(a5)
   1177c:	fc442783          	lw	a5,-60(s0)
   11780:	078e                	slli	a5,a5,0x3
   11782:	f0c42703          	lw	a4,-244(s0)
   11786:	97ba                	add	a5,a5,a4
   11788:	639c                	flw	fa5,0(a5)
   1178a:	00f777d3          	fadd.s	fa5,fa4,fa5
   1178e:	faf42827          	fsw	fa5,-80(s0)
   11792:	fd442783          	lw	a5,-44(s0)
   11796:	078e                	slli	a5,a5,0x3
   11798:	f0c42703          	lw	a4,-244(s0)
   1179c:	97ba                	add	a5,a5,a4
   1179e:	6398                	flw	fa4,0(a5)
   117a0:	fc442783          	lw	a5,-60(s0)
   117a4:	078e                	slli	a5,a5,0x3
   117a6:	f0c42703          	lw	a4,-244(s0)
   117aa:	97ba                	add	a5,a5,a4
   117ac:	639c                	flw	fa5,0(a5)
   117ae:	08f777d3          	fsub.s	fa5,fa4,fa5
   117b2:	faf42627          	fsw	fa5,-84(s0)
   117b6:	fd042783          	lw	a5,-48(s0)
   117ba:	078e                	slli	a5,a5,0x3
   117bc:	f0c42703          	lw	a4,-244(s0)
   117c0:	97ba                	add	a5,a5,a4
   117c2:	6398                	flw	fa4,0(a5)
   117c4:	fc042783          	lw	a5,-64(s0)
   117c8:	078e                	slli	a5,a5,0x3
   117ca:	f0c42703          	lw	a4,-244(s0)
   117ce:	97ba                	add	a5,a5,a4
   117d0:	639c                	flw	fa5,0(a5)
   117d2:	00f777d3          	fadd.s	fa5,fa4,fa5
   117d6:	faf42427          	fsw	fa5,-88(s0)
   117da:	fd042783          	lw	a5,-48(s0)
   117de:	078e                	slli	a5,a5,0x3
   117e0:	f0c42703          	lw	a4,-244(s0)
   117e4:	97ba                	add	a5,a5,a4
   117e6:	6398                	flw	fa4,0(a5)
   117e8:	fc042783          	lw	a5,-64(s0)
   117ec:	078e                	slli	a5,a5,0x3
   117ee:	f0c42703          	lw	a4,-244(s0)
   117f2:	97ba                	add	a5,a5,a4
   117f4:	639c                	flw	fa5,0(a5)
   117f6:	08f777d3          	fsub.s	fa5,fa4,fa5
   117fa:	faf42227          	fsw	fa5,-92(s0)
   117fe:	fcc42783          	lw	a5,-52(s0)
   11802:	078e                	slli	a5,a5,0x3
   11804:	f0c42703          	lw	a4,-244(s0)
   11808:	97ba                	add	a5,a5,a4
   1180a:	6398                	flw	fa4,0(a5)
   1180c:	fbc42783          	lw	a5,-68(s0)
   11810:	078e                	slli	a5,a5,0x3
   11812:	f0c42703          	lw	a4,-244(s0)
   11816:	97ba                	add	a5,a5,a4
   11818:	639c                	flw	fa5,0(a5)
   1181a:	00f777d3          	fadd.s	fa5,fa4,fa5
   1181e:	faf42027          	fsw	fa5,-96(s0)
   11822:	fcc42783          	lw	a5,-52(s0)
   11826:	078e                	slli	a5,a5,0x3
   11828:	f0c42703          	lw	a4,-244(s0)
   1182c:	97ba                	add	a5,a5,a4
   1182e:	6398                	flw	fa4,0(a5)
   11830:	fbc42783          	lw	a5,-68(s0)
   11834:	078e                	slli	a5,a5,0x3
   11836:	f0c42703          	lw	a4,-244(s0)
   1183a:	97ba                	add	a5,a5,a4
   1183c:	639c                	flw	fa5,0(a5)
   1183e:	08f777d3          	fsub.s	fa5,fa4,fa5
   11842:	f8f42e27          	fsw	fa5,-100(s0)
   11846:	fb842707          	flw	fa4,-72(s0)
   1184a:	fa842787          	flw	fa5,-88(s0)
   1184e:	08f777d3          	fsub.s	fa5,fa4,fa5
   11852:	f8f42c27          	fsw	fa5,-104(s0)
   11856:	fb842707          	flw	fa4,-72(s0)
   1185a:	fa842787          	flw	fa5,-88(s0)
   1185e:	00f777d3          	fadd.s	fa5,fa4,fa5
   11862:	faf42c27          	fsw	fa5,-72(s0)
   11866:	fb042707          	flw	fa4,-80(s0)
   1186a:	fa042787          	flw	fa5,-96(s0)
   1186e:	08f777d3          	fsub.s	fa5,fa4,fa5
   11872:	faf42427          	fsw	fa5,-88(s0)
   11876:	fb042707          	flw	fa4,-80(s0)
   1187a:	fa042787          	flw	fa5,-96(s0)
   1187e:	00f777d3          	fadd.s	fa5,fa4,fa5
   11882:	faf42827          	fsw	fa5,-80(s0)
   11886:	fe842783          	lw	a5,-24(s0)
   1188a:	078e                	slli	a5,a5,0x3
   1188c:	f0c42703          	lw	a4,-244(s0)
   11890:	97ba                	add	a5,a5,a4
   11892:	fb842707          	flw	fa4,-72(s0)
   11896:	fb042787          	flw	fa5,-80(s0)
   1189a:	00f777d3          	fadd.s	fa5,fa4,fa5
   1189e:	e39c                	fsw	fa5,0(a5)
   118a0:	fc842783          	lw	a5,-56(s0)
   118a4:	078e                	slli	a5,a5,0x3
   118a6:	f0c42703          	lw	a4,-244(s0)
   118aa:	97ba                	add	a5,a5,a4
   118ac:	fb842707          	flw	fa4,-72(s0)
   118b0:	fb042787          	flw	fa5,-80(s0)
   118b4:	08f777d3          	fsub.s	fa5,fa4,fa5
   118b8:	e39c                	fsw	fa5,0(a5)
   118ba:	fe842783          	lw	a5,-24(s0)
   118be:	078e                	slli	a5,a5,0x3
   118c0:	0791                	addi	a5,a5,4
   118c2:	f0c42703          	lw	a4,-244(s0)
   118c6:	97ba                	add	a5,a5,a4
   118c8:	6398                	flw	fa4,0(a5)
   118ca:	fc842783          	lw	a5,-56(s0)
   118ce:	078e                	slli	a5,a5,0x3
   118d0:	0791                	addi	a5,a5,4
   118d2:	f0c42703          	lw	a4,-244(s0)
   118d6:	97ba                	add	a5,a5,a4
   118d8:	639c                	flw	fa5,0(a5)
   118da:	00f777d3          	fadd.s	fa5,fa4,fa5
   118de:	faf42c27          	fsw	fa5,-72(s0)
   118e2:	fe842783          	lw	a5,-24(s0)
   118e6:	078e                	slli	a5,a5,0x3
   118e8:	0791                	addi	a5,a5,4
   118ea:	f0c42703          	lw	a4,-244(s0)
   118ee:	97ba                	add	a5,a5,a4
   118f0:	6398                	flw	fa4,0(a5)
   118f2:	fc842783          	lw	a5,-56(s0)
   118f6:	078e                	slli	a5,a5,0x3
   118f8:	0791                	addi	a5,a5,4
   118fa:	f0c42703          	lw	a4,-244(s0)
   118fe:	97ba                	add	a5,a5,a4
   11900:	639c                	flw	fa5,0(a5)
   11902:	08f777d3          	fsub.s	fa5,fa4,fa5
   11906:	f8f42a27          	fsw	fa5,-108(s0)
   1190a:	fd442783          	lw	a5,-44(s0)
   1190e:	078e                	slli	a5,a5,0x3
   11910:	0791                	addi	a5,a5,4
   11912:	f0c42703          	lw	a4,-244(s0)
   11916:	97ba                	add	a5,a5,a4
   11918:	6398                	flw	fa4,0(a5)
   1191a:	fc442783          	lw	a5,-60(s0)
   1191e:	078e                	slli	a5,a5,0x3
   11920:	0791                	addi	a5,a5,4
   11922:	f0c42703          	lw	a4,-244(s0)
   11926:	97ba                	add	a5,a5,a4
   11928:	639c                	flw	fa5,0(a5)
   1192a:	00f777d3          	fadd.s	fa5,fa4,fa5
   1192e:	faf42827          	fsw	fa5,-80(s0)
   11932:	fd442783          	lw	a5,-44(s0)
   11936:	078e                	slli	a5,a5,0x3
   11938:	0791                	addi	a5,a5,4
   1193a:	f0c42703          	lw	a4,-244(s0)
   1193e:	97ba                	add	a5,a5,a4
   11940:	6398                	flw	fa4,0(a5)
   11942:	fc442783          	lw	a5,-60(s0)
   11946:	078e                	slli	a5,a5,0x3
   11948:	0791                	addi	a5,a5,4
   1194a:	f0c42703          	lw	a4,-244(s0)
   1194e:	97ba                	add	a5,a5,a4
   11950:	639c                	flw	fa5,0(a5)
   11952:	08f777d3          	fsub.s	fa5,fa4,fa5
   11956:	f8f42827          	fsw	fa5,-112(s0)
   1195a:	fd042783          	lw	a5,-48(s0)
   1195e:	078e                	slli	a5,a5,0x3
   11960:	0791                	addi	a5,a5,4
   11962:	f0c42703          	lw	a4,-244(s0)
   11966:	97ba                	add	a5,a5,a4
   11968:	6398                	flw	fa4,0(a5)
   1196a:	fc042783          	lw	a5,-64(s0)
   1196e:	078e                	slli	a5,a5,0x3
   11970:	0791                	addi	a5,a5,4
   11972:	f0c42703          	lw	a4,-244(s0)
   11976:	97ba                	add	a5,a5,a4
   11978:	639c                	flw	fa5,0(a5)
   1197a:	00f777d3          	fadd.s	fa5,fa4,fa5
   1197e:	f8f42627          	fsw	fa5,-116(s0)
   11982:	fd042783          	lw	a5,-48(s0)
   11986:	078e                	slli	a5,a5,0x3
   11988:	0791                	addi	a5,a5,4
   1198a:	f0c42703          	lw	a4,-244(s0)
   1198e:	97ba                	add	a5,a5,a4
   11990:	6398                	flw	fa4,0(a5)
   11992:	fc042783          	lw	a5,-64(s0)
   11996:	078e                	slli	a5,a5,0x3
   11998:	0791                	addi	a5,a5,4
   1199a:	f0c42703          	lw	a4,-244(s0)
   1199e:	97ba                	add	a5,a5,a4
   119a0:	639c                	flw	fa5,0(a5)
   119a2:	08f777d3          	fsub.s	fa5,fa4,fa5
   119a6:	f8f42427          	fsw	fa5,-120(s0)
   119aa:	fcc42783          	lw	a5,-52(s0)
   119ae:	078e                	slli	a5,a5,0x3
   119b0:	0791                	addi	a5,a5,4
   119b2:	f0c42703          	lw	a4,-244(s0)
   119b6:	97ba                	add	a5,a5,a4
   119b8:	6398                	flw	fa4,0(a5)
   119ba:	fbc42783          	lw	a5,-68(s0)
   119be:	078e                	slli	a5,a5,0x3
   119c0:	0791                	addi	a5,a5,4
   119c2:	f0c42703          	lw	a4,-244(s0)
   119c6:	97ba                	add	a5,a5,a4
   119c8:	639c                	flw	fa5,0(a5)
   119ca:	00f777d3          	fadd.s	fa5,fa4,fa5
   119ce:	faf42027          	fsw	fa5,-96(s0)
   119d2:	fcc42783          	lw	a5,-52(s0)
   119d6:	078e                	slli	a5,a5,0x3
   119d8:	0791                	addi	a5,a5,4
   119da:	f0c42703          	lw	a4,-244(s0)
   119de:	97ba                	add	a5,a5,a4
   119e0:	6398                	flw	fa4,0(a5)
   119e2:	fbc42783          	lw	a5,-68(s0)
   119e6:	078e                	slli	a5,a5,0x3
   119e8:	0791                	addi	a5,a5,4
   119ea:	f0c42703          	lw	a4,-244(s0)
   119ee:	97ba                	add	a5,a5,a4
   119f0:	639c                	flw	fa5,0(a5)
   119f2:	08f777d3          	fsub.s	fa5,fa4,fa5
   119f6:	f8f42227          	fsw	fa5,-124(s0)
   119fa:	fb842707          	flw	fa4,-72(s0)
   119fe:	f8c42787          	flw	fa5,-116(s0)
   11a02:	08f777d3          	fsub.s	fa5,fa4,fa5
   11a06:	f8f42027          	fsw	fa5,-128(s0)
   11a0a:	fb842707          	flw	fa4,-72(s0)
   11a0e:	f8c42787          	flw	fa5,-116(s0)
   11a12:	00f777d3          	fadd.s	fa5,fa4,fa5
   11a16:	faf42c27          	fsw	fa5,-72(s0)
   11a1a:	fb042707          	flw	fa4,-80(s0)
   11a1e:	fa042787          	flw	fa5,-96(s0)
   11a22:	08f777d3          	fsub.s	fa5,fa4,fa5
   11a26:	f8f42627          	fsw	fa5,-116(s0)
   11a2a:	fb042707          	flw	fa4,-80(s0)
   11a2e:	fa042787          	flw	fa5,-96(s0)
   11a32:	00f777d3          	fadd.s	fa5,fa4,fa5
   11a36:	faf42827          	fsw	fa5,-80(s0)
   11a3a:	fe842783          	lw	a5,-24(s0)
   11a3e:	078e                	slli	a5,a5,0x3
   11a40:	0791                	addi	a5,a5,4
   11a42:	f0c42703          	lw	a4,-244(s0)
   11a46:	97ba                	add	a5,a5,a4
   11a48:	fb842707          	flw	fa4,-72(s0)
   11a4c:	fb042787          	flw	fa5,-80(s0)
   11a50:	00f777d3          	fadd.s	fa5,fa4,fa5
   11a54:	e39c                	fsw	fa5,0(a5)
   11a56:	fc842783          	lw	a5,-56(s0)
   11a5a:	078e                	slli	a5,a5,0x3
   11a5c:	0791                	addi	a5,a5,4
   11a5e:	f0c42703          	lw	a4,-244(s0)
   11a62:	97ba                	add	a5,a5,a4
   11a64:	fb842707          	flw	fa4,-72(s0)
   11a68:	fb042787          	flw	fa5,-80(s0)
   11a6c:	08f777d3          	fsub.s	fa5,fa4,fa5
   11a70:	e39c                	fsw	fa5,0(a5)
   11a72:	fd042783          	lw	a5,-48(s0)
   11a76:	078e                	slli	a5,a5,0x3
   11a78:	f0c42703          	lw	a4,-244(s0)
   11a7c:	97ba                	add	a5,a5,a4
   11a7e:	f9842707          	flw	fa4,-104(s0)
   11a82:	f8c42787          	flw	fa5,-116(s0)
   11a86:	00f777d3          	fadd.s	fa5,fa4,fa5
   11a8a:	e39c                	fsw	fa5,0(a5)
   11a8c:	fc042783          	lw	a5,-64(s0)
   11a90:	078e                	slli	a5,a5,0x3
   11a92:	f0c42703          	lw	a4,-244(s0)
   11a96:	97ba                	add	a5,a5,a4
   11a98:	f9842707          	flw	fa4,-104(s0)
   11a9c:	f8c42787          	flw	fa5,-116(s0)
   11aa0:	08f777d3          	fsub.s	fa5,fa4,fa5
   11aa4:	e39c                	fsw	fa5,0(a5)
   11aa6:	fd042783          	lw	a5,-48(s0)
   11aaa:	078e                	slli	a5,a5,0x3
   11aac:	0791                	addi	a5,a5,4
   11aae:	f0c42703          	lw	a4,-244(s0)
   11ab2:	97ba                	add	a5,a5,a4
   11ab4:	f8042707          	flw	fa4,-128(s0)
   11ab8:	fa842787          	flw	fa5,-88(s0)
   11abc:	08f777d3          	fsub.s	fa5,fa4,fa5
   11ac0:	e39c                	fsw	fa5,0(a5)
   11ac2:	fc042783          	lw	a5,-64(s0)
   11ac6:	078e                	slli	a5,a5,0x3
   11ac8:	0791                	addi	a5,a5,4
   11aca:	f0c42703          	lw	a4,-244(s0)
   11ace:	97ba                	add	a5,a5,a4
   11ad0:	f8042707          	flw	fa4,-128(s0)
   11ad4:	fa842787          	flw	fa5,-88(s0)
   11ad8:	00f777d3          	fadd.s	fa5,fa4,fa5
   11adc:	e39c                	fsw	fa5,0(a5)
   11ade:	fac42707          	flw	fa4,-84(s0)
   11ae2:	f9c42787          	flw	fa5,-100(s0)
   11ae6:	08f777d3          	fsub.s	fa5,fa4,fa5
   11aea:	fdc42707          	flw	fa4,-36(s0)
   11aee:	10f777d3          	fmul.s	fa5,fa4,fa5
   11af2:	faf42c27          	fsw	fa5,-72(s0)
   11af6:	fac42707          	flw	fa4,-84(s0)
   11afa:	f9c42787          	flw	fa5,-100(s0)
   11afe:	00f777d3          	fadd.s	fa5,fa4,fa5
   11b02:	fdc42707          	flw	fa4,-36(s0)
   11b06:	10f777d3          	fmul.s	fa5,fa4,fa5
   11b0a:	faf42627          	fsw	fa5,-84(s0)
   11b0e:	f9042707          	flw	fa4,-112(s0)
   11b12:	f8442787          	flw	fa5,-124(s0)
   11b16:	08f777d3          	fsub.s	fa5,fa4,fa5
   11b1a:	fdc42707          	flw	fa4,-36(s0)
   11b1e:	10f777d3          	fmul.s	fa5,fa4,fa5
   11b22:	faf42827          	fsw	fa5,-80(s0)
   11b26:	f9042707          	flw	fa4,-112(s0)
   11b2a:	f8442787          	flw	fa5,-124(s0)
   11b2e:	00f777d3          	fadd.s	fa5,fa4,fa5
   11b32:	fdc42707          	flw	fa4,-36(s0)
   11b36:	10f777d3          	fmul.s	fa5,fa4,fa5
   11b3a:	f8f42827          	fsw	fa5,-112(s0)
   11b3e:	fb442707          	flw	fa4,-76(s0)
   11b42:	fb842787          	flw	fa5,-72(s0)
   11b46:	08f777d3          	fsub.s	fa5,fa4,fa5
   11b4a:	f8f42c27          	fsw	fa5,-104(s0)
   11b4e:	fb442707          	flw	fa4,-76(s0)
   11b52:	fb842787          	flw	fa5,-72(s0)
   11b56:	00f777d3          	fadd.s	fa5,fa4,fa5
   11b5a:	faf42a27          	fsw	fa5,-76(s0)
   11b5e:	fa442707          	flw	fa4,-92(s0)
   11b62:	fac42787          	flw	fa5,-84(s0)
   11b66:	08f777d3          	fsub.s	fa5,fa4,fa5
   11b6a:	f8f42e27          	fsw	fa5,-100(s0)
   11b6e:	fa442707          	flw	fa4,-92(s0)
   11b72:	fac42787          	flw	fa5,-84(s0)
   11b76:	00f777d3          	fadd.s	fa5,fa4,fa5
   11b7a:	faf42227          	fsw	fa5,-92(s0)
   11b7e:	f9442707          	flw	fa4,-108(s0)
   11b82:	fb042787          	flw	fa5,-80(s0)
   11b86:	08f777d3          	fsub.s	fa5,fa4,fa5
   11b8a:	f8f42027          	fsw	fa5,-128(s0)
   11b8e:	f9442707          	flw	fa4,-108(s0)
   11b92:	fb042787          	flw	fa5,-80(s0)
   11b96:	00f777d3          	fadd.s	fa5,fa4,fa5
   11b9a:	f8f42a27          	fsw	fa5,-108(s0)
   11b9e:	f8842707          	flw	fa4,-120(s0)
   11ba2:	f9042787          	flw	fa5,-112(s0)
   11ba6:	08f777d3          	fsub.s	fa5,fa4,fa5
   11baa:	f8f42227          	fsw	fa5,-124(s0)
   11bae:	f8842707          	flw	fa4,-120(s0)
   11bb2:	f9042787          	flw	fa5,-112(s0)
   11bb6:	00f777d3          	fadd.s	fa5,fa4,fa5
   11bba:	f8f42427          	fsw	fa5,-120(s0)
   11bbe:	fd442783          	lw	a5,-44(s0)
   11bc2:	078e                	slli	a5,a5,0x3
   11bc4:	f0c42703          	lw	a4,-244(s0)
   11bc8:	97ba                	add	a5,a5,a4
   11bca:	fb442707          	flw	fa4,-76(s0)
   11bce:	f8842787          	flw	fa5,-120(s0)
   11bd2:	00f777d3          	fadd.s	fa5,fa4,fa5
   11bd6:	e39c                	fsw	fa5,0(a5)
   11bd8:	fbc42783          	lw	a5,-68(s0)
   11bdc:	078e                	slli	a5,a5,0x3
   11bde:	f0c42703          	lw	a4,-244(s0)
   11be2:	97ba                	add	a5,a5,a4
   11be4:	fb442707          	flw	fa4,-76(s0)
   11be8:	f8842787          	flw	fa5,-120(s0)
   11bec:	08f777d3          	fsub.s	fa5,fa4,fa5
   11bf0:	e39c                	fsw	fa5,0(a5)
   11bf2:	fc442783          	lw	a5,-60(s0)
   11bf6:	078e                	slli	a5,a5,0x3
   11bf8:	f0c42703          	lw	a4,-244(s0)
   11bfc:	97ba                	add	a5,a5,a4
   11bfe:	f9842707          	flw	fa4,-104(s0)
   11c02:	f8442787          	flw	fa5,-124(s0)
   11c06:	00f777d3          	fadd.s	fa5,fa4,fa5
   11c0a:	e39c                	fsw	fa5,0(a5)
   11c0c:	fcc42783          	lw	a5,-52(s0)
   11c10:	078e                	slli	a5,a5,0x3
   11c12:	f0c42703          	lw	a4,-244(s0)
   11c16:	97ba                	add	a5,a5,a4
   11c18:	f9842707          	flw	fa4,-104(s0)
   11c1c:	f8442787          	flw	fa5,-124(s0)
   11c20:	08f777d3          	fsub.s	fa5,fa4,fa5
   11c24:	e39c                	fsw	fa5,0(a5)
   11c26:	fd442783          	lw	a5,-44(s0)
   11c2a:	078e                	slli	a5,a5,0x3
   11c2c:	0791                	addi	a5,a5,4
   11c2e:	f0c42703          	lw	a4,-244(s0)
   11c32:	97ba                	add	a5,a5,a4
   11c34:	f9442707          	flw	fa4,-108(s0)
   11c38:	fa442787          	flw	fa5,-92(s0)
   11c3c:	08f777d3          	fsub.s	fa5,fa4,fa5
   11c40:	e39c                	fsw	fa5,0(a5)
   11c42:	fbc42783          	lw	a5,-68(s0)
   11c46:	078e                	slli	a5,a5,0x3
   11c48:	0791                	addi	a5,a5,4
   11c4a:	f0c42703          	lw	a4,-244(s0)
   11c4e:	97ba                	add	a5,a5,a4
   11c50:	f9442707          	flw	fa4,-108(s0)
   11c54:	fa442787          	flw	fa5,-92(s0)
   11c58:	00f777d3          	fadd.s	fa5,fa4,fa5
   11c5c:	e39c                	fsw	fa5,0(a5)
   11c5e:	fc442783          	lw	a5,-60(s0)
   11c62:	078e                	slli	a5,a5,0x3
   11c64:	0791                	addi	a5,a5,4
   11c66:	f0c42703          	lw	a4,-244(s0)
   11c6a:	97ba                	add	a5,a5,a4
   11c6c:	f8042707          	flw	fa4,-128(s0)
   11c70:	f9c42787          	flw	fa5,-100(s0)
   11c74:	08f777d3          	fsub.s	fa5,fa4,fa5
   11c78:	e39c                	fsw	fa5,0(a5)
   11c7a:	fcc42783          	lw	a5,-52(s0)
   11c7e:	078e                	slli	a5,a5,0x3
   11c80:	0791                	addi	a5,a5,4
   11c82:	f0c42703          	lw	a4,-244(s0)
   11c86:	97ba                	add	a5,a5,a4
   11c88:	f8042707          	flw	fa4,-128(s0)
   11c8c:	f9c42787          	flw	fa5,-100(s0)
   11c90:	00f777d3          	fadd.s	fa5,fa4,fa5
   11c94:	e39c                	fsw	fa5,0(a5)
   11c96:	fe842703          	lw	a4,-24(s0)
   11c9a:	fd842783          	lw	a5,-40(s0)
   11c9e:	97ba                	add	a5,a5,a4
   11ca0:	fef42423          	sw	a5,-24(s0)
   11ca4:	f0a45783          	lhu	a5,-246(s0)
   11ca8:	fe842703          	lw	a4,-24(s0)
   11cac:	a0f76ce3          	bltu	a4,a5,116c4 <riscv_radix8_butterfly_f32+0x46>
   11cb0:	fe442703          	lw	a4,-28(s0)
   11cb4:	479d                	li	a5,7
   11cb6:	24e7f5e3          	bgeu	a5,a4,12700 <riscv_radix8_butterfly_f32+0x1082>
   11cba:	fe042623          	sw	zero,-20(s0)
   11cbe:	4785                	li	a5,1
   11cc0:	fef42023          	sw	a5,-32(s0)
   11cc4:	f0845783          	lhu	a5,-248(s0)
   11cc8:	fec42703          	lw	a4,-20(s0)
   11ccc:	97ba                	add	a5,a5,a4
   11cce:	f6f42e23          	sw	a5,-132(s0)
   11cd2:	f7c42783          	lw	a5,-132(s0)
   11cd6:	fef42623          	sw	a5,-20(s0)
   11cda:	fec42703          	lw	a4,-20(s0)
   11cde:	f7c42783          	lw	a5,-132(s0)
   11ce2:	97ba                	add	a5,a5,a4
   11ce4:	f6f42c23          	sw	a5,-136(s0)
   11ce8:	f7842703          	lw	a4,-136(s0)
   11cec:	f7c42783          	lw	a5,-132(s0)
   11cf0:	97ba                	add	a5,a5,a4
   11cf2:	f6f42a23          	sw	a5,-140(s0)
   11cf6:	f7442703          	lw	a4,-140(s0)
   11cfa:	f7c42783          	lw	a5,-132(s0)
   11cfe:	97ba                	add	a5,a5,a4
   11d00:	f6f42823          	sw	a5,-144(s0)
   11d04:	f7042703          	lw	a4,-144(s0)
   11d08:	f7c42783          	lw	a5,-132(s0)
   11d0c:	97ba                	add	a5,a5,a4
   11d0e:	f6f42623          	sw	a5,-148(s0)
   11d12:	f6c42703          	lw	a4,-148(s0)
   11d16:	f7c42783          	lw	a5,-132(s0)
   11d1a:	97ba                	add	a5,a5,a4
   11d1c:	f6f42423          	sw	a5,-152(s0)
   11d20:	f6842703          	lw	a4,-152(s0)
   11d24:	f7c42783          	lw	a5,-132(s0)
   11d28:	97ba                	add	a5,a5,a4
   11d2a:	f6f42223          	sw	a5,-156(s0)
   11d2e:	fec42783          	lw	a5,-20(s0)
   11d32:	078e                	slli	a5,a5,0x3
   11d34:	f0442703          	lw	a4,-252(s0)
   11d38:	97ba                	add	a5,a5,a4
   11d3a:	639c                	flw	fa5,0(a5)
   11d3c:	f6f42027          	fsw	fa5,-160(s0)
   11d40:	f7842783          	lw	a5,-136(s0)
   11d44:	078e                	slli	a5,a5,0x3
   11d46:	f0442703          	lw	a4,-252(s0)
   11d4a:	97ba                	add	a5,a5,a4
   11d4c:	639c                	flw	fa5,0(a5)
   11d4e:	f4f42e27          	fsw	fa5,-164(s0)
   11d52:	f7442783          	lw	a5,-140(s0)
   11d56:	078e                	slli	a5,a5,0x3
   11d58:	f0442703          	lw	a4,-252(s0)
   11d5c:	97ba                	add	a5,a5,a4
   11d5e:	639c                	flw	fa5,0(a5)
   11d60:	f4f42c27          	fsw	fa5,-168(s0)
   11d64:	f7042783          	lw	a5,-144(s0)
   11d68:	078e                	slli	a5,a5,0x3
   11d6a:	f0442703          	lw	a4,-252(s0)
   11d6e:	97ba                	add	a5,a5,a4
   11d70:	639c                	flw	fa5,0(a5)
   11d72:	f4f42a27          	fsw	fa5,-172(s0)
   11d76:	f6c42783          	lw	a5,-148(s0)
   11d7a:	078e                	slli	a5,a5,0x3
   11d7c:	f0442703          	lw	a4,-252(s0)
   11d80:	97ba                	add	a5,a5,a4
   11d82:	639c                	flw	fa5,0(a5)
   11d84:	f4f42827          	fsw	fa5,-176(s0)
   11d88:	f6842783          	lw	a5,-152(s0)
   11d8c:	078e                	slli	a5,a5,0x3
   11d8e:	f0442703          	lw	a4,-252(s0)
   11d92:	97ba                	add	a5,a5,a4
   11d94:	639c                	flw	fa5,0(a5)
   11d96:	f4f42627          	fsw	fa5,-180(s0)
   11d9a:	f6442783          	lw	a5,-156(s0)
   11d9e:	078e                	slli	a5,a5,0x3
   11da0:	f0442703          	lw	a4,-252(s0)
   11da4:	97ba                	add	a5,a5,a4
   11da6:	639c                	flw	fa5,0(a5)
   11da8:	f4f42427          	fsw	fa5,-184(s0)
   11dac:	fec42783          	lw	a5,-20(s0)
   11db0:	078e                	slli	a5,a5,0x3
   11db2:	0791                	addi	a5,a5,4
   11db4:	f0442703          	lw	a4,-252(s0)
   11db8:	97ba                	add	a5,a5,a4
   11dba:	639c                	flw	fa5,0(a5)
   11dbc:	f4f42227          	fsw	fa5,-188(s0)
   11dc0:	f7842783          	lw	a5,-136(s0)
   11dc4:	078e                	slli	a5,a5,0x3
   11dc6:	0791                	addi	a5,a5,4
   11dc8:	f0442703          	lw	a4,-252(s0)
   11dcc:	97ba                	add	a5,a5,a4
   11dce:	639c                	flw	fa5,0(a5)
   11dd0:	f4f42027          	fsw	fa5,-192(s0)
   11dd4:	f7442783          	lw	a5,-140(s0)
   11dd8:	078e                	slli	a5,a5,0x3
   11dda:	0791                	addi	a5,a5,4
   11ddc:	f0442703          	lw	a4,-252(s0)
   11de0:	97ba                	add	a5,a5,a4
   11de2:	639c                	flw	fa5,0(a5)
   11de4:	f2f42e27          	fsw	fa5,-196(s0)
   11de8:	f7042783          	lw	a5,-144(s0)
   11dec:	078e                	slli	a5,a5,0x3
   11dee:	0791                	addi	a5,a5,4
   11df0:	f0442703          	lw	a4,-252(s0)
   11df4:	97ba                	add	a5,a5,a4
   11df6:	639c                	flw	fa5,0(a5)
   11df8:	f2f42c27          	fsw	fa5,-200(s0)
   11dfc:	f6c42783          	lw	a5,-148(s0)
   11e00:	078e                	slli	a5,a5,0x3
   11e02:	0791                	addi	a5,a5,4
   11e04:	f0442703          	lw	a4,-252(s0)
   11e08:	97ba                	add	a5,a5,a4
   11e0a:	639c                	flw	fa5,0(a5)
   11e0c:	f2f42a27          	fsw	fa5,-204(s0)
   11e10:	f6842783          	lw	a5,-152(s0)
   11e14:	078e                	slli	a5,a5,0x3
   11e16:	0791                	addi	a5,a5,4
   11e18:	f0442703          	lw	a4,-252(s0)
   11e1c:	97ba                	add	a5,a5,a4
   11e1e:	639c                	flw	fa5,0(a5)
   11e20:	f2f42827          	fsw	fa5,-208(s0)
   11e24:	f6442783          	lw	a5,-156(s0)
   11e28:	078e                	slli	a5,a5,0x3
   11e2a:	0791                	addi	a5,a5,4
   11e2c:	f0442703          	lw	a4,-252(s0)
   11e30:	97ba                	add	a5,a5,a4
   11e32:	639c                	flw	fa5,0(a5)
   11e34:	f2f42627          	fsw	fa5,-212(s0)
   11e38:	fe042783          	lw	a5,-32(s0)
   11e3c:	fef42423          	sw	a5,-24(s0)
   11e40:	fe842703          	lw	a4,-24(s0)
   11e44:	fe442783          	lw	a5,-28(s0)
   11e48:	97ba                	add	a5,a5,a4
   11e4a:	fcf42a23          	sw	a5,-44(s0)
   11e4e:	fd442703          	lw	a4,-44(s0)
   11e52:	fe442783          	lw	a5,-28(s0)
   11e56:	97ba                	add	a5,a5,a4
   11e58:	fcf42823          	sw	a5,-48(s0)
   11e5c:	fd042703          	lw	a4,-48(s0)
   11e60:	fe442783          	lw	a5,-28(s0)
   11e64:	97ba                	add	a5,a5,a4
   11e66:	fcf42623          	sw	a5,-52(s0)
   11e6a:	fcc42703          	lw	a4,-52(s0)
   11e6e:	fe442783          	lw	a5,-28(s0)
   11e72:	97ba                	add	a5,a5,a4
   11e74:	fcf42423          	sw	a5,-56(s0)
   11e78:	fc842703          	lw	a4,-56(s0)
   11e7c:	fe442783          	lw	a5,-28(s0)
   11e80:	97ba                	add	a5,a5,a4
   11e82:	fcf42223          	sw	a5,-60(s0)
   11e86:	fc442703          	lw	a4,-60(s0)
   11e8a:	fe442783          	lw	a5,-28(s0)
   11e8e:	97ba                	add	a5,a5,a4
   11e90:	fcf42023          	sw	a5,-64(s0)
   11e94:	fc042703          	lw	a4,-64(s0)
   11e98:	fe442783          	lw	a5,-28(s0)
   11e9c:	97ba                	add	a5,a5,a4
   11e9e:	faf42e23          	sw	a5,-68(s0)
   11ea2:	fe842783          	lw	a5,-24(s0)
   11ea6:	078e                	slli	a5,a5,0x3
   11ea8:	f0c42703          	lw	a4,-244(s0)
   11eac:	97ba                	add	a5,a5,a4
   11eae:	6398                	flw	fa4,0(a5)
   11eb0:	fc842783          	lw	a5,-56(s0)
   11eb4:	078e                	slli	a5,a5,0x3
   11eb6:	f0c42703          	lw	a4,-244(s0)
   11eba:	97ba                	add	a5,a5,a4
   11ebc:	639c                	flw	fa5,0(a5)
   11ebe:	00f777d3          	fadd.s	fa5,fa4,fa5
   11ec2:	faf42c27          	fsw	fa5,-72(s0)
   11ec6:	fe842783          	lw	a5,-24(s0)
   11eca:	078e                	slli	a5,a5,0x3
   11ecc:	f0c42703          	lw	a4,-244(s0)
   11ed0:	97ba                	add	a5,a5,a4
   11ed2:	6398                	flw	fa4,0(a5)
   11ed4:	fc842783          	lw	a5,-56(s0)
   11ed8:	078e                	slli	a5,a5,0x3
   11eda:	f0c42703          	lw	a4,-244(s0)
   11ede:	97ba                	add	a5,a5,a4
   11ee0:	639c                	flw	fa5,0(a5)
   11ee2:	08f777d3          	fsub.s	fa5,fa4,fa5
   11ee6:	faf42a27          	fsw	fa5,-76(s0)
   11eea:	fd442783          	lw	a5,-44(s0)
   11eee:	078e                	slli	a5,a5,0x3
   11ef0:	f0c42703          	lw	a4,-244(s0)
   11ef4:	97ba                	add	a5,a5,a4
   11ef6:	6398                	flw	fa4,0(a5)
   11ef8:	fc442783          	lw	a5,-60(s0)
   11efc:	078e                	slli	a5,a5,0x3
   11efe:	f0c42703          	lw	a4,-244(s0)
   11f02:	97ba                	add	a5,a5,a4
   11f04:	639c                	flw	fa5,0(a5)
   11f06:	00f777d3          	fadd.s	fa5,fa4,fa5
   11f0a:	faf42827          	fsw	fa5,-80(s0)
   11f0e:	fd442783          	lw	a5,-44(s0)
   11f12:	078e                	slli	a5,a5,0x3
   11f14:	f0c42703          	lw	a4,-244(s0)
   11f18:	97ba                	add	a5,a5,a4
   11f1a:	6398                	flw	fa4,0(a5)
   11f1c:	fc442783          	lw	a5,-60(s0)
   11f20:	078e                	slli	a5,a5,0x3
   11f22:	f0c42703          	lw	a4,-244(s0)
   11f26:	97ba                	add	a5,a5,a4
   11f28:	639c                	flw	fa5,0(a5)
   11f2a:	08f777d3          	fsub.s	fa5,fa4,fa5
   11f2e:	faf42627          	fsw	fa5,-84(s0)
   11f32:	fd042783          	lw	a5,-48(s0)
   11f36:	078e                	slli	a5,a5,0x3
   11f38:	f0c42703          	lw	a4,-244(s0)
   11f3c:	97ba                	add	a5,a5,a4
   11f3e:	6398                	flw	fa4,0(a5)
   11f40:	fc042783          	lw	a5,-64(s0)
   11f44:	078e                	slli	a5,a5,0x3
   11f46:	f0c42703          	lw	a4,-244(s0)
   11f4a:	97ba                	add	a5,a5,a4
   11f4c:	639c                	flw	fa5,0(a5)
   11f4e:	00f777d3          	fadd.s	fa5,fa4,fa5
   11f52:	faf42427          	fsw	fa5,-88(s0)
   11f56:	fd042783          	lw	a5,-48(s0)
   11f5a:	078e                	slli	a5,a5,0x3
   11f5c:	f0c42703          	lw	a4,-244(s0)
   11f60:	97ba                	add	a5,a5,a4
   11f62:	6398                	flw	fa4,0(a5)
   11f64:	fc042783          	lw	a5,-64(s0)
   11f68:	078e                	slli	a5,a5,0x3
   11f6a:	f0c42703          	lw	a4,-244(s0)
   11f6e:	97ba                	add	a5,a5,a4
   11f70:	639c                	flw	fa5,0(a5)
   11f72:	08f777d3          	fsub.s	fa5,fa4,fa5
   11f76:	faf42227          	fsw	fa5,-92(s0)
   11f7a:	fcc42783          	lw	a5,-52(s0)
   11f7e:	078e                	slli	a5,a5,0x3
   11f80:	f0c42703          	lw	a4,-244(s0)
   11f84:	97ba                	add	a5,a5,a4
   11f86:	6398                	flw	fa4,0(a5)
   11f88:	fbc42783          	lw	a5,-68(s0)
   11f8c:	078e                	slli	a5,a5,0x3
   11f8e:	f0c42703          	lw	a4,-244(s0)
   11f92:	97ba                	add	a5,a5,a4
   11f94:	639c                	flw	fa5,0(a5)
   11f96:	00f777d3          	fadd.s	fa5,fa4,fa5
   11f9a:	faf42027          	fsw	fa5,-96(s0)
   11f9e:	fcc42783          	lw	a5,-52(s0)
   11fa2:	078e                	slli	a5,a5,0x3
   11fa4:	f0c42703          	lw	a4,-244(s0)
   11fa8:	97ba                	add	a5,a5,a4
   11faa:	6398                	flw	fa4,0(a5)
   11fac:	fbc42783          	lw	a5,-68(s0)
   11fb0:	078e                	slli	a5,a5,0x3
   11fb2:	f0c42703          	lw	a4,-244(s0)
   11fb6:	97ba                	add	a5,a5,a4
   11fb8:	639c                	flw	fa5,0(a5)
   11fba:	08f777d3          	fsub.s	fa5,fa4,fa5
   11fbe:	f8f42e27          	fsw	fa5,-100(s0)
   11fc2:	fb842707          	flw	fa4,-72(s0)
   11fc6:	fa842787          	flw	fa5,-88(s0)
   11fca:	08f777d3          	fsub.s	fa5,fa4,fa5
   11fce:	f8f42c27          	fsw	fa5,-104(s0)
   11fd2:	fb842707          	flw	fa4,-72(s0)
   11fd6:	fa842787          	flw	fa5,-88(s0)
   11fda:	00f777d3          	fadd.s	fa5,fa4,fa5
   11fde:	faf42c27          	fsw	fa5,-72(s0)
   11fe2:	fb042707          	flw	fa4,-80(s0)
   11fe6:	fa042787          	flw	fa5,-96(s0)
   11fea:	08f777d3          	fsub.s	fa5,fa4,fa5
   11fee:	faf42427          	fsw	fa5,-88(s0)
   11ff2:	fb042707          	flw	fa4,-80(s0)
   11ff6:	fa042787          	flw	fa5,-96(s0)
   11ffa:	00f777d3          	fadd.s	fa5,fa4,fa5
   11ffe:	faf42827          	fsw	fa5,-80(s0)
   12002:	fe842783          	lw	a5,-24(s0)
   12006:	078e                	slli	a5,a5,0x3
   12008:	f0c42703          	lw	a4,-244(s0)
   1200c:	97ba                	add	a5,a5,a4
   1200e:	fb842707          	flw	fa4,-72(s0)
   12012:	fb042787          	flw	fa5,-80(s0)
   12016:	00f777d3          	fadd.s	fa5,fa4,fa5
   1201a:	e39c                	fsw	fa5,0(a5)
   1201c:	fb842707          	flw	fa4,-72(s0)
   12020:	fb042787          	flw	fa5,-80(s0)
   12024:	08f777d3          	fsub.s	fa5,fa4,fa5
   12028:	faf42827          	fsw	fa5,-80(s0)
   1202c:	fe842783          	lw	a5,-24(s0)
   12030:	078e                	slli	a5,a5,0x3
   12032:	0791                	addi	a5,a5,4
   12034:	f0c42703          	lw	a4,-244(s0)
   12038:	97ba                	add	a5,a5,a4
   1203a:	6398                	flw	fa4,0(a5)
   1203c:	fc842783          	lw	a5,-56(s0)
   12040:	078e                	slli	a5,a5,0x3
   12042:	0791                	addi	a5,a5,4
   12044:	f0c42703          	lw	a4,-244(s0)
   12048:	97ba                	add	a5,a5,a4
   1204a:	639c                	flw	fa5,0(a5)
   1204c:	00f777d3          	fadd.s	fa5,fa4,fa5
   12050:	f2f42427          	fsw	fa5,-216(s0)
   12054:	fe842783          	lw	a5,-24(s0)
   12058:	078e                	slli	a5,a5,0x3
   1205a:	0791                	addi	a5,a5,4
   1205c:	f0c42703          	lw	a4,-244(s0)
   12060:	97ba                	add	a5,a5,a4
   12062:	6398                	flw	fa4,0(a5)
   12064:	fc842783          	lw	a5,-56(s0)
   12068:	078e                	slli	a5,a5,0x3
   1206a:	0791                	addi	a5,a5,4
   1206c:	f0c42703          	lw	a4,-244(s0)
   12070:	97ba                	add	a5,a5,a4
   12072:	639c                	flw	fa5,0(a5)
   12074:	08f777d3          	fsub.s	fa5,fa4,fa5
   12078:	f8f42a27          	fsw	fa5,-108(s0)
   1207c:	fd442783          	lw	a5,-44(s0)
   12080:	078e                	slli	a5,a5,0x3
   12082:	0791                	addi	a5,a5,4
   12084:	f0c42703          	lw	a4,-244(s0)
   12088:	97ba                	add	a5,a5,a4
   1208a:	6398                	flw	fa4,0(a5)
   1208c:	fc442783          	lw	a5,-60(s0)
   12090:	078e                	slli	a5,a5,0x3
   12092:	0791                	addi	a5,a5,4
   12094:	f0c42703          	lw	a4,-244(s0)
   12098:	97ba                	add	a5,a5,a4
   1209a:	639c                	flw	fa5,0(a5)
   1209c:	00f777d3          	fadd.s	fa5,fa4,fa5
   120a0:	f2f42227          	fsw	fa5,-220(s0)
   120a4:	fd442783          	lw	a5,-44(s0)
   120a8:	078e                	slli	a5,a5,0x3
   120aa:	0791                	addi	a5,a5,4
   120ac:	f0c42703          	lw	a4,-244(s0)
   120b0:	97ba                	add	a5,a5,a4
   120b2:	6398                	flw	fa4,0(a5)
   120b4:	fc442783          	lw	a5,-60(s0)
   120b8:	078e                	slli	a5,a5,0x3
   120ba:	0791                	addi	a5,a5,4
   120bc:	f0c42703          	lw	a4,-244(s0)
   120c0:	97ba                	add	a5,a5,a4
   120c2:	639c                	flw	fa5,0(a5)
   120c4:	08f777d3          	fsub.s	fa5,fa4,fa5
   120c8:	f8f42827          	fsw	fa5,-112(s0)
   120cc:	fd042783          	lw	a5,-48(s0)
   120d0:	078e                	slli	a5,a5,0x3
   120d2:	0791                	addi	a5,a5,4
   120d4:	f0c42703          	lw	a4,-244(s0)
   120d8:	97ba                	add	a5,a5,a4
   120da:	6398                	flw	fa4,0(a5)
   120dc:	fc042783          	lw	a5,-64(s0)
   120e0:	078e                	slli	a5,a5,0x3
   120e2:	0791                	addi	a5,a5,4
   120e4:	f0c42703          	lw	a4,-244(s0)
   120e8:	97ba                	add	a5,a5,a4
   120ea:	639c                	flw	fa5,0(a5)
   120ec:	00f777d3          	fadd.s	fa5,fa4,fa5
   120f0:	f8f42627          	fsw	fa5,-116(s0)
   120f4:	fd042783          	lw	a5,-48(s0)
   120f8:	078e                	slli	a5,a5,0x3
   120fa:	0791                	addi	a5,a5,4
   120fc:	f0c42703          	lw	a4,-244(s0)
   12100:	97ba                	add	a5,a5,a4
   12102:	6398                	flw	fa4,0(a5)
   12104:	fc042783          	lw	a5,-64(s0)
   12108:	078e                	slli	a5,a5,0x3
   1210a:	0791                	addi	a5,a5,4
   1210c:	f0c42703          	lw	a4,-244(s0)
   12110:	97ba                	add	a5,a5,a4
   12112:	639c                	flw	fa5,0(a5)
   12114:	08f777d3          	fsub.s	fa5,fa4,fa5
   12118:	f8f42427          	fsw	fa5,-120(s0)
   1211c:	fcc42783          	lw	a5,-52(s0)
   12120:	078e                	slli	a5,a5,0x3
   12122:	0791                	addi	a5,a5,4
   12124:	f0c42703          	lw	a4,-244(s0)
   12128:	97ba                	add	a5,a5,a4
   1212a:	6398                	flw	fa4,0(a5)
   1212c:	fbc42783          	lw	a5,-68(s0)
   12130:	078e                	slli	a5,a5,0x3
   12132:	0791                	addi	a5,a5,4
   12134:	f0c42703          	lw	a4,-244(s0)
   12138:	97ba                	add	a5,a5,a4
   1213a:	639c                	flw	fa5,0(a5)
   1213c:	00f777d3          	fadd.s	fa5,fa4,fa5
   12140:	f2f42027          	fsw	fa5,-224(s0)
   12144:	fcc42783          	lw	a5,-52(s0)
   12148:	078e                	slli	a5,a5,0x3
   1214a:	0791                	addi	a5,a5,4
   1214c:	f0c42703          	lw	a4,-244(s0)
   12150:	97ba                	add	a5,a5,a4
   12152:	6398                	flw	fa4,0(a5)
   12154:	fbc42783          	lw	a5,-68(s0)
   12158:	078e                	slli	a5,a5,0x3
   1215a:	0791                	addi	a5,a5,4
   1215c:	f0c42703          	lw	a4,-244(s0)
   12160:	97ba                	add	a5,a5,a4
   12162:	639c                	flw	fa5,0(a5)
   12164:	08f777d3          	fsub.s	fa5,fa4,fa5
   12168:	f8f42227          	fsw	fa5,-124(s0)
   1216c:	f2842707          	flw	fa4,-216(s0)
   12170:	f8c42787          	flw	fa5,-116(s0)
   12174:	08f777d3          	fsub.s	fa5,fa4,fa5
   12178:	f8f42027          	fsw	fa5,-128(s0)
   1217c:	f2842707          	flw	fa4,-216(s0)
   12180:	f8c42787          	flw	fa5,-116(s0)
   12184:	00f777d3          	fadd.s	fa5,fa4,fa5
   12188:	f2f42427          	fsw	fa5,-216(s0)
   1218c:	f2442707          	flw	fa4,-220(s0)
   12190:	f2042787          	flw	fa5,-224(s0)
   12194:	08f777d3          	fsub.s	fa5,fa4,fa5
   12198:	f8f42627          	fsw	fa5,-116(s0)
   1219c:	f2442707          	flw	fa4,-220(s0)
   121a0:	f2042787          	flw	fa5,-224(s0)
   121a4:	00f777d3          	fadd.s	fa5,fa4,fa5
   121a8:	f2f42227          	fsw	fa5,-220(s0)
   121ac:	f9842707          	flw	fa4,-104(s0)
   121b0:	f8c42787          	flw	fa5,-116(s0)
   121b4:	00f777d3          	fadd.s	fa5,fa4,fa5
   121b8:	faf42c27          	fsw	fa5,-72(s0)
   121bc:	f9842707          	flw	fa4,-104(s0)
   121c0:	f8c42787          	flw	fa5,-116(s0)
   121c4:	08f777d3          	fsub.s	fa5,fa4,fa5
   121c8:	f8f42c27          	fsw	fa5,-104(s0)
   121cc:	fe842783          	lw	a5,-24(s0)
   121d0:	078e                	slli	a5,a5,0x3
   121d2:	0791                	addi	a5,a5,4
   121d4:	f0c42703          	lw	a4,-244(s0)
   121d8:	97ba                	add	a5,a5,a4
   121da:	f2842707          	flw	fa4,-216(s0)
   121de:	f2442787          	flw	fa5,-220(s0)
   121e2:	00f777d3          	fadd.s	fa5,fa4,fa5
   121e6:	e39c                	fsw	fa5,0(a5)
   121e8:	f2842707          	flw	fa4,-216(s0)
   121ec:	f2442787          	flw	fa5,-220(s0)
   121f0:	08f777d3          	fsub.s	fa5,fa4,fa5
   121f4:	f2f42227          	fsw	fa5,-220(s0)
   121f8:	f8042707          	flw	fa4,-128(s0)
   121fc:	fa842787          	flw	fa5,-88(s0)
   12200:	08f777d3          	fsub.s	fa5,fa4,fa5
   12204:	f2f42427          	fsw	fa5,-216(s0)
   12208:	f8042707          	flw	fa4,-128(s0)
   1220c:	fa842787          	flw	fa5,-88(s0)
   12210:	00f777d3          	fadd.s	fa5,fa4,fa5
   12214:	f8f42027          	fsw	fa5,-128(s0)
   12218:	f5442707          	flw	fa4,-172(s0)
   1221c:	fb042787          	flw	fa5,-80(s0)
   12220:	10f777d3          	fmul.s	fa5,fa4,fa5
   12224:	f0f42e27          	fsw	fa5,-228(s0)
   12228:	f3842707          	flw	fa4,-200(s0)
   1222c:	f2442787          	flw	fa5,-220(s0)
   12230:	10f777d3          	fmul.s	fa5,fa4,fa5
   12234:	f0f42c27          	fsw	fa5,-232(s0)
   12238:	f5442707          	flw	fa4,-172(s0)
   1223c:	f2442787          	flw	fa5,-220(s0)
   12240:	10f777d3          	fmul.s	fa5,fa4,fa5
   12244:	f0f42a27          	fsw	fa5,-236(s0)
   12248:	f3842707          	flw	fa4,-200(s0)
   1224c:	fb042787          	flw	fa5,-80(s0)
   12250:	10f777d3          	fmul.s	fa5,fa4,fa5
   12254:	f0f42827          	fsw	fa5,-240(s0)
   12258:	fc842783          	lw	a5,-56(s0)
   1225c:	078e                	slli	a5,a5,0x3
   1225e:	f0c42703          	lw	a4,-244(s0)
   12262:	97ba                	add	a5,a5,a4
   12264:	f1c42707          	flw	fa4,-228(s0)
   12268:	f1842787          	flw	fa5,-232(s0)
   1226c:	00f777d3          	fadd.s	fa5,fa4,fa5
   12270:	e39c                	fsw	fa5,0(a5)
   12272:	fc842783          	lw	a5,-56(s0)
   12276:	078e                	slli	a5,a5,0x3
   12278:	0791                	addi	a5,a5,4
   1227a:	f0c42703          	lw	a4,-244(s0)
   1227e:	97ba                	add	a5,a5,a4
   12280:	f1442707          	flw	fa4,-236(s0)
   12284:	f1042787          	flw	fa5,-240(s0)
   12288:	08f777d3          	fsub.s	fa5,fa4,fa5
   1228c:	e39c                	fsw	fa5,0(a5)
   1228e:	f5c42707          	flw	fa4,-164(s0)
   12292:	fb842787          	flw	fa5,-72(s0)
   12296:	10f777d3          	fmul.s	fa5,fa4,fa5
   1229a:	f0f42e27          	fsw	fa5,-228(s0)
   1229e:	f4042707          	flw	fa4,-192(s0)
   122a2:	f2842787          	flw	fa5,-216(s0)
   122a6:	10f777d3          	fmul.s	fa5,fa4,fa5
   122aa:	f0f42c27          	fsw	fa5,-232(s0)
   122ae:	f5c42707          	flw	fa4,-164(s0)
   122b2:	f2842787          	flw	fa5,-216(s0)
   122b6:	10f777d3          	fmul.s	fa5,fa4,fa5
   122ba:	f0f42a27          	fsw	fa5,-236(s0)
   122be:	f4042707          	flw	fa4,-192(s0)
   122c2:	fb842787          	flw	fa5,-72(s0)
   122c6:	10f777d3          	fmul.s	fa5,fa4,fa5
   122ca:	f0f42827          	fsw	fa5,-240(s0)
   122ce:	fd042783          	lw	a5,-48(s0)
   122d2:	078e                	slli	a5,a5,0x3
   122d4:	f0c42703          	lw	a4,-244(s0)
   122d8:	97ba                	add	a5,a5,a4
   122da:	f1c42707          	flw	fa4,-228(s0)
   122de:	f1842787          	flw	fa5,-232(s0)
   122e2:	00f777d3          	fadd.s	fa5,fa4,fa5
   122e6:	e39c                	fsw	fa5,0(a5)
   122e8:	fd042783          	lw	a5,-48(s0)
   122ec:	078e                	slli	a5,a5,0x3
   122ee:	0791                	addi	a5,a5,4
   122f0:	f0c42703          	lw	a4,-244(s0)
   122f4:	97ba                	add	a5,a5,a4
   122f6:	f1442707          	flw	fa4,-236(s0)
   122fa:	f1042787          	flw	fa5,-240(s0)
   122fe:	08f777d3          	fsub.s	fa5,fa4,fa5
   12302:	e39c                	fsw	fa5,0(a5)
   12304:	f4c42707          	flw	fa4,-180(s0)
   12308:	f9842787          	flw	fa5,-104(s0)
   1230c:	10f777d3          	fmul.s	fa5,fa4,fa5
   12310:	f0f42e27          	fsw	fa5,-228(s0)
   12314:	f3042707          	flw	fa4,-208(s0)
   12318:	f8042787          	flw	fa5,-128(s0)
   1231c:	10f777d3          	fmul.s	fa5,fa4,fa5
   12320:	f0f42c27          	fsw	fa5,-232(s0)
   12324:	f4c42707          	flw	fa4,-180(s0)
   12328:	f8042787          	flw	fa5,-128(s0)
   1232c:	10f777d3          	fmul.s	fa5,fa4,fa5
   12330:	f0f42a27          	fsw	fa5,-236(s0)
   12334:	f3042707          	flw	fa4,-208(s0)
   12338:	f9842787          	flw	fa5,-104(s0)
   1233c:	10f777d3          	fmul.s	fa5,fa4,fa5
   12340:	f0f42827          	fsw	fa5,-240(s0)
   12344:	fc042783          	lw	a5,-64(s0)
   12348:	078e                	slli	a5,a5,0x3
   1234a:	f0c42703          	lw	a4,-244(s0)
   1234e:	97ba                	add	a5,a5,a4
   12350:	f1c42707          	flw	fa4,-228(s0)
   12354:	f1842787          	flw	fa5,-232(s0)
   12358:	00f777d3          	fadd.s	fa5,fa4,fa5
   1235c:	e39c                	fsw	fa5,0(a5)
   1235e:	fc042783          	lw	a5,-64(s0)
   12362:	078e                	slli	a5,a5,0x3
   12364:	0791                	addi	a5,a5,4
   12366:	f0c42703          	lw	a4,-244(s0)
   1236a:	97ba                	add	a5,a5,a4
   1236c:	f1442707          	flw	fa4,-236(s0)
   12370:	f1042787          	flw	fa5,-240(s0)
   12374:	08f777d3          	fsub.s	fa5,fa4,fa5
   12378:	e39c                	fsw	fa5,0(a5)
   1237a:	fac42707          	flw	fa4,-84(s0)
   1237e:	f9c42787          	flw	fa5,-100(s0)
   12382:	08f777d3          	fsub.s	fa5,fa4,fa5
   12386:	fdc42707          	flw	fa4,-36(s0)
   1238a:	10f777d3          	fmul.s	fa5,fa4,fa5
   1238e:	faf42c27          	fsw	fa5,-72(s0)
   12392:	fac42707          	flw	fa4,-84(s0)
   12396:	f9c42787          	flw	fa5,-100(s0)
   1239a:	00f777d3          	fadd.s	fa5,fa4,fa5
   1239e:	fdc42707          	flw	fa4,-36(s0)
   123a2:	10f777d3          	fmul.s	fa5,fa4,fa5
   123a6:	faf42627          	fsw	fa5,-84(s0)
   123aa:	f9042707          	flw	fa4,-112(s0)
   123ae:	f8442787          	flw	fa5,-124(s0)
   123b2:	08f777d3          	fsub.s	fa5,fa4,fa5
   123b6:	fdc42707          	flw	fa4,-36(s0)
   123ba:	10f777d3          	fmul.s	fa5,fa4,fa5
   123be:	f2f42427          	fsw	fa5,-216(s0)
   123c2:	f9042707          	flw	fa4,-112(s0)
   123c6:	f8442787          	flw	fa5,-124(s0)
   123ca:	00f777d3          	fadd.s	fa5,fa4,fa5
   123ce:	fdc42707          	flw	fa4,-36(s0)
   123d2:	10f777d3          	fmul.s	fa5,fa4,fa5
   123d6:	f8f42827          	fsw	fa5,-112(s0)
   123da:	fb442707          	flw	fa4,-76(s0)
   123de:	fb842787          	flw	fa5,-72(s0)
   123e2:	08f777d3          	fsub.s	fa5,fa4,fa5
   123e6:	f8f42c27          	fsw	fa5,-104(s0)
   123ea:	fb442707          	flw	fa4,-76(s0)
   123ee:	fb842787          	flw	fa5,-72(s0)
   123f2:	00f777d3          	fadd.s	fa5,fa4,fa5
   123f6:	faf42a27          	fsw	fa5,-76(s0)
   123fa:	fa442707          	flw	fa4,-92(s0)
   123fe:	fac42787          	flw	fa5,-84(s0)
   12402:	08f777d3          	fsub.s	fa5,fa4,fa5
   12406:	f8f42e27          	fsw	fa5,-100(s0)
   1240a:	fa442707          	flw	fa4,-92(s0)
   1240e:	fac42787          	flw	fa5,-84(s0)
   12412:	00f777d3          	fadd.s	fa5,fa4,fa5
   12416:	faf42227          	fsw	fa5,-92(s0)
   1241a:	f9442707          	flw	fa4,-108(s0)
   1241e:	f2842787          	flw	fa5,-216(s0)
   12422:	08f777d3          	fsub.s	fa5,fa4,fa5
   12426:	f8f42027          	fsw	fa5,-128(s0)
   1242a:	f9442707          	flw	fa4,-108(s0)
   1242e:	f2842787          	flw	fa5,-216(s0)
   12432:	00f777d3          	fadd.s	fa5,fa4,fa5
   12436:	f8f42a27          	fsw	fa5,-108(s0)
   1243a:	f8842707          	flw	fa4,-120(s0)
   1243e:	f9042787          	flw	fa5,-112(s0)
   12442:	08f777d3          	fsub.s	fa5,fa4,fa5
   12446:	f8f42227          	fsw	fa5,-124(s0)
   1244a:	f8842707          	flw	fa4,-120(s0)
   1244e:	f9042787          	flw	fa5,-112(s0)
   12452:	00f777d3          	fadd.s	fa5,fa4,fa5
   12456:	f8f42427          	fsw	fa5,-120(s0)
   1245a:	fb442707          	flw	fa4,-76(s0)
   1245e:	f8842787          	flw	fa5,-120(s0)
   12462:	00f777d3          	fadd.s	fa5,fa4,fa5
   12466:	faf42c27          	fsw	fa5,-72(s0)
   1246a:	fb442707          	flw	fa4,-76(s0)
   1246e:	f8842787          	flw	fa5,-120(s0)
   12472:	08f777d3          	fsub.s	fa5,fa4,fa5
   12476:	faf42a27          	fsw	fa5,-76(s0)
   1247a:	f9842707          	flw	fa4,-104(s0)
   1247e:	f8442787          	flw	fa5,-124(s0)
   12482:	00f777d3          	fadd.s	fa5,fa4,fa5
   12486:	faf42627          	fsw	fa5,-84(s0)
   1248a:	f9842707          	flw	fa4,-104(s0)
   1248e:	f8442787          	flw	fa5,-124(s0)
   12492:	08f777d3          	fsub.s	fa5,fa4,fa5
   12496:	f8f42c27          	fsw	fa5,-104(s0)
   1249a:	f9442707          	flw	fa4,-108(s0)
   1249e:	fa442787          	flw	fa5,-92(s0)
   124a2:	08f777d3          	fsub.s	fa5,fa4,fa5
   124a6:	f2f42427          	fsw	fa5,-216(s0)
   124aa:	f9442707          	flw	fa4,-108(s0)
   124ae:	fa442787          	flw	fa5,-92(s0)
   124b2:	00f777d3          	fadd.s	fa5,fa4,fa5
   124b6:	f8f42a27          	fsw	fa5,-108(s0)
   124ba:	f8042707          	flw	fa4,-128(s0)
   124be:	f9c42787          	flw	fa5,-100(s0)
   124c2:	08f777d3          	fsub.s	fa5,fa4,fa5
   124c6:	f8f42827          	fsw	fa5,-112(s0)
   124ca:	f8042707          	flw	fa4,-128(s0)
   124ce:	f9c42787          	flw	fa5,-100(s0)
   124d2:	00f777d3          	fadd.s	fa5,fa4,fa5
   124d6:	f8f42027          	fsw	fa5,-128(s0)
   124da:	f6042707          	flw	fa4,-160(s0)
   124de:	fb842787          	flw	fa5,-72(s0)
   124e2:	10f777d3          	fmul.s	fa5,fa4,fa5
   124e6:	f0f42e27          	fsw	fa5,-228(s0)
   124ea:	f4442707          	flw	fa4,-188(s0)
   124ee:	f2842787          	flw	fa5,-216(s0)
   124f2:	10f777d3          	fmul.s	fa5,fa4,fa5
   124f6:	f0f42c27          	fsw	fa5,-232(s0)
   124fa:	f6042707          	flw	fa4,-160(s0)
   124fe:	f2842787          	flw	fa5,-216(s0)
   12502:	10f777d3          	fmul.s	fa5,fa4,fa5
   12506:	f0f42a27          	fsw	fa5,-236(s0)
   1250a:	f4442707          	flw	fa4,-188(s0)
   1250e:	fb842787          	flw	fa5,-72(s0)
   12512:	10f777d3          	fmul.s	fa5,fa4,fa5
   12516:	f0f42827          	fsw	fa5,-240(s0)
   1251a:	fd442783          	lw	a5,-44(s0)
   1251e:	078e                	slli	a5,a5,0x3
   12520:	f0c42703          	lw	a4,-244(s0)
   12524:	97ba                	add	a5,a5,a4
   12526:	f1c42707          	flw	fa4,-228(s0)
   1252a:	f1842787          	flw	fa5,-232(s0)
   1252e:	00f777d3          	fadd.s	fa5,fa4,fa5
   12532:	e39c                	fsw	fa5,0(a5)
   12534:	fd442783          	lw	a5,-44(s0)
   12538:	078e                	slli	a5,a5,0x3
   1253a:	0791                	addi	a5,a5,4
   1253c:	f0c42703          	lw	a4,-244(s0)
   12540:	97ba                	add	a5,a5,a4
   12542:	f1442707          	flw	fa4,-236(s0)
   12546:	f1042787          	flw	fa5,-240(s0)
   1254a:	08f777d3          	fsub.s	fa5,fa4,fa5
   1254e:	e39c                	fsw	fa5,0(a5)
   12550:	f4842707          	flw	fa4,-184(s0)
   12554:	fb442787          	flw	fa5,-76(s0)
   12558:	10f777d3          	fmul.s	fa5,fa4,fa5
   1255c:	f0f42e27          	fsw	fa5,-228(s0)
   12560:	f2c42707          	flw	fa4,-212(s0)
   12564:	f9442787          	flw	fa5,-108(s0)
   12568:	10f777d3          	fmul.s	fa5,fa4,fa5
   1256c:	f0f42c27          	fsw	fa5,-232(s0)
   12570:	f4842707          	flw	fa4,-184(s0)
   12574:	f9442787          	flw	fa5,-108(s0)
   12578:	10f777d3          	fmul.s	fa5,fa4,fa5
   1257c:	f0f42a27          	fsw	fa5,-236(s0)
   12580:	f2c42707          	flw	fa4,-212(s0)
   12584:	fb442787          	flw	fa5,-76(s0)
   12588:	10f777d3          	fmul.s	fa5,fa4,fa5
   1258c:	f0f42827          	fsw	fa5,-240(s0)
   12590:	fbc42783          	lw	a5,-68(s0)
   12594:	078e                	slli	a5,a5,0x3
   12596:	f0c42703          	lw	a4,-244(s0)
   1259a:	97ba                	add	a5,a5,a4
   1259c:	f1c42707          	flw	fa4,-228(s0)
   125a0:	f1842787          	flw	fa5,-232(s0)
   125a4:	00f777d3          	fadd.s	fa5,fa4,fa5
   125a8:	e39c                	fsw	fa5,0(a5)
   125aa:	fbc42783          	lw	a5,-68(s0)
   125ae:	078e                	slli	a5,a5,0x3
   125b0:	0791                	addi	a5,a5,4
   125b2:	f0c42703          	lw	a4,-244(s0)
   125b6:	97ba                	add	a5,a5,a4
   125b8:	f1442707          	flw	fa4,-236(s0)
   125bc:	f1042787          	flw	fa5,-240(s0)
   125c0:	08f777d3          	fsub.s	fa5,fa4,fa5
   125c4:	e39c                	fsw	fa5,0(a5)
   125c6:	f5042707          	flw	fa4,-176(s0)
   125ca:	fac42787          	flw	fa5,-84(s0)
   125ce:	10f777d3          	fmul.s	fa5,fa4,fa5
   125d2:	f0f42e27          	fsw	fa5,-228(s0)
   125d6:	f3442707          	flw	fa4,-204(s0)
   125da:	f9042787          	flw	fa5,-112(s0)
   125de:	10f777d3          	fmul.s	fa5,fa4,fa5
   125e2:	f0f42c27          	fsw	fa5,-232(s0)
   125e6:	f5042707          	flw	fa4,-176(s0)
   125ea:	f9042787          	flw	fa5,-112(s0)
   125ee:	10f777d3          	fmul.s	fa5,fa4,fa5
   125f2:	f0f42a27          	fsw	fa5,-236(s0)
   125f6:	f3442707          	flw	fa4,-204(s0)
   125fa:	fac42787          	flw	fa5,-84(s0)
   125fe:	10f777d3          	fmul.s	fa5,fa4,fa5
   12602:	f0f42827          	fsw	fa5,-240(s0)
   12606:	fc442783          	lw	a5,-60(s0)
   1260a:	078e                	slli	a5,a5,0x3
   1260c:	f0c42703          	lw	a4,-244(s0)
   12610:	97ba                	add	a5,a5,a4
   12612:	f1c42707          	flw	fa4,-228(s0)
   12616:	f1842787          	flw	fa5,-232(s0)
   1261a:	00f777d3          	fadd.s	fa5,fa4,fa5
   1261e:	e39c                	fsw	fa5,0(a5)
   12620:	fc442783          	lw	a5,-60(s0)
   12624:	078e                	slli	a5,a5,0x3
   12626:	0791                	addi	a5,a5,4
   12628:	f0c42703          	lw	a4,-244(s0)
   1262c:	97ba                	add	a5,a5,a4
   1262e:	f1442707          	flw	fa4,-236(s0)
   12632:	f1042787          	flw	fa5,-240(s0)
   12636:	08f777d3          	fsub.s	fa5,fa4,fa5
   1263a:	e39c                	fsw	fa5,0(a5)
   1263c:	f5842707          	flw	fa4,-168(s0)
   12640:	f9842787          	flw	fa5,-104(s0)
   12644:	10f777d3          	fmul.s	fa5,fa4,fa5
   12648:	f0f42e27          	fsw	fa5,-228(s0)
   1264c:	f3c42707          	flw	fa4,-196(s0)
   12650:	f8042787          	flw	fa5,-128(s0)
   12654:	10f777d3          	fmul.s	fa5,fa4,fa5
   12658:	f0f42c27          	fsw	fa5,-232(s0)
   1265c:	f5842707          	flw	fa4,-168(s0)
   12660:	f8042787          	flw	fa5,-128(s0)
   12664:	10f777d3          	fmul.s	fa5,fa4,fa5
   12668:	f0f42a27          	fsw	fa5,-236(s0)
   1266c:	f3c42707          	flw	fa4,-196(s0)
   12670:	f9842787          	flw	fa5,-104(s0)
   12674:	10f777d3          	fmul.s	fa5,fa4,fa5
   12678:	f0f42827          	fsw	fa5,-240(s0)
   1267c:	fcc42783          	lw	a5,-52(s0)
   12680:	078e                	slli	a5,a5,0x3
   12682:	f0c42703          	lw	a4,-244(s0)
   12686:	97ba                	add	a5,a5,a4
   12688:	f1c42707          	flw	fa4,-228(s0)
   1268c:	f1842787          	flw	fa5,-232(s0)
   12690:	00f777d3          	fadd.s	fa5,fa4,fa5
   12694:	e39c                	fsw	fa5,0(a5)
   12696:	fcc42783          	lw	a5,-52(s0)
   1269a:	078e                	slli	a5,a5,0x3
   1269c:	0791                	addi	a5,a5,4
   1269e:	f0c42703          	lw	a4,-244(s0)
   126a2:	97ba                	add	a5,a5,a4
   126a4:	f1442707          	flw	fa4,-236(s0)
   126a8:	f1042787          	flw	fa5,-240(s0)
   126ac:	08f777d3          	fsub.s	fa5,fa4,fa5
   126b0:	e39c                	fsw	fa5,0(a5)
   126b2:	0010c0b3          	xor	ra,ra,ra
   126b6:	fe842703          	lw	a4,-24(s0)
   126ba:	fd842783          	lw	a5,-40(s0)
   126be:	97ba                	add	a5,a5,a4
   126c0:	fef42423          	sw	a5,-24(s0)
   126c4:	f0a45783          	lhu	a5,-246(s0)
   126c8:	fe842703          	lw	a4,-24(s0)
   126cc:	f6f76a63          	bltu	a4,a5,11e40 <riscv_radix8_butterfly_f32+0x7c2>
   126d0:	fe042783          	lw	a5,-32(s0)
   126d4:	0785                	addi	a5,a5,1
   126d6:	fef42023          	sw	a5,-32(s0)
   126da:	fe042703          	lw	a4,-32(s0)
   126de:	fe442783          	lw	a5,-28(s0)
   126e2:	def76163          	bltu	a4,a5,11cc4 <riscv_radix8_butterfly_f32+0x646>
   126e6:	f0845783          	lhu	a5,-248(s0)
   126ea:	078e                	slli	a5,a5,0x3
   126ec:	f0f41423          	sh	a5,-248(s0)
   126f0:	fe442703          	lw	a4,-28(s0)
   126f4:	479d                	li	a5,7
   126f6:	00e7f463          	bgeu	a5,a4,126fe <riscv_radix8_butterfly_f32+0x1080>
   126fa:	fb5fe06f          	j	116ae <riscv_radix8_butterfly_f32+0x30>
   126fe:	a011                	j	12702 <riscv_radix8_butterfly_f32+0x1084>
   12700:	0001                	nop
   12702:	0001                	nop
   12704:	50fe                	lw	ra,252(sp)
   12706:	546e                	lw	s0,248(sp)
   12708:	6111                	addi	sp,sp,256
   1270a:	8082                	ret

0001270c <main>:
   1270c:	1141                	addi	sp,sp,-16
   1270e:	c606                	sw	ra,12(sp)
   12710:	c422                	sw	s0,8(sp)
   12712:	0800                	addi	s0,sp,16
   12714:	00004033          	xor	zero,zero,zero
   12718:	4ec1a783          	lw	a5,1260(gp) # 7e680 <ifftFlag>
   1271c:	0ff7f713          	zext.b	a4,a5
   12720:	4d01a783          	lw	a5,1232(gp) # 7e664 <doBitReverse>
   12724:	9fe1                	zext.b	a5,a5
   12726:	86be                	mv	a3,a5
   12728:	863a                	mv	a2,a4
   1272a:	0007c7b7          	lui	a5,0x7c
   1272e:	65078593          	addi	a1,a5,1616 # 7c650 <testInput_f32_1024>
   12732:	0006b7b7          	lui	a5,0x6b
   12736:	fb078513          	addi	a0,a5,-80 # 6afb0 <riscv_cfft_sR_f32_len1024>
   1273a:	257010ef          	jal	14190 <riscv_cfft_f32>
   1273e:	00004033          	xor	zero,zero,zero
   12742:	4781                	li	a5,0
   12744:	853e                	mv	a0,a5
   12746:	40b2                	lw	ra,12(sp)
   12748:	4422                	lw	s0,8(sp)
   1274a:	0141                	addi	sp,sp,16
   1274c:	8082                	ret

0001274e <riscv_rfft_fast_init_f32>:
   1274e:	7179                	addi	sp,sp,-48
   12750:	d606                	sw	ra,44(sp)
   12752:	d422                	sw	s0,40(sp)
   12754:	1800                	addi	s0,sp,48
   12756:	fca42e23          	sw	a0,-36(s0)
   1275a:	87ae                	mv	a5,a1
   1275c:	fcf41d23          	sh	a5,-38(s0)
   12760:	fe042623          	sw	zero,-20(s0)
   12764:	fdc42783          	lw	a5,-36(s0)
   12768:	fef42423          	sw	a5,-24(s0)
   1276c:	fda45783          	lhu	a5,-38(s0)
   12770:	8385                	srli	a5,a5,0x1
   12772:	0807c733          	zext.h	a4,a5
   12776:	fe842783          	lw	a5,-24(s0)
   1277a:	8f98                	sh	a4,0(a5)
   1277c:	fdc42783          	lw	a5,-36(s0)
   12780:	fda45703          	lhu	a4,-38(s0)
   12784:	00e79823          	sh	a4,16(a5)
   12788:	fe842783          	lw	a5,-24(s0)
   1278c:	879c                	lhu	a5,0(a5)
   1278e:	28b01713          	bseti	a4,zero,0xb
   12792:	06e78663          	beq	a5,a4,127fe <riscv_rfft_fast_init_f32+0xb0>
   12796:	28b01713          	bseti	a4,zero,0xb
   1279a:	20f74a63          	blt	a4,a5,129ae <riscv_rfft_fast_init_f32+0x260>
   1279e:	40000713          	li	a4,1024
   127a2:	08e78a63          	beq	a5,a4,12836 <riscv_rfft_fast_init_f32+0xe8>
   127a6:	40000713          	li	a4,1024
   127aa:	20f74263          	blt	a4,a5,129ae <riscv_rfft_fast_init_f32+0x260>
   127ae:	20000713          	li	a4,512
   127b2:	0ae78d63          	beq	a5,a4,1286c <riscv_rfft_fast_init_f32+0x11e>
   127b6:	20000713          	li	a4,512
   127ba:	1ef74a63          	blt	a4,a5,129ae <riscv_rfft_fast_init_f32+0x260>
   127be:	10000713          	li	a4,256
   127c2:	0ee78063          	beq	a5,a4,128a2 <riscv_rfft_fast_init_f32+0x154>
   127c6:	10000713          	li	a4,256
   127ca:	1ef74263          	blt	a4,a5,129ae <riscv_rfft_fast_init_f32+0x260>
   127ce:	08000713          	li	a4,128
   127d2:	10e78363          	beq	a5,a4,128d8 <riscv_rfft_fast_init_f32+0x18a>
   127d6:	08000713          	li	a4,128
   127da:	1cf74a63          	blt	a4,a5,129ae <riscv_rfft_fast_init_f32+0x260>
   127de:	04000713          	li	a4,64
   127e2:	12e78663          	beq	a5,a4,1290e <riscv_rfft_fast_init_f32+0x1c0>
   127e6:	04000713          	li	a4,64
   127ea:	1cf74263          	blt	a4,a5,129ae <riscv_rfft_fast_init_f32+0x260>
   127ee:	4741                	li	a4,16
   127f0:	18e78563          	beq	a5,a4,1297a <riscv_rfft_fast_init_f32+0x22c>
   127f4:	02000713          	li	a4,32
   127f8:	14e78663          	beq	a5,a4,12944 <riscv_rfft_fast_init_f32+0x1f6>
   127fc:	aa4d                	j	129ae <riscv_rfft_fast_init_f32+0x260>
   127fe:	fe842783          	lw	a5,-24(s0)
   12802:	6705                	lui	a4,0x1
   12804:	ee070713          	addi	a4,a4,-288 # ee0 <register_fini-0xf1d4>
   12808:	00e79623          	sh	a4,12(a5)
   1280c:	fe842783          	lw	a5,-24(s0)
   12810:	0003a737          	lui	a4,0x3a
   12814:	26470713          	addi	a4,a4,612 # 3a264 <riscvBitRevIndexTable2048>
   12818:	c798                	sw	a4,8(a5)
   1281a:	fe842783          	lw	a5,-24(s0)
   1281e:	676d                	lui	a4,0x1b
   12820:	9dc70713          	addi	a4,a4,-1572 # 1a9dc <twiddleCoef_2048>
   12824:	c3d8                	sw	a4,4(a5)
   12826:	fdc42783          	lw	a5,-36(s0)
   1282a:	00046737          	lui	a4,0x46
   1282e:	d1c70713          	addi	a4,a4,-740 # 45d1c <twiddleCoef_rfft_4096>
   12832:	cbd8                	sw	a4,20(a5)
   12834:	a249                	j	129b6 <riscv_rfft_fast_init_f32+0x268>
   12836:	fe842783          	lw	a5,-24(s0)
   1283a:	70800713          	li	a4,1800
   1283e:	00e79623          	sh	a4,12(a5)
   12842:	fe842783          	lw	a5,-24(s0)
   12846:	00039737          	lui	a4,0x39
   1284a:	45470713          	addi	a4,a4,1108 # 39454 <riscvBitRevIndexTable1024>
   1284e:	c798                	sw	a4,8(a5)
   12850:	fe842783          	lw	a5,-24(s0)
   12854:	6765                	lui	a4,0x19
   12856:	9dc70713          	addi	a4,a4,-1572 # 189dc <twiddleCoef_1024>
   1285a:	c3d8                	sw	a4,4(a5)
   1285c:	fdc42783          	lw	a5,-36(s0)
   12860:	00044737          	lui	a4,0x44
   12864:	d1c70713          	addi	a4,a4,-740 # 43d1c <twiddleCoef_rfft_2048>
   12868:	cbd8                	sw	a4,20(a5)
   1286a:	a2b1                	j	129b6 <riscv_rfft_fast_init_f32+0x268>
   1286c:	fe842783          	lw	a5,-24(s0)
   12870:	1c000713          	li	a4,448
   12874:	00e79623          	sh	a4,12(a5)
   12878:	fe842783          	lw	a5,-24(s0)
   1287c:	00039737          	lui	a4,0x39
   12880:	0d470713          	addi	a4,a4,212 # 390d4 <riscvBitRevIndexTable512>
   12884:	c798                	sw	a4,8(a5)
   12886:	fe842783          	lw	a5,-24(s0)
   1288a:	6761                	lui	a4,0x18
   1288c:	9dc70713          	addi	a4,a4,-1572 # 179dc <twiddleCoef_512>
   12890:	c3d8                	sw	a4,4(a5)
   12892:	fdc42783          	lw	a5,-36(s0)
   12896:	00043737          	lui	a4,0x43
   1289a:	d1c70713          	addi	a4,a4,-740 # 42d1c <twiddleCoef_rfft_1024>
   1289e:	cbd8                	sw	a4,20(a5)
   128a0:	aa19                	j	129b6 <riscv_rfft_fast_init_f32+0x268>
   128a2:	fe842783          	lw	a5,-24(s0)
   128a6:	1b800713          	li	a4,440
   128aa:	00e79623          	sh	a4,12(a5)
   128ae:	fe842783          	lw	a5,-24(s0)
   128b2:	00039737          	lui	a4,0x39
   128b6:	d6470713          	addi	a4,a4,-668 # 38d64 <riscvBitRevIndexTable256>
   128ba:	c798                	sw	a4,8(a5)
   128bc:	fe842783          	lw	a5,-24(s0)
   128c0:	675d                	lui	a4,0x17
   128c2:	1dc70713          	addi	a4,a4,476 # 171dc <twiddleCoef_256>
   128c6:	c3d8                	sw	a4,4(a5)
   128c8:	fdc42783          	lw	a5,-36(s0)
   128cc:	00042737          	lui	a4,0x42
   128d0:	51c70713          	addi	a4,a4,1308 # 4251c <twiddleCoef_rfft_512>
   128d4:	cbd8                	sw	a4,20(a5)
   128d6:	a0c5                	j	129b6 <riscv_rfft_fast_init_f32+0x268>
   128d8:	fe842783          	lw	a5,-24(s0)
   128dc:	0d000713          	li	a4,208
   128e0:	00e79623          	sh	a4,12(a5)
   128e4:	fe842783          	lw	a5,-24(s0)
   128e8:	00039737          	lui	a4,0x39
   128ec:	bc470713          	addi	a4,a4,-1084 # 38bc4 <riscvBitRevIndexTable128>
   128f0:	c798                	sw	a4,8(a5)
   128f2:	fe842783          	lw	a5,-24(s0)
   128f6:	675d                	lui	a4,0x17
   128f8:	ddc70713          	addi	a4,a4,-548 # 16ddc <twiddleCoef_128>
   128fc:	c3d8                	sw	a4,4(a5)
   128fe:	fdc42783          	lw	a5,-36(s0)
   12902:	00042737          	lui	a4,0x42
   12906:	11c70713          	addi	a4,a4,284 # 4211c <twiddleCoef_rfft_256>
   1290a:	cbd8                	sw	a4,20(a5)
   1290c:	a06d                	j	129b6 <riscv_rfft_fast_init_f32+0x268>
   1290e:	fe842783          	lw	a5,-24(s0)
   12912:	03800713          	li	a4,56
   12916:	00e79623          	sh	a4,12(a5)
   1291a:	fe842783          	lw	a5,-24(s0)
   1291e:	00039737          	lui	a4,0x39
   12922:	b5470713          	addi	a4,a4,-1196 # 38b54 <riscvBitRevIndexTable64>
   12926:	c798                	sw	a4,8(a5)
   12928:	fe842783          	lw	a5,-24(s0)
   1292c:	675d                	lui	a4,0x17
   1292e:	bdc70713          	addi	a4,a4,-1060 # 16bdc <twiddleCoef_64>
   12932:	c3d8                	sw	a4,4(a5)
   12934:	fdc42783          	lw	a5,-36(s0)
   12938:	00042737          	lui	a4,0x42
   1293c:	f1c70713          	addi	a4,a4,-228 # 41f1c <twiddleCoef_rfft_128>
   12940:	cbd8                	sw	a4,20(a5)
   12942:	a895                	j	129b6 <riscv_rfft_fast_init_f32+0x268>
   12944:	fe842783          	lw	a5,-24(s0)
   12948:	03000713          	li	a4,48
   1294c:	00e79623          	sh	a4,12(a5)
   12950:	fe842783          	lw	a5,-24(s0)
   12954:	00039737          	lui	a4,0x39
   12958:	af470713          	addi	a4,a4,-1292 # 38af4 <riscvBitRevIndexTable32>
   1295c:	c798                	sw	a4,8(a5)
   1295e:	fe842783          	lw	a5,-24(s0)
   12962:	675d                	lui	a4,0x17
   12964:	adc70713          	addi	a4,a4,-1316 # 16adc <twiddleCoef_32>
   12968:	c3d8                	sw	a4,4(a5)
   1296a:	fdc42783          	lw	a5,-36(s0)
   1296e:	00042737          	lui	a4,0x42
   12972:	e1c70713          	addi	a4,a4,-484 # 41e1c <twiddleCoef_rfft_64>
   12976:	cbd8                	sw	a4,20(a5)
   12978:	a83d                	j	129b6 <riscv_rfft_fast_init_f32+0x268>
   1297a:	fe842783          	lw	a5,-24(s0)
   1297e:	4751                	li	a4,20
   12980:	00e79623          	sh	a4,12(a5)
   12984:	fe842783          	lw	a5,-24(s0)
   12988:	00039737          	lui	a4,0x39
   1298c:	acc70713          	addi	a4,a4,-1332 # 38acc <riscvBitRevIndexTable16>
   12990:	c798                	sw	a4,8(a5)
   12992:	fe842783          	lw	a5,-24(s0)
   12996:	675d                	lui	a4,0x17
   12998:	a5c70713          	addi	a4,a4,-1444 # 16a5c <twiddleCoef_16>
   1299c:	c3d8                	sw	a4,4(a5)
   1299e:	fdc42783          	lw	a5,-36(s0)
   129a2:	00042737          	lui	a4,0x42
   129a6:	d9c70713          	addi	a4,a4,-612 # 41d9c <twiddleCoef_rfft_32>
   129aa:	cbd8                	sw	a4,20(a5)
   129ac:	a029                	j	129b6 <riscv_rfft_fast_init_f32+0x268>
   129ae:	57fd                	li	a5,-1
   129b0:	fef42623          	sw	a5,-20(s0)
   129b4:	0001                	nop
   129b6:	fec42783          	lw	a5,-20(s0)
   129ba:	853e                	mv	a0,a5
   129bc:	50b2                	lw	ra,44(sp)
   129be:	5422                	lw	s0,40(sp)
   129c0:	6145                	addi	sp,sp,48
   129c2:	8082                	ret

000129c4 <riscv_cmplx_mult_cmplx_f32>:
   129c4:	7139                	addi	sp,sp,-64
   129c6:	de06                	sw	ra,60(sp)
   129c8:	dc22                	sw	s0,56(sp)
   129ca:	0080                	addi	s0,sp,64
   129cc:	fca42623          	sw	a0,-52(s0)
   129d0:	fcb42423          	sw	a1,-56(s0)
   129d4:	fcc42223          	sw	a2,-60(s0)
   129d8:	fcd42023          	sw	a3,-64(s0)
   129dc:	fc042783          	lw	a5,-64(s0)
   129e0:	fef42623          	sw	a5,-20(s0)
   129e4:	a065                	j	12a8c <riscv_cmplx_mult_cmplx_f32+0xc8>
   129e6:	fcc42783          	lw	a5,-52(s0)
   129ea:	00478713          	addi	a4,a5,4
   129ee:	fce42623          	sw	a4,-52(s0)
   129f2:	639c                	flw	fa5,0(a5)
   129f4:	fef42427          	fsw	fa5,-24(s0)
   129f8:	fcc42783          	lw	a5,-52(s0)
   129fc:	00478713          	addi	a4,a5,4
   12a00:	fce42623          	sw	a4,-52(s0)
   12a04:	639c                	flw	fa5,0(a5)
   12a06:	fef42227          	fsw	fa5,-28(s0)
   12a0a:	fc842783          	lw	a5,-56(s0)
   12a0e:	00478713          	addi	a4,a5,4
   12a12:	fce42423          	sw	a4,-56(s0)
   12a16:	639c                	flw	fa5,0(a5)
   12a18:	fef42027          	fsw	fa5,-32(s0)
   12a1c:	fc842783          	lw	a5,-56(s0)
   12a20:	00478713          	addi	a4,a5,4
   12a24:	fce42423          	sw	a4,-56(s0)
   12a28:	639c                	flw	fa5,0(a5)
   12a2a:	fcf42e27          	fsw	fa5,-36(s0)
   12a2e:	fe842707          	flw	fa4,-24(s0)
   12a32:	fe042787          	flw	fa5,-32(s0)
   12a36:	10f77753          	fmul.s	fa4,fa4,fa5
   12a3a:	fe442687          	flw	fa3,-28(s0)
   12a3e:	fdc42787          	flw	fa5,-36(s0)
   12a42:	10f6f7d3          	fmul.s	fa5,fa3,fa5
   12a46:	fc442783          	lw	a5,-60(s0)
   12a4a:	00478713          	addi	a4,a5,4
   12a4e:	fce42223          	sw	a4,-60(s0)
   12a52:	08f777d3          	fsub.s	fa5,fa4,fa5
   12a56:	e39c                	fsw	fa5,0(a5)
   12a58:	fe842707          	flw	fa4,-24(s0)
   12a5c:	fdc42787          	flw	fa5,-36(s0)
   12a60:	10f77753          	fmul.s	fa4,fa4,fa5
   12a64:	fe442687          	flw	fa3,-28(s0)
   12a68:	fe042787          	flw	fa5,-32(s0)
   12a6c:	10f6f7d3          	fmul.s	fa5,fa3,fa5
   12a70:	fc442783          	lw	a5,-60(s0)
   12a74:	00478713          	addi	a4,a5,4
   12a78:	fce42223          	sw	a4,-60(s0)
   12a7c:	00f777d3          	fadd.s	fa5,fa4,fa5
   12a80:	e39c                	fsw	fa5,0(a5)
   12a82:	fec42783          	lw	a5,-20(s0)
   12a86:	17fd                	addi	a5,a5,-1
   12a88:	fef42623          	sw	a5,-20(s0)
   12a8c:	fec42783          	lw	a5,-20(s0)
   12a90:	fbb9                	bnez	a5,129e6 <riscv_cmplx_mult_cmplx_f32+0x22>
   12a92:	0001                	nop
   12a94:	0001                	nop
   12a96:	50f2                	lw	ra,60(sp)
   12a98:	5462                	lw	s0,56(sp)
   12a9a:	6121                	addi	sp,sp,64
   12a9c:	8082                	ret

00012a9e <stage_rfft_f32>:
   12a9e:	711d                	addi	sp,sp,-96
   12aa0:	ce86                	sw	ra,92(sp)
   12aa2:	cca2                	sw	s0,88(sp)
   12aa4:	1080                	addi	s0,sp,96
   12aa6:	faa42623          	sw	a0,-84(s0)
   12aaa:	fab42423          	sw	a1,-88(s0)
   12aae:	fac42223          	sw	a2,-92(s0)
   12ab2:	fac42783          	lw	a5,-84(s0)
   12ab6:	4bdc                	lw	a5,20(a5)
   12ab8:	fef42423          	sw	a5,-24(s0)
   12abc:	fa842783          	lw	a5,-88(s0)
   12ac0:	fef42223          	sw	a5,-28(s0)
   12ac4:	fa842783          	lw	a5,-88(s0)
   12ac8:	fef42023          	sw	a5,-32(s0)
   12acc:	fac42783          	lw	a5,-84(s0)
   12ad0:	879c                	lhu	a5,0(a5)
   12ad2:	17fd                	addi	a5,a5,-1
   12ad4:	fef42623          	sw	a5,-20(s0)
   12ad8:	fe042783          	lw	a5,-32(s0)
   12adc:	639c                	flw	fa5,0(a5)
   12ade:	fcf42e27          	fsw	fa5,-36(s0)
   12ae2:	fe042783          	lw	a5,-32(s0)
   12ae6:	63dc                	flw	fa5,4(a5)
   12ae8:	fcf42c27          	fsw	fa5,-40(s0)
   12aec:	fe442783          	lw	a5,-28(s0)
   12af0:	639c                	flw	fa5,0(a5)
   12af2:	fcf42a27          	fsw	fa5,-44(s0)
   12af6:	fe442783          	lw	a5,-28(s0)
   12afa:	63dc                	flw	fa5,4(a5)
   12afc:	fcf42827          	fsw	fa5,-48(s0)
   12b00:	fe842783          	lw	a5,-24(s0)
   12b04:	00478713          	addi	a4,a5,4
   12b08:	fee42423          	sw	a4,-24(s0)
   12b0c:	639c                	flw	fa5,0(a5)
   12b0e:	fcf42627          	fsw	fa5,-52(s0)
   12b12:	fe842783          	lw	a5,-24(s0)
   12b16:	00478713          	addi	a4,a5,4
   12b1a:	fee42423          	sw	a4,-24(s0)
   12b1e:	639c                	flw	fa5,0(a5)
   12b20:	fcf42427          	fsw	fa5,-56(s0)
   12b24:	fdc42707          	flw	fa4,-36(s0)
   12b28:	fd442787          	flw	fa5,-44(s0)
   12b2c:	00f777d3          	fadd.s	fa5,fa4,fa5
   12b30:	fcf42227          	fsw	fa5,-60(s0)
   12b34:	fd842707          	flw	fa4,-40(s0)
   12b38:	fd042787          	flw	fa5,-48(s0)
   12b3c:	00f777d3          	fadd.s	fa5,fa4,fa5
   12b40:	fcf42027          	fsw	fa5,-64(s0)
   12b44:	fc442707          	flw	fa4,-60(s0)
   12b48:	fc042787          	flw	fa5,-64(s0)
   12b4c:	00f77753          	fadd.s	fa4,fa4,fa5
   12b50:	fa442783          	lw	a5,-92(s0)
   12b54:	00478713          	addi	a4,a5,4
   12b58:	fae42223          	sw	a4,-92(s0)
   12b5c:	0004b737          	lui	a4,0x4b
   12b60:	12872787          	flw	fa5,296(a4) # 4b128 <sinTable_q15+0x404>
   12b64:	10f777d3          	fmul.s	fa5,fa4,fa5
   12b68:	e39c                	fsw	fa5,0(a5)
   12b6a:	fc442707          	flw	fa4,-60(s0)
   12b6e:	fc042787          	flw	fa5,-64(s0)
   12b72:	08f77753          	fsub.s	fa4,fa4,fa5
   12b76:	fa442783          	lw	a5,-92(s0)
   12b7a:	00478713          	addi	a4,a5,4
   12b7e:	fae42223          	sw	a4,-92(s0)
   12b82:	0004b737          	lui	a4,0x4b
   12b86:	12872787          	flw	fa5,296(a4) # 4b128 <sinTable_q15+0x404>
   12b8a:	10f777d3          	fmul.s	fa5,fa4,fa5
   12b8e:	e39c                	fsw	fa5,0(a5)
   12b90:	fec42783          	lw	a5,-20(s0)
   12b94:	078e                	slli	a5,a5,0x3
   12b96:	fa842703          	lw	a4,-88(s0)
   12b9a:	97ba                	add	a5,a5,a4
   12b9c:	fef42023          	sw	a5,-32(s0)
   12ba0:	fe442783          	lw	a5,-28(s0)
   12ba4:	07a1                	addi	a5,a5,8
   12ba6:	fef42223          	sw	a5,-28(s0)
   12baa:	fe042783          	lw	a5,-32(s0)
   12bae:	63dc                	flw	fa5,4(a5)
   12bb0:	fcf42c27          	fsw	fa5,-40(s0)
   12bb4:	fe042783          	lw	a5,-32(s0)
   12bb8:	639c                	flw	fa5,0(a5)
   12bba:	fcf42e27          	fsw	fa5,-36(s0)
   12bbe:	fe442783          	lw	a5,-28(s0)
   12bc2:	639c                	flw	fa5,0(a5)
   12bc4:	fcf42a27          	fsw	fa5,-44(s0)
   12bc8:	fe442783          	lw	a5,-28(s0)
   12bcc:	63dc                	flw	fa5,4(a5)
   12bce:	fcf42827          	fsw	fa5,-48(s0)
   12bd2:	fe842783          	lw	a5,-24(s0)
   12bd6:	00478713          	addi	a4,a5,4
   12bda:	fee42423          	sw	a4,-24(s0)
   12bde:	639c                	flw	fa5,0(a5)
   12be0:	fcf42627          	fsw	fa5,-52(s0)
   12be4:	fe842783          	lw	a5,-24(s0)
   12be8:	00478713          	addi	a4,a5,4
   12bec:	fee42423          	sw	a4,-24(s0)
   12bf0:	639c                	flw	fa5,0(a5)
   12bf2:	fcf42427          	fsw	fa5,-56(s0)
   12bf6:	fdc42707          	flw	fa4,-36(s0)
   12bfa:	fd442787          	flw	fa5,-44(s0)
   12bfe:	08f777d3          	fsub.s	fa5,fa4,fa5
   12c02:	fcf42227          	fsw	fa5,-60(s0)
   12c06:	fd842707          	flw	fa4,-40(s0)
   12c0a:	fd042787          	flw	fa5,-48(s0)
   12c0e:	00f777d3          	fadd.s	fa5,fa4,fa5
   12c12:	fcf42027          	fsw	fa5,-64(s0)
   12c16:	fcc42707          	flw	fa4,-52(s0)
   12c1a:	fc442787          	flw	fa5,-60(s0)
   12c1e:	10f777d3          	fmul.s	fa5,fa4,fa5
   12c22:	faf42e27          	fsw	fa5,-68(s0)
   12c26:	fc842707          	flw	fa4,-56(s0)
   12c2a:	fc442787          	flw	fa5,-60(s0)
   12c2e:	10f777d3          	fmul.s	fa5,fa4,fa5
   12c32:	faf42c27          	fsw	fa5,-72(s0)
   12c36:	fcc42707          	flw	fa4,-52(s0)
   12c3a:	fc042787          	flw	fa5,-64(s0)
   12c3e:	10f777d3          	fmul.s	fa5,fa4,fa5
   12c42:	faf42a27          	fsw	fa5,-76(s0)
   12c46:	fc842707          	flw	fa4,-56(s0)
   12c4a:	fc042787          	flw	fa5,-64(s0)
   12c4e:	10f777d3          	fmul.s	fa5,fa4,fa5
   12c52:	faf42827          	fsw	fa5,-80(s0)
   12c56:	fd442707          	flw	fa4,-44(s0)
   12c5a:	fdc42787          	flw	fa5,-36(s0)
   12c5e:	00f77753          	fadd.s	fa4,fa4,fa5
   12c62:	fbc42787          	flw	fa5,-68(s0)
   12c66:	00f77753          	fadd.s	fa4,fa4,fa5
   12c6a:	fb042787          	flw	fa5,-80(s0)
   12c6e:	00f77753          	fadd.s	fa4,fa4,fa5
   12c72:	fa442783          	lw	a5,-92(s0)
   12c76:	00478713          	addi	a4,a5,4
   12c7a:	fae42223          	sw	a4,-92(s0)
   12c7e:	0004b737          	lui	a4,0x4b
   12c82:	12872787          	flw	fa5,296(a4) # 4b128 <sinTable_q15+0x404>
   12c86:	10f777d3          	fmul.s	fa5,fa4,fa5
   12c8a:	e39c                	fsw	fa5,0(a5)
   12c8c:	fd042707          	flw	fa4,-48(s0)
   12c90:	fd842787          	flw	fa5,-40(s0)
   12c94:	08f77753          	fsub.s	fa4,fa4,fa5
   12c98:	fb842787          	flw	fa5,-72(s0)
   12c9c:	00f77753          	fadd.s	fa4,fa4,fa5
   12ca0:	fb442787          	flw	fa5,-76(s0)
   12ca4:	08f77753          	fsub.s	fa4,fa4,fa5
   12ca8:	fa442783          	lw	a5,-92(s0)
   12cac:	00478713          	addi	a4,a5,4
   12cb0:	fae42223          	sw	a4,-92(s0)
   12cb4:	0004b737          	lui	a4,0x4b
   12cb8:	12872787          	flw	fa5,296(a4) # 4b128 <sinTable_q15+0x404>
   12cbc:	10f777d3          	fmul.s	fa5,fa4,fa5
   12cc0:	e39c                	fsw	fa5,0(a5)
   12cc2:	fe442783          	lw	a5,-28(s0)
   12cc6:	07a1                	addi	a5,a5,8
   12cc8:	fef42223          	sw	a5,-28(s0)
   12ccc:	fe042783          	lw	a5,-32(s0)
   12cd0:	17e1                	addi	a5,a5,-8
   12cd2:	fef42023          	sw	a5,-32(s0)
   12cd6:	fec42783          	lw	a5,-20(s0)
   12cda:	17fd                	addi	a5,a5,-1
   12cdc:	fef42623          	sw	a5,-20(s0)
   12ce0:	fec42783          	lw	a5,-20(s0)
   12ce4:	ec0793e3          	bnez	a5,12baa <stage_rfft_f32+0x10c>
   12ce8:	0001                	nop
   12cea:	0001                	nop
   12cec:	40f6                	lw	ra,92(sp)
   12cee:	4466                	lw	s0,88(sp)
   12cf0:	6125                	addi	sp,sp,96
   12cf2:	8082                	ret

00012cf4 <merge_rfft_f32>:
   12cf4:	711d                	addi	sp,sp,-96
   12cf6:	ce86                	sw	ra,92(sp)
   12cf8:	cca2                	sw	s0,88(sp)
   12cfa:	1080                	addi	s0,sp,96
   12cfc:	faa42623          	sw	a0,-84(s0)
   12d00:	fab42423          	sw	a1,-88(s0)
   12d04:	fac42223          	sw	a2,-92(s0)
   12d08:	fac42783          	lw	a5,-84(s0)
   12d0c:	4bdc                	lw	a5,20(a5)
   12d0e:	fef42423          	sw	a5,-24(s0)
   12d12:	fa842783          	lw	a5,-88(s0)
   12d16:	fef42223          	sw	a5,-28(s0)
   12d1a:	fa842783          	lw	a5,-88(s0)
   12d1e:	fef42023          	sw	a5,-32(s0)
   12d22:	fac42783          	lw	a5,-84(s0)
   12d26:	879c                	lhu	a5,0(a5)
   12d28:	17fd                	addi	a5,a5,-1
   12d2a:	fef42623          	sw	a5,-20(s0)
   12d2e:	fe442783          	lw	a5,-28(s0)
   12d32:	639c                	flw	fa5,0(a5)
   12d34:	fcf42e27          	fsw	fa5,-36(s0)
   12d38:	fe442783          	lw	a5,-28(s0)
   12d3c:	63dc                	flw	fa5,4(a5)
   12d3e:	fcf42c27          	fsw	fa5,-40(s0)
   12d42:	fe842783          	lw	a5,-24(s0)
   12d46:	07a1                	addi	a5,a5,8
   12d48:	fef42423          	sw	a5,-24(s0)
   12d4c:	fdc42707          	flw	fa4,-36(s0)
   12d50:	fd842787          	flw	fa5,-40(s0)
   12d54:	00f77753          	fadd.s	fa4,fa4,fa5
   12d58:	fa442783          	lw	a5,-92(s0)
   12d5c:	00478713          	addi	a4,a5,4
   12d60:	fae42223          	sw	a4,-92(s0)
   12d64:	0004b737          	lui	a4,0x4b
   12d68:	12872787          	flw	fa5,296(a4) # 4b128 <sinTable_q15+0x404>
   12d6c:	10f777d3          	fmul.s	fa5,fa4,fa5
   12d70:	e39c                	fsw	fa5,0(a5)
   12d72:	fdc42707          	flw	fa4,-36(s0)
   12d76:	fd842787          	flw	fa5,-40(s0)
   12d7a:	08f77753          	fsub.s	fa4,fa4,fa5
   12d7e:	fa442783          	lw	a5,-92(s0)
   12d82:	00478713          	addi	a4,a5,4
   12d86:	fae42223          	sw	a4,-92(s0)
   12d8a:	0004b737          	lui	a4,0x4b
   12d8e:	12872787          	flw	fa5,296(a4) # 4b128 <sinTable_q15+0x404>
   12d92:	10f777d3          	fmul.s	fa5,fa4,fa5
   12d96:	e39c                	fsw	fa5,0(a5)
   12d98:	fec42783          	lw	a5,-20(s0)
   12d9c:	078e                	slli	a5,a5,0x3
   12d9e:	fa842703          	lw	a4,-88(s0)
   12da2:	97ba                	add	a5,a5,a4
   12da4:	fef42023          	sw	a5,-32(s0)
   12da8:	fe442783          	lw	a5,-28(s0)
   12dac:	07a1                	addi	a5,a5,8
   12dae:	fef42223          	sw	a5,-28(s0)
   12db2:	aa25                	j	12eea <merge_rfft_f32+0x1f6>
   12db4:	fe042783          	lw	a5,-32(s0)
   12db8:	63dc                	flw	fa5,4(a5)
   12dba:	fcf42a27          	fsw	fa5,-44(s0)
   12dbe:	fe042783          	lw	a5,-32(s0)
   12dc2:	639c                	flw	fa5,0(a5)
   12dc4:	fcf42827          	fsw	fa5,-48(s0)
   12dc8:	fe442783          	lw	a5,-28(s0)
   12dcc:	639c                	flw	fa5,0(a5)
   12dce:	fcf42e27          	fsw	fa5,-36(s0)
   12dd2:	fe442783          	lw	a5,-28(s0)
   12dd6:	63dc                	flw	fa5,4(a5)
   12dd8:	fcf42c27          	fsw	fa5,-40(s0)
   12ddc:	fe842783          	lw	a5,-24(s0)
   12de0:	00478713          	addi	a4,a5,4
   12de4:	fee42423          	sw	a4,-24(s0)
   12de8:	639c                	flw	fa5,0(a5)
   12dea:	fcf42627          	fsw	fa5,-52(s0)
   12dee:	fe842783          	lw	a5,-24(s0)
   12df2:	00478713          	addi	a4,a5,4
   12df6:	fee42423          	sw	a4,-24(s0)
   12dfa:	639c                	flw	fa5,0(a5)
   12dfc:	fcf42427          	fsw	fa5,-56(s0)
   12e00:	fdc42707          	flw	fa4,-36(s0)
   12e04:	fd042787          	flw	fa5,-48(s0)
   12e08:	08f777d3          	fsub.s	fa5,fa4,fa5
   12e0c:	fcf42227          	fsw	fa5,-60(s0)
   12e10:	fd842707          	flw	fa4,-40(s0)
   12e14:	fd442787          	flw	fa5,-44(s0)
   12e18:	00f777d3          	fadd.s	fa5,fa4,fa5
   12e1c:	fcf42027          	fsw	fa5,-64(s0)
   12e20:	fcc42707          	flw	fa4,-52(s0)
   12e24:	fc442787          	flw	fa5,-60(s0)
   12e28:	10f777d3          	fmul.s	fa5,fa4,fa5
   12e2c:	faf42e27          	fsw	fa5,-68(s0)
   12e30:	fc842707          	flw	fa4,-56(s0)
   12e34:	fc042787          	flw	fa5,-64(s0)
   12e38:	10f777d3          	fmul.s	fa5,fa4,fa5
   12e3c:	faf42c27          	fsw	fa5,-72(s0)
   12e40:	fc842707          	flw	fa4,-56(s0)
   12e44:	fc442787          	flw	fa5,-60(s0)
   12e48:	10f777d3          	fmul.s	fa5,fa4,fa5
   12e4c:	faf42a27          	fsw	fa5,-76(s0)
   12e50:	fcc42707          	flw	fa4,-52(s0)
   12e54:	fc042787          	flw	fa5,-64(s0)
   12e58:	10f777d3          	fmul.s	fa5,fa4,fa5
   12e5c:	faf42827          	fsw	fa5,-80(s0)
   12e60:	fdc42707          	flw	fa4,-36(s0)
   12e64:	fd042787          	flw	fa5,-48(s0)
   12e68:	00f77753          	fadd.s	fa4,fa4,fa5
   12e6c:	fbc42787          	flw	fa5,-68(s0)
   12e70:	08f77753          	fsub.s	fa4,fa4,fa5
   12e74:	fb842787          	flw	fa5,-72(s0)
   12e78:	08f77753          	fsub.s	fa4,fa4,fa5
   12e7c:	fa442783          	lw	a5,-92(s0)
   12e80:	00478713          	addi	a4,a5,4
   12e84:	fae42223          	sw	a4,-92(s0)
   12e88:	0004b737          	lui	a4,0x4b
   12e8c:	12872787          	flw	fa5,296(a4) # 4b128 <sinTable_q15+0x404>
   12e90:	10f777d3          	fmul.s	fa5,fa4,fa5
   12e94:	e39c                	fsw	fa5,0(a5)
   12e96:	fd842707          	flw	fa4,-40(s0)
   12e9a:	fd442787          	flw	fa5,-44(s0)
   12e9e:	08f77753          	fsub.s	fa4,fa4,fa5
   12ea2:	fb442787          	flw	fa5,-76(s0)
   12ea6:	00f77753          	fadd.s	fa4,fa4,fa5
   12eaa:	fb042787          	flw	fa5,-80(s0)
   12eae:	08f77753          	fsub.s	fa4,fa4,fa5
   12eb2:	fa442783          	lw	a5,-92(s0)
   12eb6:	00478713          	addi	a4,a5,4
   12eba:	fae42223          	sw	a4,-92(s0)
   12ebe:	0004b737          	lui	a4,0x4b
   12ec2:	12872787          	flw	fa5,296(a4) # 4b128 <sinTable_q15+0x404>
   12ec6:	10f777d3          	fmul.s	fa5,fa4,fa5
   12eca:	e39c                	fsw	fa5,0(a5)
   12ecc:	fe442783          	lw	a5,-28(s0)
   12ed0:	07a1                	addi	a5,a5,8
   12ed2:	fef42223          	sw	a5,-28(s0)
   12ed6:	fe042783          	lw	a5,-32(s0)
   12eda:	17e1                	addi	a5,a5,-8
   12edc:	fef42023          	sw	a5,-32(s0)
   12ee0:	fec42783          	lw	a5,-20(s0)
   12ee4:	17fd                	addi	a5,a5,-1
   12ee6:	fef42623          	sw	a5,-20(s0)
   12eea:	fec42783          	lw	a5,-20(s0)
   12eee:	ec0793e3          	bnez	a5,12db4 <merge_rfft_f32+0xc0>
   12ef2:	0001                	nop
   12ef4:	0001                	nop
   12ef6:	40f6                	lw	ra,92(sp)
   12ef8:	4466                	lw	s0,88(sp)
   12efa:	6125                	addi	sp,sp,96
   12efc:	8082                	ret

00012efe <riscv_rfft_fast_f32>:
   12efe:	7179                	addi	sp,sp,-48
   12f00:	d606                	sw	ra,44(sp)
   12f02:	d422                	sw	s0,40(sp)
   12f04:	1800                	addi	s0,sp,48
   12f06:	fca42e23          	sw	a0,-36(s0)
   12f0a:	fcb42c23          	sw	a1,-40(s0)
   12f0e:	fcc42a23          	sw	a2,-44(s0)
   12f12:	87b6                	mv	a5,a3
   12f14:	fcf409a3          	sb	a5,-45(s0)
   12f18:	fdc42783          	lw	a5,-36(s0)
   12f1c:	fef42623          	sw	a5,-20(s0)
   12f20:	fdc42783          	lw	a5,-36(s0)
   12f24:	0107d783          	lhu	a5,16(a5)
   12f28:	8385                	srli	a5,a5,0x1
   12f2a:	0807c733          	zext.h	a4,a5
   12f2e:	fec42783          	lw	a5,-20(s0)
   12f32:	8f98                	sh	a4,0(a5)
   12f34:	fd344783          	lbu	a5,-45(s0)
   12f38:	c39d                	beqz	a5,12f5e <riscv_rfft_fast_f32+0x60>
   12f3a:	fd442603          	lw	a2,-44(s0)
   12f3e:	fd842583          	lw	a1,-40(s0)
   12f42:	fdc42503          	lw	a0,-36(s0)
   12f46:	337d                	jal	12cf4 <merge_rfft_f32>
   12f48:	fd344783          	lbu	a5,-45(s0)
   12f4c:	4685                	li	a3,1
   12f4e:	863e                	mv	a2,a5
   12f50:	fd442583          	lw	a1,-44(s0)
   12f54:	fec42503          	lw	a0,-20(s0)
   12f58:	238010ef          	jal	14190 <riscv_cfft_f32>
   12f5c:	a015                	j	12f80 <riscv_rfft_fast_f32+0x82>
   12f5e:	fd344783          	lbu	a5,-45(s0)
   12f62:	4685                	li	a3,1
   12f64:	863e                	mv	a2,a5
   12f66:	fd842583          	lw	a1,-40(s0)
   12f6a:	fec42503          	lw	a0,-20(s0)
   12f6e:	222010ef          	jal	14190 <riscv_cfft_f32>
   12f72:	fd442603          	lw	a2,-44(s0)
   12f76:	fd842583          	lw	a1,-40(s0)
   12f7a:	fdc42503          	lw	a0,-36(s0)
   12f7e:	3605                	jal	12a9e <stage_rfft_f32>
   12f80:	0001                	nop
   12f82:	50b2                	lw	ra,44(sp)
   12f84:	5422                	lw	s0,40(sp)
   12f86:	6145                	addi	sp,sp,48
   12f88:	8082                	ret

00012f8a <riscv_cfft_radix8by2_f32>:
   12f8a:	7135                	addi	sp,sp,-160
   12f8c:	cf06                	sw	ra,156(sp)
   12f8e:	cd22                	sw	s0,152(sp)
   12f90:	1100                	addi	s0,sp,160
   12f92:	f6a42623          	sw	a0,-148(s0)
   12f96:	f6b42423          	sw	a1,-152(s0)
   12f9a:	f6c42783          	lw	a5,-148(s0)
   12f9e:	879c                	lhu	a5,0(a5)
   12fa0:	fcf42c23          	sw	a5,-40(s0)
   12fa4:	fd842783          	lw	a5,-40(s0)
   12fa8:	078a                	slli	a5,a5,0x2
   12faa:	f6842703          	lw	a4,-152(s0)
   12fae:	97ba                	add	a5,a5,a4
   12fb0:	fef42223          	sw	a5,-28(s0)
   12fb4:	f6c42783          	lw	a5,-148(s0)
   12fb8:	43dc                	lw	a5,4(a5)
   12fba:	fef42023          	sw	a5,-32(s0)
   12fbe:	f6842783          	lw	a5,-152(s0)
   12fc2:	fcf42a23          	sw	a5,-44(s0)
   12fc6:	fe442783          	lw	a5,-28(s0)
   12fca:	fcf42823          	sw	a5,-48(s0)
   12fce:	fd842783          	lw	a5,-40(s0)
   12fd2:	8385                	srli	a5,a5,0x1
   12fd4:	fcf42c23          	sw	a5,-40(s0)
   12fd8:	fd842783          	lw	a5,-40(s0)
   12fdc:	078a                	slli	a5,a5,0x2
   12fde:	f6842703          	lw	a4,-152(s0)
   12fe2:	97ba                	add	a5,a5,a4
   12fe4:	fef42623          	sw	a5,-20(s0)
   12fe8:	fd842783          	lw	a5,-40(s0)
   12fec:	078a                	slli	a5,a5,0x2
   12fee:	fe442703          	lw	a4,-28(s0)
   12ff2:	97ba                	add	a5,a5,a4
   12ff4:	fef42423          	sw	a5,-24(s0)
   12ff8:	fd842783          	lw	a5,-40(s0)
   12ffc:	8389                	srli	a5,a5,0x2
   12ffe:	fcf42e23          	sw	a5,-36(s0)
   13002:	a911                	j	13416 <riscv_cfft_radix8by2_f32+0x48c>
   13004:	f6842783          	lw	a5,-152(s0)
   13008:	639c                	flw	fa5,0(a5)
   1300a:	faf42427          	fsw	fa5,-88(s0)
   1300e:	f6842783          	lw	a5,-152(s0)
   13012:	63dc                	flw	fa5,4(a5)
   13014:	faf42627          	fsw	fa5,-84(s0)
   13018:	f6842783          	lw	a5,-152(s0)
   1301c:	679c                	flw	fa5,8(a5)
   1301e:	faf42827          	fsw	fa5,-80(s0)
   13022:	f6842783          	lw	a5,-152(s0)
   13026:	67dc                	flw	fa5,12(a5)
   13028:	faf42a27          	fsw	fa5,-76(s0)
   1302c:	fe442783          	lw	a5,-28(s0)
   13030:	639c                	flw	fa5,0(a5)
   13032:	f8f42c27          	fsw	fa5,-104(s0)
   13036:	fe442783          	lw	a5,-28(s0)
   1303a:	63dc                	flw	fa5,4(a5)
   1303c:	f8f42e27          	fsw	fa5,-100(s0)
   13040:	fe442783          	lw	a5,-28(s0)
   13044:	679c                	flw	fa5,8(a5)
   13046:	faf42027          	fsw	fa5,-96(s0)
   1304a:	fe442783          	lw	a5,-28(s0)
   1304e:	67dc                	flw	fa5,12(a5)
   13050:	faf42227          	fsw	fa5,-92(s0)
   13054:	fec42783          	lw	a5,-20(s0)
   13058:	639c                	flw	fa5,0(a5)
   1305a:	f8f42427          	fsw	fa5,-120(s0)
   1305e:	fec42783          	lw	a5,-20(s0)
   13062:	63dc                	flw	fa5,4(a5)
   13064:	f8f42627          	fsw	fa5,-116(s0)
   13068:	fec42783          	lw	a5,-20(s0)
   1306c:	679c                	flw	fa5,8(a5)
   1306e:	f8f42827          	fsw	fa5,-112(s0)
   13072:	fec42783          	lw	a5,-20(s0)
   13076:	67dc                	flw	fa5,12(a5)
   13078:	f8f42a27          	fsw	fa5,-108(s0)
   1307c:	fe842783          	lw	a5,-24(s0)
   13080:	639c                	flw	fa5,0(a5)
   13082:	f6f42c27          	fsw	fa5,-136(s0)
   13086:	fe842783          	lw	a5,-24(s0)
   1308a:	63dc                	flw	fa5,4(a5)
   1308c:	f6f42e27          	fsw	fa5,-132(s0)
   13090:	fe842783          	lw	a5,-24(s0)
   13094:	679c                	flw	fa5,8(a5)
   13096:	f8f42027          	fsw	fa5,-128(s0)
   1309a:	fe842783          	lw	a5,-24(s0)
   1309e:	67dc                	flw	fa5,12(a5)
   130a0:	f8f42227          	fsw	fa5,-124(s0)
   130a4:	fa842707          	flw	fa4,-88(s0)
   130a8:	f9842787          	flw	fa5,-104(s0)
   130ac:	f6842783          	lw	a5,-152(s0)
   130b0:	00478713          	addi	a4,a5,4
   130b4:	f6e42423          	sw	a4,-152(s0)
   130b8:	00f777d3          	fadd.s	fa5,fa4,fa5
   130bc:	e39c                	fsw	fa5,0(a5)
   130be:	fac42707          	flw	fa4,-84(s0)
   130c2:	f9c42787          	flw	fa5,-100(s0)
   130c6:	f6842783          	lw	a5,-152(s0)
   130ca:	00478713          	addi	a4,a5,4
   130ce:	f6e42423          	sw	a4,-152(s0)
   130d2:	00f777d3          	fadd.s	fa5,fa4,fa5
   130d6:	e39c                	fsw	fa5,0(a5)
   130d8:	fb042707          	flw	fa4,-80(s0)
   130dc:	fa042787          	flw	fa5,-96(s0)
   130e0:	f6842783          	lw	a5,-152(s0)
   130e4:	00478713          	addi	a4,a5,4
   130e8:	f6e42423          	sw	a4,-152(s0)
   130ec:	00f777d3          	fadd.s	fa5,fa4,fa5
   130f0:	e39c                	fsw	fa5,0(a5)
   130f2:	fb442707          	flw	fa4,-76(s0)
   130f6:	fa442787          	flw	fa5,-92(s0)
   130fa:	f6842783          	lw	a5,-152(s0)
   130fe:	00478713          	addi	a4,a5,4
   13102:	f6e42423          	sw	a4,-152(s0)
   13106:	00f777d3          	fadd.s	fa5,fa4,fa5
   1310a:	e39c                	fsw	fa5,0(a5)
   1310c:	fa842707          	flw	fa4,-88(s0)
   13110:	f9842787          	flw	fa5,-104(s0)
   13114:	08f777d3          	fsub.s	fa5,fa4,fa5
   13118:	f8f42c27          	fsw	fa5,-104(s0)
   1311c:	fac42707          	flw	fa4,-84(s0)
   13120:	f9c42787          	flw	fa5,-100(s0)
   13124:	08f777d3          	fsub.s	fa5,fa4,fa5
   13128:	f8f42e27          	fsw	fa5,-100(s0)
   1312c:	fb042707          	flw	fa4,-80(s0)
   13130:	fa042787          	flw	fa5,-96(s0)
   13134:	08f777d3          	fsub.s	fa5,fa4,fa5
   13138:	faf42027          	fsw	fa5,-96(s0)
   1313c:	fb442707          	flw	fa4,-76(s0)
   13140:	fa442787          	flw	fa5,-92(s0)
   13144:	08f777d3          	fsub.s	fa5,fa4,fa5
   13148:	faf42227          	fsw	fa5,-92(s0)
   1314c:	f8842707          	flw	fa4,-120(s0)
   13150:	f7842787          	flw	fa5,-136(s0)
   13154:	fec42783          	lw	a5,-20(s0)
   13158:	00478713          	addi	a4,a5,4
   1315c:	fee42623          	sw	a4,-20(s0)
   13160:	00f777d3          	fadd.s	fa5,fa4,fa5
   13164:	e39c                	fsw	fa5,0(a5)
   13166:	f8c42707          	flw	fa4,-116(s0)
   1316a:	f7c42787          	flw	fa5,-132(s0)
   1316e:	fec42783          	lw	a5,-20(s0)
   13172:	00478713          	addi	a4,a5,4
   13176:	fee42623          	sw	a4,-20(s0)
   1317a:	00f777d3          	fadd.s	fa5,fa4,fa5
   1317e:	e39c                	fsw	fa5,0(a5)
   13180:	f9042707          	flw	fa4,-112(s0)
   13184:	f8042787          	flw	fa5,-128(s0)
   13188:	fec42783          	lw	a5,-20(s0)
   1318c:	00478713          	addi	a4,a5,4
   13190:	fee42623          	sw	a4,-20(s0)
   13194:	00f777d3          	fadd.s	fa5,fa4,fa5
   13198:	e39c                	fsw	fa5,0(a5)
   1319a:	f9442707          	flw	fa4,-108(s0)
   1319e:	f8442787          	flw	fa5,-124(s0)
   131a2:	fec42783          	lw	a5,-20(s0)
   131a6:	00478713          	addi	a4,a5,4
   131aa:	fee42623          	sw	a4,-20(s0)
   131ae:	00f777d3          	fadd.s	fa5,fa4,fa5
   131b2:	e39c                	fsw	fa5,0(a5)
   131b4:	f7842707          	flw	fa4,-136(s0)
   131b8:	f8842787          	flw	fa5,-120(s0)
   131bc:	08f777d3          	fsub.s	fa5,fa4,fa5
   131c0:	f6f42c27          	fsw	fa5,-136(s0)
   131c4:	f7c42707          	flw	fa4,-132(s0)
   131c8:	f8c42787          	flw	fa5,-116(s0)
   131cc:	08f777d3          	fsub.s	fa5,fa4,fa5
   131d0:	f6f42e27          	fsw	fa5,-132(s0)
   131d4:	f8042707          	flw	fa4,-128(s0)
   131d8:	f9042787          	flw	fa5,-112(s0)
   131dc:	08f777d3          	fsub.s	fa5,fa4,fa5
   131e0:	f8f42027          	fsw	fa5,-128(s0)
   131e4:	f8442707          	flw	fa4,-124(s0)
   131e8:	f9442787          	flw	fa5,-108(s0)
   131ec:	08f777d3          	fsub.s	fa5,fa4,fa5
   131f0:	f8f42227          	fsw	fa5,-124(s0)
   131f4:	fe042783          	lw	a5,-32(s0)
   131f8:	00478713          	addi	a4,a5,4
   131fc:	fee42023          	sw	a4,-32(s0)
   13200:	639c                	flw	fa5,0(a5)
   13202:	fcf42627          	fsw	fa5,-52(s0)
   13206:	fe042783          	lw	a5,-32(s0)
   1320a:	00478713          	addi	a4,a5,4
   1320e:	fee42023          	sw	a4,-32(s0)
   13212:	639c                	flw	fa5,0(a5)
   13214:	fcf42427          	fsw	fa5,-56(s0)
   13218:	f9842787          	flw	fa5,-104(s0)
   1321c:	fcc42707          	flw	fa4,-52(s0)
   13220:	10f777d3          	fmul.s	fa5,fa4,fa5
   13224:	fcf42227          	fsw	fa5,-60(s0)
   13228:	f9c42787          	flw	fa5,-100(s0)
   1322c:	fc842707          	flw	fa4,-56(s0)
   13230:	10f777d3          	fmul.s	fa5,fa4,fa5
   13234:	fcf42027          	fsw	fa5,-64(s0)
   13238:	f9c42787          	flw	fa5,-100(s0)
   1323c:	fcc42707          	flw	fa4,-52(s0)
   13240:	10f777d3          	fmul.s	fa5,fa4,fa5
   13244:	faf42e27          	fsw	fa5,-68(s0)
   13248:	f9842787          	flw	fa5,-104(s0)
   1324c:	fc842707          	flw	fa4,-56(s0)
   13250:	10f777d3          	fmul.s	fa5,fa4,fa5
   13254:	faf42c27          	fsw	fa5,-72(s0)
   13258:	fe442783          	lw	a5,-28(s0)
   1325c:	00478713          	addi	a4,a5,4
   13260:	fee42223          	sw	a4,-28(s0)
   13264:	fc442707          	flw	fa4,-60(s0)
   13268:	fc042787          	flw	fa5,-64(s0)
   1326c:	00f777d3          	fadd.s	fa5,fa4,fa5
   13270:	e39c                	fsw	fa5,0(a5)
   13272:	fe442783          	lw	a5,-28(s0)
   13276:	00478713          	addi	a4,a5,4
   1327a:	fee42223          	sw	a4,-28(s0)
   1327e:	fbc42707          	flw	fa4,-68(s0)
   13282:	fb842787          	flw	fa5,-72(s0)
   13286:	08f777d3          	fsub.s	fa5,fa4,fa5
   1328a:	e39c                	fsw	fa5,0(a5)
   1328c:	f7842787          	flw	fa5,-136(s0)
   13290:	fc842707          	flw	fa4,-56(s0)
   13294:	10f777d3          	fmul.s	fa5,fa4,fa5
   13298:	fcf42227          	fsw	fa5,-60(s0)
   1329c:	f7c42787          	flw	fa5,-132(s0)
   132a0:	fcc42707          	flw	fa4,-52(s0)
   132a4:	10f777d3          	fmul.s	fa5,fa4,fa5
   132a8:	fcf42027          	fsw	fa5,-64(s0)
   132ac:	f7c42787          	flw	fa5,-132(s0)
   132b0:	fc842707          	flw	fa4,-56(s0)
   132b4:	10f777d3          	fmul.s	fa5,fa4,fa5
   132b8:	faf42e27          	fsw	fa5,-68(s0)
   132bc:	f7842787          	flw	fa5,-136(s0)
   132c0:	fcc42707          	flw	fa4,-52(s0)
   132c4:	10f777d3          	fmul.s	fa5,fa4,fa5
   132c8:	faf42c27          	fsw	fa5,-72(s0)
   132cc:	fe842783          	lw	a5,-24(s0)
   132d0:	00478713          	addi	a4,a5,4
   132d4:	fee42423          	sw	a4,-24(s0)
   132d8:	fc442707          	flw	fa4,-60(s0)
   132dc:	fc042787          	flw	fa5,-64(s0)
   132e0:	08f777d3          	fsub.s	fa5,fa4,fa5
   132e4:	e39c                	fsw	fa5,0(a5)
   132e6:	fe842783          	lw	a5,-24(s0)
   132ea:	00478713          	addi	a4,a5,4
   132ee:	fee42423          	sw	a4,-24(s0)
   132f2:	fbc42707          	flw	fa4,-68(s0)
   132f6:	fb842787          	flw	fa5,-72(s0)
   132fa:	00f777d3          	fadd.s	fa5,fa4,fa5
   132fe:	e39c                	fsw	fa5,0(a5)
   13300:	fe042783          	lw	a5,-32(s0)
   13304:	00478713          	addi	a4,a5,4
   13308:	fee42023          	sw	a4,-32(s0)
   1330c:	639c                	flw	fa5,0(a5)
   1330e:	fcf42627          	fsw	fa5,-52(s0)
   13312:	fe042783          	lw	a5,-32(s0)
   13316:	00478713          	addi	a4,a5,4
   1331a:	fee42023          	sw	a4,-32(s0)
   1331e:	639c                	flw	fa5,0(a5)
   13320:	fcf42427          	fsw	fa5,-56(s0)
   13324:	fa042787          	flw	fa5,-96(s0)
   13328:	fcc42707          	flw	fa4,-52(s0)
   1332c:	10f777d3          	fmul.s	fa5,fa4,fa5
   13330:	fcf42227          	fsw	fa5,-60(s0)
   13334:	fa442787          	flw	fa5,-92(s0)
   13338:	fc842707          	flw	fa4,-56(s0)
   1333c:	10f777d3          	fmul.s	fa5,fa4,fa5
   13340:	fcf42027          	fsw	fa5,-64(s0)
   13344:	fa442787          	flw	fa5,-92(s0)
   13348:	fcc42707          	flw	fa4,-52(s0)
   1334c:	10f777d3          	fmul.s	fa5,fa4,fa5
   13350:	faf42e27          	fsw	fa5,-68(s0)
   13354:	fa042787          	flw	fa5,-96(s0)
   13358:	fc842707          	flw	fa4,-56(s0)
   1335c:	10f777d3          	fmul.s	fa5,fa4,fa5
   13360:	faf42c27          	fsw	fa5,-72(s0)
   13364:	fe442783          	lw	a5,-28(s0)
   13368:	00478713          	addi	a4,a5,4
   1336c:	fee42223          	sw	a4,-28(s0)
   13370:	fc442707          	flw	fa4,-60(s0)
   13374:	fc042787          	flw	fa5,-64(s0)
   13378:	00f777d3          	fadd.s	fa5,fa4,fa5
   1337c:	e39c                	fsw	fa5,0(a5)
   1337e:	fe442783          	lw	a5,-28(s0)
   13382:	00478713          	addi	a4,a5,4
   13386:	fee42223          	sw	a4,-28(s0)
   1338a:	fbc42707          	flw	fa4,-68(s0)
   1338e:	fb842787          	flw	fa5,-72(s0)
   13392:	08f777d3          	fsub.s	fa5,fa4,fa5
   13396:	e39c                	fsw	fa5,0(a5)
   13398:	f8042787          	flw	fa5,-128(s0)
   1339c:	fc842707          	flw	fa4,-56(s0)
   133a0:	10f777d3          	fmul.s	fa5,fa4,fa5
   133a4:	fcf42227          	fsw	fa5,-60(s0)
   133a8:	f8442787          	flw	fa5,-124(s0)
   133ac:	fcc42707          	flw	fa4,-52(s0)
   133b0:	10f777d3          	fmul.s	fa5,fa4,fa5
   133b4:	fcf42027          	fsw	fa5,-64(s0)
   133b8:	f8442787          	flw	fa5,-124(s0)
   133bc:	fc842707          	flw	fa4,-56(s0)
   133c0:	10f777d3          	fmul.s	fa5,fa4,fa5
   133c4:	faf42e27          	fsw	fa5,-68(s0)
   133c8:	f8042787          	flw	fa5,-128(s0)
   133cc:	fcc42707          	flw	fa4,-52(s0)
   133d0:	10f777d3          	fmul.s	fa5,fa4,fa5
   133d4:	faf42c27          	fsw	fa5,-72(s0)
   133d8:	fe842783          	lw	a5,-24(s0)
   133dc:	00478713          	addi	a4,a5,4
   133e0:	fee42423          	sw	a4,-24(s0)
   133e4:	fc442707          	flw	fa4,-60(s0)
   133e8:	fc042787          	flw	fa5,-64(s0)
   133ec:	08f777d3          	fsub.s	fa5,fa4,fa5
   133f0:	e39c                	fsw	fa5,0(a5)
   133f2:	fe842783          	lw	a5,-24(s0)
   133f6:	00478713          	addi	a4,a5,4
   133fa:	fee42423          	sw	a4,-24(s0)
   133fe:	fbc42707          	flw	fa4,-68(s0)
   13402:	fb842787          	flw	fa5,-72(s0)
   13406:	00f777d3          	fadd.s	fa5,fa4,fa5
   1340a:	e39c                	fsw	fa5,0(a5)
   1340c:	fdc42783          	lw	a5,-36(s0)
   13410:	17fd                	addi	a5,a5,-1
   13412:	fcf42e23          	sw	a5,-36(s0)
   13416:	fdc42783          	lw	a5,-36(s0)
   1341a:	be0795e3          	bnez	a5,13004 <riscv_cfft_radix8by2_f32+0x7a>
   1341e:	fd842783          	lw	a5,-40(s0)
   13422:	0807c733          	zext.h	a4,a5
   13426:	f6c42783          	lw	a5,-148(s0)
   1342a:	43dc                	lw	a5,4(a5)
   1342c:	4689                	li	a3,2
   1342e:	863e                	mv	a2,a5
   13430:	85ba                	mv	a1,a4
   13432:	fd442503          	lw	a0,-44(s0)
   13436:	a48fe0ef          	jal	1167e <riscv_radix8_butterfly_f32>
   1343a:	fd842783          	lw	a5,-40(s0)
   1343e:	0807c733          	zext.h	a4,a5
   13442:	f6c42783          	lw	a5,-148(s0)
   13446:	43dc                	lw	a5,4(a5)
   13448:	4689                	li	a3,2
   1344a:	863e                	mv	a2,a5
   1344c:	85ba                	mv	a1,a4
   1344e:	fd042503          	lw	a0,-48(s0)
   13452:	a2cfe0ef          	jal	1167e <riscv_radix8_butterfly_f32>
   13456:	0001                	nop
   13458:	40fa                	lw	ra,156(sp)
   1345a:	446a                	lw	s0,152(sp)
   1345c:	610d                	addi	sp,sp,160
   1345e:	8082                	ret

00013460 <riscv_cfft_radix8by4_f32>:
   13460:	7155                	addi	sp,sp,-208
   13462:	c786                	sw	ra,204(sp)
   13464:	c5a2                	sw	s0,200(sp)
   13466:	0980                	addi	s0,sp,208
   13468:	f2a42e23          	sw	a0,-196(s0)
   1346c:	f2b42c23          	sw	a1,-200(s0)
   13470:	f3c42783          	lw	a5,-196(s0)
   13474:	879c                	lhu	a5,0(a5)
   13476:	8385                	srli	a5,a5,0x1
   13478:	9fe9                	zext.h	a5,a5
   1347a:	fcf42023          	sw	a5,-64(s0)
   1347e:	fc042783          	lw	a5,-64(s0)
   13482:	078a                	slli	a5,a5,0x2
   13484:	f3842703          	lw	a4,-200(s0)
   13488:	97ba                	add	a5,a5,a4
   1348a:	fcf42823          	sw	a5,-48(s0)
   1348e:	fc042783          	lw	a5,-64(s0)
   13492:	078a                	slli	a5,a5,0x2
   13494:	fd042703          	lw	a4,-48(s0)
   13498:	97ba                	add	a5,a5,a4
   1349a:	fcf42623          	sw	a5,-52(s0)
   1349e:	fc042783          	lw	a5,-64(s0)
   134a2:	078a                	slli	a5,a5,0x2
   134a4:	fcc42703          	lw	a4,-52(s0)
   134a8:	97ba                	add	a5,a5,a4
   134aa:	fcf42423          	sw	a5,-56(s0)
   134ae:	f3842783          	lw	a5,-200(s0)
   134b2:	faf42e23          	sw	a5,-68(s0)
   134b6:	fd042783          	lw	a5,-48(s0)
   134ba:	faf42c23          	sw	a5,-72(s0)
   134be:	fcc42783          	lw	a5,-52(s0)
   134c2:	faf42a23          	sw	a5,-76(s0)
   134c6:	fc842783          	lw	a5,-56(s0)
   134ca:	faf42823          	sw	a5,-80(s0)
   134ce:	fd042783          	lw	a5,-48(s0)
   134d2:	17f1                	addi	a5,a5,-4
   134d4:	fef42623          	sw	a5,-20(s0)
   134d8:	fcc42783          	lw	a5,-52(s0)
   134dc:	17f1                	addi	a5,a5,-4
   134de:	fef42423          	sw	a5,-24(s0)
   134e2:	fc842783          	lw	a5,-56(s0)
   134e6:	17f1                	addi	a5,a5,-4
   134e8:	fef42223          	sw	a5,-28(s0)
   134ec:	fc042783          	lw	a5,-64(s0)
   134f0:	078a                	slli	a5,a5,0x2
   134f2:	fe442703          	lw	a4,-28(s0)
   134f6:	97ba                	add	a5,a5,a4
   134f8:	fef42023          	sw	a5,-32(s0)
   134fc:	f3c42783          	lw	a5,-196(s0)
   13500:	43dc                	lw	a5,4(a5)
   13502:	fcf42a23          	sw	a5,-44(s0)
   13506:	fd442783          	lw	a5,-44(s0)
   1350a:	fcf42c23          	sw	a5,-40(s0)
   1350e:	fd842783          	lw	a5,-40(s0)
   13512:	fcf42e23          	sw	a5,-36(s0)
   13516:	fc042783          	lw	a5,-64(s0)
   1351a:	8385                	srli	a5,a5,0x1
   1351c:	fcf42023          	sw	a5,-64(s0)
   13520:	4789                	li	a5,2
   13522:	faf42623          	sw	a5,-84(s0)
   13526:	4791                	li	a5,4
   13528:	faf42423          	sw	a5,-88(s0)
   1352c:	4799                	li	a5,6
   1352e:	faf42223          	sw	a5,-92(s0)
   13532:	f3842783          	lw	a5,-200(s0)
   13536:	6398                	flw	fa4,0(a5)
   13538:	fcc42783          	lw	a5,-52(s0)
   1353c:	639c                	flw	fa5,0(a5)
   1353e:	00f777d3          	fadd.s	fa5,fa4,fa5
   13542:	faf42027          	fsw	fa5,-96(s0)
   13546:	f3842783          	lw	a5,-200(s0)
   1354a:	6398                	flw	fa4,0(a5)
   1354c:	fcc42783          	lw	a5,-52(s0)
   13550:	639c                	flw	fa5,0(a5)
   13552:	08f777d3          	fsub.s	fa5,fa4,fa5
   13556:	f8f42e27          	fsw	fa5,-100(s0)
   1355a:	f3842783          	lw	a5,-200(s0)
   1355e:	0791                	addi	a5,a5,4
   13560:	6398                	flw	fa4,0(a5)
   13562:	fcc42783          	lw	a5,-52(s0)
   13566:	0791                	addi	a5,a5,4
   13568:	639c                	flw	fa5,0(a5)
   1356a:	00f777d3          	fadd.s	fa5,fa4,fa5
   1356e:	f8f42c27          	fsw	fa5,-104(s0)
   13572:	f3842783          	lw	a5,-200(s0)
   13576:	0791                	addi	a5,a5,4
   13578:	6398                	flw	fa4,0(a5)
   1357a:	fcc42783          	lw	a5,-52(s0)
   1357e:	0791                	addi	a5,a5,4
   13580:	639c                	flw	fa5,0(a5)
   13582:	08f777d3          	fsub.s	fa5,fa4,fa5
   13586:	f8f42a27          	fsw	fa5,-108(s0)
   1358a:	fd042783          	lw	a5,-48(s0)
   1358e:	0791                	addi	a5,a5,4
   13590:	6398                	flw	fa4,0(a5)
   13592:	f9c42787          	flw	fa5,-100(s0)
   13596:	00f77753          	fadd.s	fa4,fa4,fa5
   1359a:	fc842783          	lw	a5,-56(s0)
   1359e:	0791                	addi	a5,a5,4
   135a0:	639c                	flw	fa5,0(a5)
   135a2:	08f777d3          	fsub.s	fa5,fa4,fa5
   135a6:	f6f42627          	fsw	fa5,-148(s0)
   135aa:	fd042783          	lw	a5,-48(s0)
   135ae:	639c                	flw	fa5,0(a5)
   135b0:	f9442707          	flw	fa4,-108(s0)
   135b4:	08f77753          	fsub.s	fa4,fa4,fa5
   135b8:	fc842783          	lw	a5,-56(s0)
   135bc:	639c                	flw	fa5,0(a5)
   135be:	00f777d3          	fadd.s	fa5,fa4,fa5
   135c2:	f6f42827          	fsw	fa5,-144(s0)
   135c6:	fd042783          	lw	a5,-48(s0)
   135ca:	639c                	flw	fa5,0(a5)
   135cc:	fa042707          	flw	fa4,-96(s0)
   135d0:	08f77753          	fsub.s	fa4,fa4,fa5
   135d4:	fc842783          	lw	a5,-56(s0)
   135d8:	639c                	flw	fa5,0(a5)
   135da:	08f777d3          	fsub.s	fa5,fa4,fa5
   135de:	f4f42e27          	fsw	fa5,-164(s0)
   135e2:	fd042783          	lw	a5,-48(s0)
   135e6:	0791                	addi	a5,a5,4
   135e8:	639c                	flw	fa5,0(a5)
   135ea:	f9842707          	flw	fa4,-104(s0)
   135ee:	08f77753          	fsub.s	fa4,fa4,fa5
   135f2:	fc842783          	lw	a5,-56(s0)
   135f6:	0791                	addi	a5,a5,4
   135f8:	639c                	flw	fa5,0(a5)
   135fa:	08f777d3          	fsub.s	fa5,fa4,fa5
   135fe:	f6f42027          	fsw	fa5,-160(s0)
   13602:	fd042783          	lw	a5,-48(s0)
   13606:	0791                	addi	a5,a5,4
   13608:	639c                	flw	fa5,0(a5)
   1360a:	f9c42707          	flw	fa4,-100(s0)
   1360e:	08f77753          	fsub.s	fa4,fa4,fa5
   13612:	fc842783          	lw	a5,-56(s0)
   13616:	0791                	addi	a5,a5,4
   13618:	639c                	flw	fa5,0(a5)
   1361a:	00f777d3          	fadd.s	fa5,fa4,fa5
   1361e:	f4f42627          	fsw	fa5,-180(s0)
   13622:	fd042783          	lw	a5,-48(s0)
   13626:	6398                	flw	fa4,0(a5)
   13628:	f9442787          	flw	fa5,-108(s0)
   1362c:	00f77753          	fadd.s	fa4,fa4,fa5
   13630:	fc842783          	lw	a5,-56(s0)
   13634:	639c                	flw	fa5,0(a5)
   13636:	08f777d3          	fsub.s	fa5,fa4,fa5
   1363a:	f4f42827          	fsw	fa5,-176(s0)
   1363e:	fd042783          	lw	a5,-48(s0)
   13642:	6398                	flw	fa4,0(a5)
   13644:	fa042787          	flw	fa5,-96(s0)
   13648:	00f77753          	fadd.s	fa4,fa4,fa5
   1364c:	fc842783          	lw	a5,-56(s0)
   13650:	639c                	flw	fa5,0(a5)
   13652:	f3842783          	lw	a5,-200(s0)
   13656:	00478713          	addi	a4,a5,4
   1365a:	f2e42c23          	sw	a4,-200(s0)
   1365e:	00f777d3          	fadd.s	fa5,fa4,fa5
   13662:	e39c                	fsw	fa5,0(a5)
   13664:	fd042783          	lw	a5,-48(s0)
   13668:	0791                	addi	a5,a5,4
   1366a:	6398                	flw	fa4,0(a5)
   1366c:	f9842787          	flw	fa5,-104(s0)
   13670:	00f77753          	fadd.s	fa4,fa4,fa5
   13674:	fc842783          	lw	a5,-56(s0)
   13678:	0791                	addi	a5,a5,4
   1367a:	639c                	flw	fa5,0(a5)
   1367c:	f3842783          	lw	a5,-200(s0)
   13680:	00478713          	addi	a4,a5,4
   13684:	f2e42c23          	sw	a4,-200(s0)
   13688:	00f777d3          	fadd.s	fa5,fa4,fa5
   1368c:	e39c                	fsw	fa5,0(a5)
   1368e:	fd042783          	lw	a5,-48(s0)
   13692:	00478713          	addi	a4,a5,4
   13696:	fce42823          	sw	a4,-48(s0)
   1369a:	f6c42787          	flw	fa5,-148(s0)
   1369e:	e39c                	fsw	fa5,0(a5)
   136a0:	fd042783          	lw	a5,-48(s0)
   136a4:	00478713          	addi	a4,a5,4
   136a8:	fce42823          	sw	a4,-48(s0)
   136ac:	f7042787          	flw	fa5,-144(s0)
   136b0:	e39c                	fsw	fa5,0(a5)
   136b2:	fcc42783          	lw	a5,-52(s0)
   136b6:	00478713          	addi	a4,a5,4
   136ba:	fce42623          	sw	a4,-52(s0)
   136be:	f5c42787          	flw	fa5,-164(s0)
   136c2:	e39c                	fsw	fa5,0(a5)
   136c4:	fcc42783          	lw	a5,-52(s0)
   136c8:	00478713          	addi	a4,a5,4
   136cc:	fce42623          	sw	a4,-52(s0)
   136d0:	f6042787          	flw	fa5,-160(s0)
   136d4:	e39c                	fsw	fa5,0(a5)
   136d6:	fc842783          	lw	a5,-56(s0)
   136da:	00478713          	addi	a4,a5,4
   136de:	fce42423          	sw	a4,-56(s0)
   136e2:	f4c42787          	flw	fa5,-180(s0)
   136e6:	e39c                	fsw	fa5,0(a5)
   136e8:	fc842783          	lw	a5,-56(s0)
   136ec:	00478713          	addi	a4,a5,4
   136f0:	fce42423          	sw	a4,-56(s0)
   136f4:	f5042787          	flw	fa5,-176(s0)
   136f8:	e39c                	fsw	fa5,0(a5)
   136fa:	fac42783          	lw	a5,-84(s0)
   136fe:	078a                	slli	a5,a5,0x2
   13700:	fdc42703          	lw	a4,-36(s0)
   13704:	97ba                	add	a5,a5,a4
   13706:	fcf42e23          	sw	a5,-36(s0)
   1370a:	fa842783          	lw	a5,-88(s0)
   1370e:	078a                	slli	a5,a5,0x2
   13710:	fd842703          	lw	a4,-40(s0)
   13714:	97ba                	add	a5,a5,a4
   13716:	fcf42c23          	sw	a5,-40(s0)
   1371a:	fa442783          	lw	a5,-92(s0)
   1371e:	078a                	slli	a5,a5,0x2
   13720:	fd442703          	lw	a4,-44(s0)
   13724:	97ba                	add	a5,a5,a4
   13726:	fcf42a23          	sw	a5,-44(s0)
   1372a:	fc042783          	lw	a5,-64(s0)
   1372e:	17f9                	addi	a5,a5,-2
   13730:	8385                	srli	a5,a5,0x1
   13732:	fcf42223          	sw	a5,-60(s0)
   13736:	abf5                	j	13d32 <riscv_cfft_radix8by4_f32+0x8d2>
   13738:	f3842783          	lw	a5,-200(s0)
   1373c:	6398                	flw	fa4,0(a5)
   1373e:	fcc42783          	lw	a5,-52(s0)
   13742:	639c                	flw	fa5,0(a5)
   13744:	00f777d3          	fadd.s	fa5,fa4,fa5
   13748:	faf42027          	fsw	fa5,-96(s0)
   1374c:	f3842783          	lw	a5,-200(s0)
   13750:	6398                	flw	fa4,0(a5)
   13752:	fcc42783          	lw	a5,-52(s0)
   13756:	639c                	flw	fa5,0(a5)
   13758:	08f777d3          	fsub.s	fa5,fa4,fa5
   1375c:	f8f42e27          	fsw	fa5,-100(s0)
   13760:	f3842783          	lw	a5,-200(s0)
   13764:	0791                	addi	a5,a5,4
   13766:	6398                	flw	fa4,0(a5)
   13768:	fcc42783          	lw	a5,-52(s0)
   1376c:	0791                	addi	a5,a5,4
   1376e:	639c                	flw	fa5,0(a5)
   13770:	00f777d3          	fadd.s	fa5,fa4,fa5
   13774:	f8f42c27          	fsw	fa5,-104(s0)
   13778:	f3842783          	lw	a5,-200(s0)
   1377c:	0791                	addi	a5,a5,4
   1377e:	6398                	flw	fa4,0(a5)
   13780:	fcc42783          	lw	a5,-52(s0)
   13784:	0791                	addi	a5,a5,4
   13786:	639c                	flw	fa5,0(a5)
   13788:	08f777d3          	fsub.s	fa5,fa4,fa5
   1378c:	f8f42a27          	fsw	fa5,-108(s0)
   13790:	fd042783          	lw	a5,-48(s0)
   13794:	0791                	addi	a5,a5,4
   13796:	6398                	flw	fa4,0(a5)
   13798:	f9c42787          	flw	fa5,-100(s0)
   1379c:	00f77753          	fadd.s	fa4,fa4,fa5
   137a0:	fc842783          	lw	a5,-56(s0)
   137a4:	0791                	addi	a5,a5,4
   137a6:	639c                	flw	fa5,0(a5)
   137a8:	08f777d3          	fsub.s	fa5,fa4,fa5
   137ac:	f6f42627          	fsw	fa5,-148(s0)
   137b0:	fd042783          	lw	a5,-48(s0)
   137b4:	639c                	flw	fa5,0(a5)
   137b6:	f9442707          	flw	fa4,-108(s0)
   137ba:	08f77753          	fsub.s	fa4,fa4,fa5
   137be:	fc842783          	lw	a5,-56(s0)
   137c2:	639c                	flw	fa5,0(a5)
   137c4:	00f777d3          	fadd.s	fa5,fa4,fa5
   137c8:	f6f42827          	fsw	fa5,-144(s0)
   137cc:	fd042783          	lw	a5,-48(s0)
   137d0:	639c                	flw	fa5,0(a5)
   137d2:	fa042707          	flw	fa4,-96(s0)
   137d6:	08f77753          	fsub.s	fa4,fa4,fa5
   137da:	fc842783          	lw	a5,-56(s0)
   137de:	639c                	flw	fa5,0(a5)
   137e0:	08f777d3          	fsub.s	fa5,fa4,fa5
   137e4:	f4f42e27          	fsw	fa5,-164(s0)
   137e8:	fd042783          	lw	a5,-48(s0)
   137ec:	0791                	addi	a5,a5,4
   137ee:	639c                	flw	fa5,0(a5)
   137f0:	f9842707          	flw	fa4,-104(s0)
   137f4:	08f77753          	fsub.s	fa4,fa4,fa5
   137f8:	fc842783          	lw	a5,-56(s0)
   137fc:	0791                	addi	a5,a5,4
   137fe:	639c                	flw	fa5,0(a5)
   13800:	08f777d3          	fsub.s	fa5,fa4,fa5
   13804:	f6f42027          	fsw	fa5,-160(s0)
   13808:	fd042783          	lw	a5,-48(s0)
   1380c:	0791                	addi	a5,a5,4
   1380e:	639c                	flw	fa5,0(a5)
   13810:	f9c42707          	flw	fa4,-100(s0)
   13814:	08f77753          	fsub.s	fa4,fa4,fa5
   13818:	fc842783          	lw	a5,-56(s0)
   1381c:	0791                	addi	a5,a5,4
   1381e:	639c                	flw	fa5,0(a5)
   13820:	00f777d3          	fadd.s	fa5,fa4,fa5
   13824:	f4f42627          	fsw	fa5,-180(s0)
   13828:	fd042783          	lw	a5,-48(s0)
   1382c:	6398                	flw	fa4,0(a5)
   1382e:	f9442787          	flw	fa5,-108(s0)
   13832:	00f77753          	fadd.s	fa4,fa4,fa5
   13836:	fc842783          	lw	a5,-56(s0)
   1383a:	639c                	flw	fa5,0(a5)
   1383c:	08f777d3          	fsub.s	fa5,fa4,fa5
   13840:	f4f42827          	fsw	fa5,-176(s0)
   13844:	fd042783          	lw	a5,-48(s0)
   13848:	6398                	flw	fa4,0(a5)
   1384a:	fa042787          	flw	fa5,-96(s0)
   1384e:	00f77753          	fadd.s	fa4,fa4,fa5
   13852:	fc842783          	lw	a5,-56(s0)
   13856:	639c                	flw	fa5,0(a5)
   13858:	f3842783          	lw	a5,-200(s0)
   1385c:	00478713          	addi	a4,a5,4
   13860:	f2e42c23          	sw	a4,-200(s0)
   13864:	00f777d3          	fadd.s	fa5,fa4,fa5
   13868:	e39c                	fsw	fa5,0(a5)
   1386a:	fd042783          	lw	a5,-48(s0)
   1386e:	0791                	addi	a5,a5,4
   13870:	6398                	flw	fa4,0(a5)
   13872:	f9842787          	flw	fa5,-104(s0)
   13876:	00f77753          	fadd.s	fa4,fa4,fa5
   1387a:	fc842783          	lw	a5,-56(s0)
   1387e:	0791                	addi	a5,a5,4
   13880:	639c                	flw	fa5,0(a5)
   13882:	f3842783          	lw	a5,-200(s0)
   13886:	00478713          	addi	a4,a5,4
   1388a:	f2e42c23          	sw	a4,-200(s0)
   1388e:	00f777d3          	fadd.s	fa5,fa4,fa5
   13892:	e39c                	fsw	fa5,0(a5)
   13894:	fec42783          	lw	a5,-20(s0)
   13898:	17f1                	addi	a5,a5,-4
   1389a:	6398                	flw	fa4,0(a5)
   1389c:	fe442783          	lw	a5,-28(s0)
   138a0:	17f1                	addi	a5,a5,-4
   138a2:	639c                	flw	fa5,0(a5)
   138a4:	00f777d3          	fadd.s	fa5,fa4,fa5
   138a8:	f8f42c27          	fsw	fa5,-104(s0)
   138ac:	fec42783          	lw	a5,-20(s0)
   138b0:	17f1                	addi	a5,a5,-4
   138b2:	6398                	flw	fa4,0(a5)
   138b4:	fe442783          	lw	a5,-28(s0)
   138b8:	17f1                	addi	a5,a5,-4
   138ba:	639c                	flw	fa5,0(a5)
   138bc:	08f777d3          	fsub.s	fa5,fa4,fa5
   138c0:	f8f42a27          	fsw	fa5,-108(s0)
   138c4:	fec42783          	lw	a5,-20(s0)
   138c8:	6398                	flw	fa4,0(a5)
   138ca:	fe442783          	lw	a5,-28(s0)
   138ce:	639c                	flw	fa5,0(a5)
   138d0:	00f777d3          	fadd.s	fa5,fa4,fa5
   138d4:	faf42027          	fsw	fa5,-96(s0)
   138d8:	fec42783          	lw	a5,-20(s0)
   138dc:	6398                	flw	fa4,0(a5)
   138de:	fe442783          	lw	a5,-28(s0)
   138e2:	639c                	flw	fa5,0(a5)
   138e4:	08f777d3          	fsub.s	fa5,fa4,fa5
   138e8:	f8f42e27          	fsw	fa5,-100(s0)
   138ec:	fe842783          	lw	a5,-24(s0)
   138f0:	6398                	flw	fa4,0(a5)
   138f2:	fe042783          	lw	a5,-32(s0)
   138f6:	639c                	flw	fa5,0(a5)
   138f8:	08f77753          	fsub.s	fa4,fa4,fa5
   138fc:	f9442787          	flw	fa5,-108(s0)
   13900:	00f777d3          	fadd.s	fa5,fa4,fa5
   13904:	f6f42a27          	fsw	fa5,-140(s0)
   13908:	fec42783          	lw	a5,-20(s0)
   1390c:	6398                	flw	fa4,0(a5)
   1390e:	fe442783          	lw	a5,-28(s0)
   13912:	639c                	flw	fa5,0(a5)
   13914:	08f77753          	fsub.s	fa4,fa4,fa5
   13918:	fe842783          	lw	a5,-24(s0)
   1391c:	17f1                	addi	a5,a5,-4
   1391e:	639c                	flw	fa5,0(a5)
   13920:	08f77753          	fsub.s	fa4,fa4,fa5
   13924:	fe042783          	lw	a5,-32(s0)
   13928:	17f1                	addi	a5,a5,-4
   1392a:	639c                	flw	fa5,0(a5)
   1392c:	00f777d3          	fadd.s	fa5,fa4,fa5
   13930:	f6f42c27          	fsw	fa5,-136(s0)
   13934:	fe842783          	lw	a5,-24(s0)
   13938:	17f1                	addi	a5,a5,-4
   1393a:	639c                	flw	fa5,0(a5)
   1393c:	f9842707          	flw	fa4,-104(s0)
   13940:	08f77753          	fsub.s	fa4,fa4,fa5
   13944:	fe042783          	lw	a5,-32(s0)
   13948:	17f1                	addi	a5,a5,-4
   1394a:	639c                	flw	fa5,0(a5)
   1394c:	08f777d3          	fsub.s	fa5,fa4,fa5
   13950:	f6f42227          	fsw	fa5,-156(s0)
   13954:	fe842783          	lw	a5,-24(s0)
   13958:	639c                	flw	fa5,0(a5)
   1395a:	fa042707          	flw	fa4,-96(s0)
   1395e:	08f77753          	fsub.s	fa4,fa4,fa5
   13962:	fe042783          	lw	a5,-32(s0)
   13966:	639c                	flw	fa5,0(a5)
   13968:	08f777d3          	fsub.s	fa5,fa4,fa5
   1396c:	f6f42427          	fsw	fa5,-152(s0)
   13970:	fe842783          	lw	a5,-24(s0)
   13974:	6398                	flw	fa4,0(a5)
   13976:	fe042783          	lw	a5,-32(s0)
   1397a:	639c                	flw	fa5,0(a5)
   1397c:	08f77753          	fsub.s	fa4,fa4,fa5
   13980:	f9442787          	flw	fa5,-108(s0)
   13984:	08f777d3          	fsub.s	fa5,fa4,fa5
   13988:	f4f42a27          	fsw	fa5,-172(s0)
   1398c:	fe042783          	lw	a5,-32(s0)
   13990:	17f1                	addi	a5,a5,-4
   13992:	6398                	flw	fa4,0(a5)
   13994:	fe842783          	lw	a5,-24(s0)
   13998:	17f1                	addi	a5,a5,-4
   1399a:	639c                	flw	fa5,0(a5)
   1399c:	08f77753          	fsub.s	fa4,fa4,fa5
   139a0:	f9c42787          	flw	fa5,-100(s0)
   139a4:	08f777d3          	fsub.s	fa5,fa4,fa5
   139a8:	f4f42c27          	fsw	fa5,-168(s0)
   139ac:	fe842783          	lw	a5,-24(s0)
   139b0:	6398                	flw	fa4,0(a5)
   139b2:	fa042787          	flw	fa5,-96(s0)
   139b6:	00f77753          	fadd.s	fa4,fa4,fa5
   139ba:	fe042783          	lw	a5,-32(s0)
   139be:	639c                	flw	fa5,0(a5)
   139c0:	fec42783          	lw	a5,-20(s0)
   139c4:	ffc78713          	addi	a4,a5,-4
   139c8:	fee42623          	sw	a4,-20(s0)
   139cc:	00f777d3          	fadd.s	fa5,fa4,fa5
   139d0:	e39c                	fsw	fa5,0(a5)
   139d2:	fe842783          	lw	a5,-24(s0)
   139d6:	17f1                	addi	a5,a5,-4
   139d8:	6398                	flw	fa4,0(a5)
   139da:	f9842787          	flw	fa5,-104(s0)
   139de:	00f77753          	fadd.s	fa4,fa4,fa5
   139e2:	fe042783          	lw	a5,-32(s0)
   139e6:	17f1                	addi	a5,a5,-4
   139e8:	639c                	flw	fa5,0(a5)
   139ea:	fec42783          	lw	a5,-20(s0)
   139ee:	ffc78713          	addi	a4,a5,-4
   139f2:	fee42623          	sw	a4,-20(s0)
   139f6:	00f777d3          	fadd.s	fa5,fa4,fa5
   139fa:	e39c                	fsw	fa5,0(a5)
   139fc:	fdc42783          	lw	a5,-36(s0)
   13a00:	00478713          	addi	a4,a5,4
   13a04:	fce42e23          	sw	a4,-36(s0)
   13a08:	639c                	flw	fa5,0(a5)
   13a0a:	f8f42827          	fsw	fa5,-112(s0)
   13a0e:	fdc42783          	lw	a5,-36(s0)
   13a12:	00478713          	addi	a4,a5,4
   13a16:	fce42e23          	sw	a4,-36(s0)
   13a1a:	639c                	flw	fa5,0(a5)
   13a1c:	f8f42627          	fsw	fa5,-116(s0)
   13a20:	f6c42787          	flw	fa5,-148(s0)
   13a24:	f9042707          	flw	fa4,-112(s0)
   13a28:	10f777d3          	fmul.s	fa5,fa4,fa5
   13a2c:	f8f42427          	fsw	fa5,-120(s0)
   13a30:	f7042787          	flw	fa5,-144(s0)
   13a34:	f8c42707          	flw	fa4,-116(s0)
   13a38:	10f777d3          	fmul.s	fa5,fa4,fa5
   13a3c:	f8f42227          	fsw	fa5,-124(s0)
   13a40:	f7042787          	flw	fa5,-144(s0)
   13a44:	f9042707          	flw	fa4,-112(s0)
   13a48:	10f777d3          	fmul.s	fa5,fa4,fa5
   13a4c:	f8f42027          	fsw	fa5,-128(s0)
   13a50:	f6c42787          	flw	fa5,-148(s0)
   13a54:	f8c42707          	flw	fa4,-116(s0)
   13a58:	10f777d3          	fmul.s	fa5,fa4,fa5
   13a5c:	f6f42e27          	fsw	fa5,-132(s0)
   13a60:	fd042783          	lw	a5,-48(s0)
   13a64:	00478713          	addi	a4,a5,4
   13a68:	fce42823          	sw	a4,-48(s0)
   13a6c:	f8842707          	flw	fa4,-120(s0)
   13a70:	f8442787          	flw	fa5,-124(s0)
   13a74:	00f777d3          	fadd.s	fa5,fa4,fa5
   13a78:	e39c                	fsw	fa5,0(a5)
   13a7a:	fd042783          	lw	a5,-48(s0)
   13a7e:	00478713          	addi	a4,a5,4
   13a82:	fce42823          	sw	a4,-48(s0)
   13a86:	f8042707          	flw	fa4,-128(s0)
   13a8a:	f7c42787          	flw	fa5,-132(s0)
   13a8e:	08f777d3          	fsub.s	fa5,fa4,fa5
   13a92:	e39c                	fsw	fa5,0(a5)
   13a94:	f7842787          	flw	fa5,-136(s0)
   13a98:	f8c42707          	flw	fa4,-116(s0)
   13a9c:	10f777d3          	fmul.s	fa5,fa4,fa5
   13aa0:	f8f42427          	fsw	fa5,-120(s0)
   13aa4:	f7442787          	flw	fa5,-140(s0)
   13aa8:	f9042707          	flw	fa4,-112(s0)
   13aac:	10f777d3          	fmul.s	fa5,fa4,fa5
   13ab0:	f8f42227          	fsw	fa5,-124(s0)
   13ab4:	f7442787          	flw	fa5,-140(s0)
   13ab8:	f8c42707          	flw	fa4,-116(s0)
   13abc:	10f777d3          	fmul.s	fa5,fa4,fa5
   13ac0:	f8f42027          	fsw	fa5,-128(s0)
   13ac4:	f7842787          	flw	fa5,-136(s0)
   13ac8:	f9042707          	flw	fa4,-112(s0)
   13acc:	10f777d3          	fmul.s	fa5,fa4,fa5
   13ad0:	f6f42e27          	fsw	fa5,-132(s0)
   13ad4:	fe842783          	lw	a5,-24(s0)
   13ad8:	ffc78713          	addi	a4,a5,-4
   13adc:	fee42423          	sw	a4,-24(s0)
   13ae0:	f8842707          	flw	fa4,-120(s0)
   13ae4:	f8442787          	flw	fa5,-124(s0)
   13ae8:	08f777d3          	fsub.s	fa5,fa4,fa5
   13aec:	e39c                	fsw	fa5,0(a5)
   13aee:	fe842783          	lw	a5,-24(s0)
   13af2:	ffc78713          	addi	a4,a5,-4
   13af6:	fee42423          	sw	a4,-24(s0)
   13afa:	f8042707          	flw	fa4,-128(s0)
   13afe:	f7c42787          	flw	fa5,-132(s0)
   13b02:	00f777d3          	fadd.s	fa5,fa4,fa5
   13b06:	e39c                	fsw	fa5,0(a5)
   13b08:	fd842783          	lw	a5,-40(s0)
   13b0c:	639c                	flw	fa5,0(a5)
   13b0e:	f8f42827          	fsw	fa5,-112(s0)
   13b12:	fd842783          	lw	a5,-40(s0)
   13b16:	0791                	addi	a5,a5,4
   13b18:	639c                	flw	fa5,0(a5)
   13b1a:	f8f42627          	fsw	fa5,-116(s0)
   13b1e:	fa842783          	lw	a5,-88(s0)
   13b22:	078a                	slli	a5,a5,0x2
   13b24:	fd842703          	lw	a4,-40(s0)
   13b28:	97ba                	add	a5,a5,a4
   13b2a:	fcf42c23          	sw	a5,-40(s0)
   13b2e:	f5c42787          	flw	fa5,-164(s0)
   13b32:	f9042707          	flw	fa4,-112(s0)
   13b36:	10f777d3          	fmul.s	fa5,fa4,fa5
   13b3a:	f8f42427          	fsw	fa5,-120(s0)
   13b3e:	f6042787          	flw	fa5,-160(s0)
   13b42:	f8c42707          	flw	fa4,-116(s0)
   13b46:	10f777d3          	fmul.s	fa5,fa4,fa5
   13b4a:	f8f42227          	fsw	fa5,-124(s0)
   13b4e:	f6042787          	flw	fa5,-160(s0)
   13b52:	f9042707          	flw	fa4,-112(s0)
   13b56:	10f777d3          	fmul.s	fa5,fa4,fa5
   13b5a:	f8f42027          	fsw	fa5,-128(s0)
   13b5e:	f5c42787          	flw	fa5,-164(s0)
   13b62:	f8c42707          	flw	fa4,-116(s0)
   13b66:	10f777d3          	fmul.s	fa5,fa4,fa5
   13b6a:	f6f42e27          	fsw	fa5,-132(s0)
   13b6e:	fcc42783          	lw	a5,-52(s0)
   13b72:	00478713          	addi	a4,a5,4
   13b76:	fce42623          	sw	a4,-52(s0)
   13b7a:	f8842707          	flw	fa4,-120(s0)
   13b7e:	f8442787          	flw	fa5,-124(s0)
   13b82:	00f777d3          	fadd.s	fa5,fa4,fa5
   13b86:	e39c                	fsw	fa5,0(a5)
   13b88:	fcc42783          	lw	a5,-52(s0)
   13b8c:	00478713          	addi	a4,a5,4
   13b90:	fce42623          	sw	a4,-52(s0)
   13b94:	f8042707          	flw	fa4,-128(s0)
   13b98:	f7c42787          	flw	fa5,-132(s0)
   13b9c:	08f777d3          	fsub.s	fa5,fa4,fa5
   13ba0:	e39c                	fsw	fa5,0(a5)
   13ba2:	f6842787          	flw	fa5,-152(s0)
   13ba6:	20f797d3          	fneg.s	fa5,fa5
   13baa:	f9042707          	flw	fa4,-112(s0)
   13bae:	10f777d3          	fmul.s	fa5,fa4,fa5
   13bb2:	f8f42427          	fsw	fa5,-120(s0)
   13bb6:	f6442787          	flw	fa5,-156(s0)
   13bba:	f8c42707          	flw	fa4,-116(s0)
   13bbe:	10f777d3          	fmul.s	fa5,fa4,fa5
   13bc2:	f8f42227          	fsw	fa5,-124(s0)
   13bc6:	f6442787          	flw	fa5,-156(s0)
   13bca:	f9042707          	flw	fa4,-112(s0)
   13bce:	10f777d3          	fmul.s	fa5,fa4,fa5
   13bd2:	f8f42027          	fsw	fa5,-128(s0)
   13bd6:	f6842787          	flw	fa5,-152(s0)
   13bda:	f8c42707          	flw	fa4,-116(s0)
   13bde:	10f777d3          	fmul.s	fa5,fa4,fa5
   13be2:	f6f42e27          	fsw	fa5,-132(s0)
   13be6:	fe442783          	lw	a5,-28(s0)
   13bea:	ffc78713          	addi	a4,a5,-4
   13bee:	fee42223          	sw	a4,-28(s0)
   13bf2:	f8842707          	flw	fa4,-120(s0)
   13bf6:	f8442787          	flw	fa5,-124(s0)
   13bfa:	08f777d3          	fsub.s	fa5,fa4,fa5
   13bfe:	e39c                	fsw	fa5,0(a5)
   13c00:	fe442783          	lw	a5,-28(s0)
   13c04:	ffc78713          	addi	a4,a5,-4
   13c08:	fee42223          	sw	a4,-28(s0)
   13c0c:	f7c42707          	flw	fa4,-132(s0)
   13c10:	f8042787          	flw	fa5,-128(s0)
   13c14:	08f777d3          	fsub.s	fa5,fa4,fa5
   13c18:	e39c                	fsw	fa5,0(a5)
   13c1a:	fd442783          	lw	a5,-44(s0)
   13c1e:	639c                	flw	fa5,0(a5)
   13c20:	f8f42827          	fsw	fa5,-112(s0)
   13c24:	fd442783          	lw	a5,-44(s0)
   13c28:	0791                	addi	a5,a5,4
   13c2a:	639c                	flw	fa5,0(a5)
   13c2c:	f8f42627          	fsw	fa5,-116(s0)
   13c30:	fa442783          	lw	a5,-92(s0)
   13c34:	078a                	slli	a5,a5,0x2
   13c36:	fd442703          	lw	a4,-44(s0)
   13c3a:	97ba                	add	a5,a5,a4
   13c3c:	fcf42a23          	sw	a5,-44(s0)
   13c40:	f4c42787          	flw	fa5,-180(s0)
   13c44:	f9042707          	flw	fa4,-112(s0)
   13c48:	10f777d3          	fmul.s	fa5,fa4,fa5
   13c4c:	f8f42427          	fsw	fa5,-120(s0)
   13c50:	f5042787          	flw	fa5,-176(s0)
   13c54:	f8c42707          	flw	fa4,-116(s0)
   13c58:	10f777d3          	fmul.s	fa5,fa4,fa5
   13c5c:	f8f42227          	fsw	fa5,-124(s0)
   13c60:	f5042787          	flw	fa5,-176(s0)
   13c64:	f9042707          	flw	fa4,-112(s0)
   13c68:	10f777d3          	fmul.s	fa5,fa4,fa5
   13c6c:	f8f42027          	fsw	fa5,-128(s0)
   13c70:	f4c42787          	flw	fa5,-180(s0)
   13c74:	f8c42707          	flw	fa4,-116(s0)
   13c78:	10f777d3          	fmul.s	fa5,fa4,fa5
   13c7c:	f6f42e27          	fsw	fa5,-132(s0)
   13c80:	fc842783          	lw	a5,-56(s0)
   13c84:	00478713          	addi	a4,a5,4
   13c88:	fce42423          	sw	a4,-56(s0)
   13c8c:	f8842707          	flw	fa4,-120(s0)
   13c90:	f8442787          	flw	fa5,-124(s0)
   13c94:	00f777d3          	fadd.s	fa5,fa4,fa5
   13c98:	e39c                	fsw	fa5,0(a5)
   13c9a:	fc842783          	lw	a5,-56(s0)
   13c9e:	00478713          	addi	a4,a5,4
   13ca2:	fce42423          	sw	a4,-56(s0)
   13ca6:	f8042707          	flw	fa4,-128(s0)
   13caa:	f7c42787          	flw	fa5,-132(s0)
   13cae:	08f777d3          	fsub.s	fa5,fa4,fa5
   13cb2:	e39c                	fsw	fa5,0(a5)
   13cb4:	f5842787          	flw	fa5,-168(s0)
   13cb8:	f8c42707          	flw	fa4,-116(s0)
   13cbc:	10f777d3          	fmul.s	fa5,fa4,fa5
   13cc0:	f8f42427          	fsw	fa5,-120(s0)
   13cc4:	f5442787          	flw	fa5,-172(s0)
   13cc8:	f9042707          	flw	fa4,-112(s0)
   13ccc:	10f777d3          	fmul.s	fa5,fa4,fa5
   13cd0:	f8f42227          	fsw	fa5,-124(s0)
   13cd4:	f5442787          	flw	fa5,-172(s0)
   13cd8:	f8c42707          	flw	fa4,-116(s0)
   13cdc:	10f777d3          	fmul.s	fa5,fa4,fa5
   13ce0:	f8f42027          	fsw	fa5,-128(s0)
   13ce4:	f5842787          	flw	fa5,-168(s0)
   13ce8:	f9042707          	flw	fa4,-112(s0)
   13cec:	10f777d3          	fmul.s	fa5,fa4,fa5
   13cf0:	f6f42e27          	fsw	fa5,-132(s0)
   13cf4:	fe042783          	lw	a5,-32(s0)
   13cf8:	ffc78713          	addi	a4,a5,-4
   13cfc:	fee42023          	sw	a4,-32(s0)
   13d00:	f8842707          	flw	fa4,-120(s0)
   13d04:	f8442787          	flw	fa5,-124(s0)
   13d08:	08f777d3          	fsub.s	fa5,fa4,fa5
   13d0c:	e39c                	fsw	fa5,0(a5)
   13d0e:	fe042783          	lw	a5,-32(s0)
   13d12:	ffc78713          	addi	a4,a5,-4
   13d16:	fee42023          	sw	a4,-32(s0)
   13d1a:	f8042707          	flw	fa4,-128(s0)
   13d1e:	f7c42787          	flw	fa5,-132(s0)
   13d22:	00f777d3          	fadd.s	fa5,fa4,fa5
   13d26:	e39c                	fsw	fa5,0(a5)
   13d28:	fc442783          	lw	a5,-60(s0)
   13d2c:	17fd                	addi	a5,a5,-1
   13d2e:	fcf42223          	sw	a5,-60(s0)
   13d32:	fc442783          	lw	a5,-60(s0)
   13d36:	a00791e3          	bnez	a5,13738 <riscv_cfft_radix8by4_f32+0x2d8>
   13d3a:	f3842783          	lw	a5,-200(s0)
   13d3e:	6398                	flw	fa4,0(a5)
   13d40:	fcc42783          	lw	a5,-52(s0)
   13d44:	639c                	flw	fa5,0(a5)
   13d46:	00f777d3          	fadd.s	fa5,fa4,fa5
   13d4a:	faf42027          	fsw	fa5,-96(s0)
   13d4e:	f3842783          	lw	a5,-200(s0)
   13d52:	6398                	flw	fa4,0(a5)
   13d54:	fcc42783          	lw	a5,-52(s0)
   13d58:	639c                	flw	fa5,0(a5)
   13d5a:	08f777d3          	fsub.s	fa5,fa4,fa5
   13d5e:	f8f42e27          	fsw	fa5,-100(s0)
   13d62:	f3842783          	lw	a5,-200(s0)
   13d66:	0791                	addi	a5,a5,4
   13d68:	6398                	flw	fa4,0(a5)
   13d6a:	fcc42783          	lw	a5,-52(s0)
   13d6e:	0791                	addi	a5,a5,4
   13d70:	639c                	flw	fa5,0(a5)
   13d72:	00f777d3          	fadd.s	fa5,fa4,fa5
   13d76:	f8f42c27          	fsw	fa5,-104(s0)
   13d7a:	f3842783          	lw	a5,-200(s0)
   13d7e:	0791                	addi	a5,a5,4
   13d80:	6398                	flw	fa4,0(a5)
   13d82:	fcc42783          	lw	a5,-52(s0)
   13d86:	0791                	addi	a5,a5,4
   13d88:	639c                	flw	fa5,0(a5)
   13d8a:	08f777d3          	fsub.s	fa5,fa4,fa5
   13d8e:	f8f42a27          	fsw	fa5,-108(s0)
   13d92:	fd042783          	lw	a5,-48(s0)
   13d96:	0791                	addi	a5,a5,4
   13d98:	6398                	flw	fa4,0(a5)
   13d9a:	f9c42787          	flw	fa5,-100(s0)
   13d9e:	00f77753          	fadd.s	fa4,fa4,fa5
   13da2:	fc842783          	lw	a5,-56(s0)
   13da6:	0791                	addi	a5,a5,4
   13da8:	639c                	flw	fa5,0(a5)
   13daa:	08f777d3          	fsub.s	fa5,fa4,fa5
   13dae:	f6f42627          	fsw	fa5,-148(s0)
   13db2:	fd042783          	lw	a5,-48(s0)
   13db6:	639c                	flw	fa5,0(a5)
   13db8:	f9442707          	flw	fa4,-108(s0)
   13dbc:	08f77753          	fsub.s	fa4,fa4,fa5
   13dc0:	fc842783          	lw	a5,-56(s0)
   13dc4:	639c                	flw	fa5,0(a5)
   13dc6:	00f777d3          	fadd.s	fa5,fa4,fa5
   13dca:	f6f42827          	fsw	fa5,-144(s0)
   13dce:	fd042783          	lw	a5,-48(s0)
   13dd2:	639c                	flw	fa5,0(a5)
   13dd4:	fa042707          	flw	fa4,-96(s0)
   13dd8:	08f77753          	fsub.s	fa4,fa4,fa5
   13ddc:	fc842783          	lw	a5,-56(s0)
   13de0:	639c                	flw	fa5,0(a5)
   13de2:	08f777d3          	fsub.s	fa5,fa4,fa5
   13de6:	f4f42e27          	fsw	fa5,-164(s0)
   13dea:	fd042783          	lw	a5,-48(s0)
   13dee:	0791                	addi	a5,a5,4
   13df0:	639c                	flw	fa5,0(a5)
   13df2:	f9842707          	flw	fa4,-104(s0)
   13df6:	08f77753          	fsub.s	fa4,fa4,fa5
   13dfa:	fc842783          	lw	a5,-56(s0)
   13dfe:	0791                	addi	a5,a5,4
   13e00:	639c                	flw	fa5,0(a5)
   13e02:	08f777d3          	fsub.s	fa5,fa4,fa5
   13e06:	f6f42027          	fsw	fa5,-160(s0)
   13e0a:	fd042783          	lw	a5,-48(s0)
   13e0e:	0791                	addi	a5,a5,4
   13e10:	639c                	flw	fa5,0(a5)
   13e12:	f9c42707          	flw	fa4,-100(s0)
   13e16:	08f77753          	fsub.s	fa4,fa4,fa5
   13e1a:	fc842783          	lw	a5,-56(s0)
   13e1e:	0791                	addi	a5,a5,4
   13e20:	639c                	flw	fa5,0(a5)
   13e22:	00f777d3          	fadd.s	fa5,fa4,fa5
   13e26:	f4f42627          	fsw	fa5,-180(s0)
   13e2a:	fd042783          	lw	a5,-48(s0)
   13e2e:	6398                	flw	fa4,0(a5)
   13e30:	f9442787          	flw	fa5,-108(s0)
   13e34:	00f77753          	fadd.s	fa4,fa4,fa5
   13e38:	fc842783          	lw	a5,-56(s0)
   13e3c:	639c                	flw	fa5,0(a5)
   13e3e:	08f777d3          	fsub.s	fa5,fa4,fa5
   13e42:	f4f42827          	fsw	fa5,-176(s0)
   13e46:	fd042783          	lw	a5,-48(s0)
   13e4a:	6398                	flw	fa4,0(a5)
   13e4c:	fa042787          	flw	fa5,-96(s0)
   13e50:	00f77753          	fadd.s	fa4,fa4,fa5
   13e54:	fc842783          	lw	a5,-56(s0)
   13e58:	639c                	flw	fa5,0(a5)
   13e5a:	f3842783          	lw	a5,-200(s0)
   13e5e:	00478713          	addi	a4,a5,4
   13e62:	f2e42c23          	sw	a4,-200(s0)
   13e66:	00f777d3          	fadd.s	fa5,fa4,fa5
   13e6a:	e39c                	fsw	fa5,0(a5)
   13e6c:	fd042783          	lw	a5,-48(s0)
   13e70:	0791                	addi	a5,a5,4
   13e72:	6398                	flw	fa4,0(a5)
   13e74:	f9842787          	flw	fa5,-104(s0)
   13e78:	00f77753          	fadd.s	fa4,fa4,fa5
   13e7c:	fc842783          	lw	a5,-56(s0)
   13e80:	0791                	addi	a5,a5,4
   13e82:	639c                	flw	fa5,0(a5)
   13e84:	f3842783          	lw	a5,-200(s0)
   13e88:	00478713          	addi	a4,a5,4
   13e8c:	f2e42c23          	sw	a4,-200(s0)
   13e90:	00f777d3          	fadd.s	fa5,fa4,fa5
   13e94:	e39c                	fsw	fa5,0(a5)
   13e96:	fdc42783          	lw	a5,-36(s0)
   13e9a:	639c                	flw	fa5,0(a5)
   13e9c:	f8f42827          	fsw	fa5,-112(s0)
   13ea0:	fdc42783          	lw	a5,-36(s0)
   13ea4:	0791                	addi	a5,a5,4
   13ea6:	639c                	flw	fa5,0(a5)
   13ea8:	f8f42627          	fsw	fa5,-116(s0)
   13eac:	f6c42787          	flw	fa5,-148(s0)
   13eb0:	f9042707          	flw	fa4,-112(s0)
   13eb4:	10f777d3          	fmul.s	fa5,fa4,fa5
   13eb8:	f8f42427          	fsw	fa5,-120(s0)
   13ebc:	f7042787          	flw	fa5,-144(s0)
   13ec0:	f8c42707          	flw	fa4,-116(s0)
   13ec4:	10f777d3          	fmul.s	fa5,fa4,fa5
   13ec8:	f8f42227          	fsw	fa5,-124(s0)
   13ecc:	f7042787          	flw	fa5,-144(s0)
   13ed0:	f9042707          	flw	fa4,-112(s0)
   13ed4:	10f777d3          	fmul.s	fa5,fa4,fa5
   13ed8:	f8f42027          	fsw	fa5,-128(s0)
   13edc:	f6c42787          	flw	fa5,-148(s0)
   13ee0:	f8c42707          	flw	fa4,-116(s0)
   13ee4:	10f777d3          	fmul.s	fa5,fa4,fa5
   13ee8:	f6f42e27          	fsw	fa5,-132(s0)
   13eec:	fd042783          	lw	a5,-48(s0)
   13ef0:	00478713          	addi	a4,a5,4
   13ef4:	fce42823          	sw	a4,-48(s0)
   13ef8:	f8842707          	flw	fa4,-120(s0)
   13efc:	f8442787          	flw	fa5,-124(s0)
   13f00:	00f777d3          	fadd.s	fa5,fa4,fa5
   13f04:	e39c                	fsw	fa5,0(a5)
   13f06:	fd042783          	lw	a5,-48(s0)
   13f0a:	00478713          	addi	a4,a5,4
   13f0e:	fce42823          	sw	a4,-48(s0)
   13f12:	f8042707          	flw	fa4,-128(s0)
   13f16:	f7c42787          	flw	fa5,-132(s0)
   13f1a:	08f777d3          	fsub.s	fa5,fa4,fa5
   13f1e:	e39c                	fsw	fa5,0(a5)
   13f20:	fd842783          	lw	a5,-40(s0)
   13f24:	639c                	flw	fa5,0(a5)
   13f26:	f8f42827          	fsw	fa5,-112(s0)
   13f2a:	fd842783          	lw	a5,-40(s0)
   13f2e:	0791                	addi	a5,a5,4
   13f30:	639c                	flw	fa5,0(a5)
   13f32:	f8f42627          	fsw	fa5,-116(s0)
   13f36:	f5c42787          	flw	fa5,-164(s0)
   13f3a:	f9042707          	flw	fa4,-112(s0)
   13f3e:	10f777d3          	fmul.s	fa5,fa4,fa5
   13f42:	f8f42427          	fsw	fa5,-120(s0)
   13f46:	f6042787          	flw	fa5,-160(s0)
   13f4a:	f8c42707          	flw	fa4,-116(s0)
   13f4e:	10f777d3          	fmul.s	fa5,fa4,fa5
   13f52:	f8f42227          	fsw	fa5,-124(s0)
   13f56:	f6042787          	flw	fa5,-160(s0)
   13f5a:	f9042707          	flw	fa4,-112(s0)
   13f5e:	10f777d3          	fmul.s	fa5,fa4,fa5
   13f62:	f8f42027          	fsw	fa5,-128(s0)
   13f66:	f5c42787          	flw	fa5,-164(s0)
   13f6a:	f8c42707          	flw	fa4,-116(s0)
   13f6e:	10f777d3          	fmul.s	fa5,fa4,fa5
   13f72:	f6f42e27          	fsw	fa5,-132(s0)
   13f76:	fcc42783          	lw	a5,-52(s0)
   13f7a:	00478713          	addi	a4,a5,4
   13f7e:	fce42623          	sw	a4,-52(s0)
   13f82:	f8842707          	flw	fa4,-120(s0)
   13f86:	f8442787          	flw	fa5,-124(s0)
   13f8a:	00f777d3          	fadd.s	fa5,fa4,fa5
   13f8e:	e39c                	fsw	fa5,0(a5)
   13f90:	fcc42783          	lw	a5,-52(s0)
   13f94:	00478713          	addi	a4,a5,4
   13f98:	fce42623          	sw	a4,-52(s0)
   13f9c:	f8042707          	flw	fa4,-128(s0)
   13fa0:	f7c42787          	flw	fa5,-132(s0)
   13fa4:	08f777d3          	fsub.s	fa5,fa4,fa5
   13fa8:	e39c                	fsw	fa5,0(a5)
   13faa:	fd442783          	lw	a5,-44(s0)
   13fae:	639c                	flw	fa5,0(a5)
   13fb0:	f8f42827          	fsw	fa5,-112(s0)
   13fb4:	fd442783          	lw	a5,-44(s0)
   13fb8:	0791                	addi	a5,a5,4
   13fba:	639c                	flw	fa5,0(a5)
   13fbc:	f8f42627          	fsw	fa5,-116(s0)
   13fc0:	f4c42787          	flw	fa5,-180(s0)
   13fc4:	f9042707          	flw	fa4,-112(s0)
   13fc8:	10f777d3          	fmul.s	fa5,fa4,fa5
   13fcc:	f8f42427          	fsw	fa5,-120(s0)
   13fd0:	f5042787          	flw	fa5,-176(s0)
   13fd4:	f8c42707          	flw	fa4,-116(s0)
   13fd8:	10f777d3          	fmul.s	fa5,fa4,fa5
   13fdc:	f8f42227          	fsw	fa5,-124(s0)
   13fe0:	f5042787          	flw	fa5,-176(s0)
   13fe4:	f9042707          	flw	fa4,-112(s0)
   13fe8:	10f777d3          	fmul.s	fa5,fa4,fa5
   13fec:	f8f42027          	fsw	fa5,-128(s0)
   13ff0:	f4c42787          	flw	fa5,-180(s0)
   13ff4:	f8c42707          	flw	fa4,-116(s0)
   13ff8:	10f777d3          	fmul.s	fa5,fa4,fa5
   13ffc:	f6f42e27          	fsw	fa5,-132(s0)
   14000:	fc842783          	lw	a5,-56(s0)
   14004:	00478713          	addi	a4,a5,4
   14008:	fce42423          	sw	a4,-56(s0)
   1400c:	f8842707          	flw	fa4,-120(s0)
   14010:	f8442787          	flw	fa5,-124(s0)
   14014:	00f777d3          	fadd.s	fa5,fa4,fa5
   14018:	e39c                	fsw	fa5,0(a5)
   1401a:	fc842783          	lw	a5,-56(s0)
   1401e:	00478713          	addi	a4,a5,4
   14022:	fce42423          	sw	a4,-56(s0)
   14026:	f8042707          	flw	fa4,-128(s0)
   1402a:	f7c42787          	flw	fa5,-132(s0)
   1402e:	08f777d3          	fsub.s	fa5,fa4,fa5
   14032:	e39c                	fsw	fa5,0(a5)
   14034:	fc042783          	lw	a5,-64(s0)
   14038:	0807c733          	zext.h	a4,a5
   1403c:	f3c42783          	lw	a5,-196(s0)
   14040:	43dc                	lw	a5,4(a5)
   14042:	4691                	li	a3,4
   14044:	863e                	mv	a2,a5
   14046:	85ba                	mv	a1,a4
   14048:	fbc42503          	lw	a0,-68(s0)
   1404c:	e32fd0ef          	jal	1167e <riscv_radix8_butterfly_f32>
   14050:	fc042783          	lw	a5,-64(s0)
   14054:	0807c733          	zext.h	a4,a5
   14058:	f3c42783          	lw	a5,-196(s0)
   1405c:	43dc                	lw	a5,4(a5)
   1405e:	4691                	li	a3,4
   14060:	863e                	mv	a2,a5
   14062:	85ba                	mv	a1,a4
   14064:	fb842503          	lw	a0,-72(s0)
   14068:	e16fd0ef          	jal	1167e <riscv_radix8_butterfly_f32>
   1406c:	fc042783          	lw	a5,-64(s0)
   14070:	0807c733          	zext.h	a4,a5
   14074:	f3c42783          	lw	a5,-196(s0)
   14078:	43dc                	lw	a5,4(a5)
   1407a:	4691                	li	a3,4
   1407c:	863e                	mv	a2,a5
   1407e:	85ba                	mv	a1,a4
   14080:	fb442503          	lw	a0,-76(s0)
   14084:	dfafd0ef          	jal	1167e <riscv_radix8_butterfly_f32>
   14088:	fc042783          	lw	a5,-64(s0)
   1408c:	0807c733          	zext.h	a4,a5
   14090:	f3c42783          	lw	a5,-196(s0)
   14094:	43dc                	lw	a5,4(a5)
   14096:	4691                	li	a3,4
   14098:	863e                	mv	a2,a5
   1409a:	85ba                	mv	a1,a4
   1409c:	fb042503          	lw	a0,-80(s0)
   140a0:	ddefd0ef          	jal	1167e <riscv_radix8_butterfly_f32>
   140a4:	0001                	nop
   140a6:	40be                	lw	ra,204(sp)
   140a8:	442e                	lw	s0,200(sp)
   140aa:	6169                	addi	sp,sp,208
   140ac:	8082                	ret

000140ae <bit_reverse_C>:
   140ae:	7179                	addi	sp,sp,-48
   140b0:	d606                	sw	ra,44(sp)
   140b2:	d422                	sw	s0,40(sp)
   140b4:	1800                	addi	s0,sp,48
   140b6:	fca42e23          	sw	a0,-36(s0)
   140ba:	fcb42c23          	sw	a1,-40(s0)
   140be:	fcc42a23          	sw	a2,-44(s0)
   140c2:	fe042623          	sw	zero,-20(s0)
   140c6:	a84d                	j	14178 <bit_reverse_C+0xca>
   140c8:	fec42783          	lw	a5,-20(s0)
   140cc:	078a                	slli	a5,a5,0x2
   140ce:	fd442703          	lw	a4,-44(s0)
   140d2:	97ba                	add	a5,a5,a4
   140d4:	439c                	lw	a5,0(a5)
   140d6:	fef42423          	sw	a5,-24(s0)
   140da:	fec42703          	lw	a4,-20(s0)
   140de:	fe842783          	lw	a5,-24(s0)
   140e2:	08f77663          	bgeu	a4,a5,1416e <bit_reverse_C+0xc0>
   140e6:	fec42783          	lw	a5,-20(s0)
   140ea:	078e                	slli	a5,a5,0x3
   140ec:	fdc42703          	lw	a4,-36(s0)
   140f0:	97ba                	add	a5,a5,a4
   140f2:	639c                	flw	fa5,0(a5)
   140f4:	fef42227          	fsw	fa5,-28(s0)
   140f8:	fe842783          	lw	a5,-24(s0)
   140fc:	078e                	slli	a5,a5,0x3
   140fe:	fdc42703          	lw	a4,-36(s0)
   14102:	973e                	add	a4,a4,a5
   14104:	fec42783          	lw	a5,-20(s0)
   14108:	078e                	slli	a5,a5,0x3
   1410a:	fdc42683          	lw	a3,-36(s0)
   1410e:	97b6                	add	a5,a5,a3
   14110:	631c                	flw	fa5,0(a4)
   14112:	e39c                	fsw	fa5,0(a5)
   14114:	fe842783          	lw	a5,-24(s0)
   14118:	078e                	slli	a5,a5,0x3
   1411a:	fdc42703          	lw	a4,-36(s0)
   1411e:	97ba                	add	a5,a5,a4
   14120:	fe442787          	flw	fa5,-28(s0)
   14124:	e39c                	fsw	fa5,0(a5)
   14126:	fec42783          	lw	a5,-20(s0)
   1412a:	078e                	slli	a5,a5,0x3
   1412c:	0791                	addi	a5,a5,4
   1412e:	fdc42703          	lw	a4,-36(s0)
   14132:	97ba                	add	a5,a5,a4
   14134:	639c                	flw	fa5,0(a5)
   14136:	fef42227          	fsw	fa5,-28(s0)
   1413a:	fe842783          	lw	a5,-24(s0)
   1413e:	078e                	slli	a5,a5,0x3
   14140:	0791                	addi	a5,a5,4
   14142:	fdc42703          	lw	a4,-36(s0)
   14146:	973e                	add	a4,a4,a5
   14148:	fec42783          	lw	a5,-20(s0)
   1414c:	078e                	slli	a5,a5,0x3
   1414e:	0791                	addi	a5,a5,4
   14150:	fdc42683          	lw	a3,-36(s0)
   14154:	97b6                	add	a5,a5,a3
   14156:	631c                	flw	fa5,0(a4)
   14158:	e39c                	fsw	fa5,0(a5)
   1415a:	fe842783          	lw	a5,-24(s0)
   1415e:	078e                	slli	a5,a5,0x3
   14160:	0791                	addi	a5,a5,4
   14162:	fdc42703          	lw	a4,-36(s0)
   14166:	97ba                	add	a5,a5,a4
   14168:	fe442787          	flw	fa5,-28(s0)
   1416c:	e39c                	fsw	fa5,0(a5)
   1416e:	fec42783          	lw	a5,-20(s0)
   14172:	0785                	addi	a5,a5,1
   14174:	fef42623          	sw	a5,-20(s0)
   14178:	fec42703          	lw	a4,-20(s0)
   1417c:	fd842783          	lw	a5,-40(s0)
   14180:	f4f764e3          	bltu	a4,a5,140c8 <bit_reverse_C+0x1a>
   14184:	0001                	nop
   14186:	0001                	nop
   14188:	50b2                	lw	ra,44(sp)
   1418a:	5422                	lw	s0,40(sp)
   1418c:	6145                	addi	sp,sp,48
   1418e:	8082                	ret

00014190 <riscv_cfft_f32>:
   14190:	7179                	addi	sp,sp,-48
   14192:	d606                	sw	ra,44(sp)
   14194:	d422                	sw	s0,40(sp)
   14196:	1800                	addi	s0,sp,48
   14198:	fca42e23          	sw	a0,-36(s0)
   1419c:	fcb42c23          	sw	a1,-40(s0)
   141a0:	87b2                	mv	a5,a2
   141a2:	8736                	mv	a4,a3
   141a4:	fcf40ba3          	sb	a5,-41(s0)
   141a8:	87ba                	mv	a5,a4
   141aa:	fcf40b23          	sb	a5,-42(s0)
   141ae:	fdc42783          	lw	a5,-36(s0)
   141b2:	879c                	lhu	a5,0(a5)
   141b4:	fef42223          	sw	a5,-28(s0)
   141b8:	fd744703          	lbu	a4,-41(s0)
   141bc:	4785                	li	a5,1
   141be:	04f71263          	bne	a4,a5,14202 <riscv_cfft_f32+0x72>
   141c2:	fd842783          	lw	a5,-40(s0)
   141c6:	0791                	addi	a5,a5,4
   141c8:	fef42423          	sw	a5,-24(s0)
   141cc:	fe042623          	sw	zero,-20(s0)
   141d0:	a01d                	j	141f6 <riscv_cfft_f32+0x66>
   141d2:	fe842783          	lw	a5,-24(s0)
   141d6:	639c                	flw	fa5,0(a5)
   141d8:	20f797d3          	fneg.s	fa5,fa5
   141dc:	fe842783          	lw	a5,-24(s0)
   141e0:	e39c                	fsw	fa5,0(a5)
   141e2:	fe842783          	lw	a5,-24(s0)
   141e6:	07a1                	addi	a5,a5,8
   141e8:	fef42423          	sw	a5,-24(s0)
   141ec:	fec42783          	lw	a5,-20(s0)
   141f0:	0785                	addi	a5,a5,1
   141f2:	fef42623          	sw	a5,-20(s0)
   141f6:	fec42703          	lw	a4,-20(s0)
   141fa:	fe442783          	lw	a5,-28(s0)
   141fe:	fcf76ae3          	bltu	a4,a5,141d2 <riscv_cfft_f32+0x42>
   14202:	fe442703          	lw	a4,-28(s0)
   14206:	6785                	lui	a5,0x1
   14208:	0ef70063          	beq	a4,a5,142e8 <riscv_cfft_f32+0x158>
   1420c:	fe442703          	lw	a4,-28(s0)
   14210:	6785                	lui	a5,0x1
   14212:	0ee7ea63          	bltu	a5,a4,14306 <riscv_cfft_f32+0x176>
   14216:	fe442703          	lw	a4,-28(s0)
   1421a:	28b01793          	bseti	a5,zero,0xb
   1421e:	0af70e63          	beq	a4,a5,142da <riscv_cfft_f32+0x14a>
   14222:	fe442703          	lw	a4,-28(s0)
   14226:	28b01793          	bseti	a5,zero,0xb
   1422a:	0ce7ee63          	bltu	a5,a4,14306 <riscv_cfft_f32+0x176>
   1422e:	fe442703          	lw	a4,-28(s0)
   14232:	40000793          	li	a5,1024
   14236:	08f70b63          	beq	a4,a5,142cc <riscv_cfft_f32+0x13c>
   1423a:	fe442703          	lw	a4,-28(s0)
   1423e:	40000793          	li	a5,1024
   14242:	0ce7e263          	bltu	a5,a4,14306 <riscv_cfft_f32+0x176>
   14246:	fe442703          	lw	a4,-28(s0)
   1424a:	20000793          	li	a5,512
   1424e:	08f70d63          	beq	a4,a5,142e8 <riscv_cfft_f32+0x158>
   14252:	fe442703          	lw	a4,-28(s0)
   14256:	20000793          	li	a5,512
   1425a:	0ae7e663          	bltu	a5,a4,14306 <riscv_cfft_f32+0x176>
   1425e:	fe442703          	lw	a4,-28(s0)
   14262:	10000793          	li	a5,256
   14266:	06f70a63          	beq	a4,a5,142da <riscv_cfft_f32+0x14a>
   1426a:	fe442703          	lw	a4,-28(s0)
   1426e:	10000793          	li	a5,256
   14272:	08e7ea63          	bltu	a5,a4,14306 <riscv_cfft_f32+0x176>
   14276:	fe442703          	lw	a4,-28(s0)
   1427a:	08000793          	li	a5,128
   1427e:	04f70763          	beq	a4,a5,142cc <riscv_cfft_f32+0x13c>
   14282:	fe442703          	lw	a4,-28(s0)
   14286:	08000793          	li	a5,128
   1428a:	06e7ee63          	bltu	a5,a4,14306 <riscv_cfft_f32+0x176>
   1428e:	fe442703          	lw	a4,-28(s0)
   14292:	04000793          	li	a5,64
   14296:	04f70963          	beq	a4,a5,142e8 <riscv_cfft_f32+0x158>
   1429a:	fe442703          	lw	a4,-28(s0)
   1429e:	04000793          	li	a5,64
   142a2:	06e7e263          	bltu	a5,a4,14306 <riscv_cfft_f32+0x176>
   142a6:	fe442703          	lw	a4,-28(s0)
   142aa:	47c1                	li	a5,16
   142ac:	00f70963          	beq	a4,a5,142be <riscv_cfft_f32+0x12e>
   142b0:	fe442703          	lw	a4,-28(s0)
   142b4:	02000793          	li	a5,32
   142b8:	02f70163          	beq	a4,a5,142da <riscv_cfft_f32+0x14a>
   142bc:	a0a9                	j	14306 <riscv_cfft_f32+0x176>
   142be:	fd842583          	lw	a1,-40(s0)
   142c2:	fdc42503          	lw	a0,-36(s0)
   142c6:	cc5fe0ef          	jal	12f8a <riscv_cfft_radix8by2_f32>
   142ca:	a835                	j	14306 <riscv_cfft_f32+0x176>
   142cc:	fd842583          	lw	a1,-40(s0)
   142d0:	fdc42503          	lw	a0,-36(s0)
   142d4:	cb7fe0ef          	jal	12f8a <riscv_cfft_radix8by2_f32>
   142d8:	a03d                	j	14306 <riscv_cfft_f32+0x176>
   142da:	fd842583          	lw	a1,-40(s0)
   142de:	fdc42503          	lw	a0,-36(s0)
   142e2:	97eff0ef          	jal	13460 <riscv_cfft_radix8by4_f32>
   142e6:	a005                	j	14306 <riscv_cfft_f32+0x176>
   142e8:	fe442783          	lw	a5,-28(s0)
   142ec:	0807c733          	zext.h	a4,a5
   142f0:	fdc42783          	lw	a5,-36(s0)
   142f4:	43dc                	lw	a5,4(a5)
   142f6:	4685                	li	a3,1
   142f8:	863e                	mv	a2,a5
   142fa:	85ba                	mv	a1,a4
   142fc:	fd842503          	lw	a0,-40(s0)
   14300:	b7efd0ef          	jal	1167e <riscv_radix8_butterfly_f32>
   14304:	0001                	nop
   14306:	fd644783          	lbu	a5,-42(s0)
   1430a:	cf91                	beqz	a5,14326 <riscv_cfft_f32+0x196>
   1430c:	fdc42783          	lw	a5,-36(s0)
   14310:	00c7d703          	lhu	a4,12(a5) # 100c <register_fini-0xf0a8>
   14314:	fdc42783          	lw	a5,-36(s0)
   14318:	479c                	lw	a5,8(a5)
   1431a:	863e                	mv	a2,a5
   1431c:	85ba                	mv	a1,a4
   1431e:	fd842503          	lw	a0,-40(s0)
   14322:	5a3010ef          	jal	160c4 <riscv_bitreversal_32>
   14326:	fd744703          	lbu	a4,-41(s0)
   1432a:	4785                	li	a5,1
   1432c:	06f71d63          	bne	a4,a5,143a6 <riscv_cfft_f32+0x216>
   14330:	fe442783          	lw	a5,-28(s0)
   14334:	d017f7d3          	fcvt.s.wu	fa5,a5
   14338:	0004b7b7          	lui	a5,0x4b
   1433c:	12c7a707          	flw	fa4,300(a5) # 4b12c <sinTable_q15+0x408>
   14340:	18f777d3          	fdiv.s	fa5,fa4,fa5
   14344:	fef42027          	fsw	fa5,-32(s0)
   14348:	fd842783          	lw	a5,-40(s0)
   1434c:	fef42423          	sw	a5,-24(s0)
   14350:	fe042623          	sw	zero,-20(s0)
   14354:	a099                	j	1439a <riscv_cfft_f32+0x20a>
   14356:	fe842783          	lw	a5,-24(s0)
   1435a:	00478713          	addi	a4,a5,4
   1435e:	fee42423          	sw	a4,-24(s0)
   14362:	6398                	flw	fa4,0(a5)
   14364:	fe042787          	flw	fa5,-32(s0)
   14368:	10f777d3          	fmul.s	fa5,fa4,fa5
   1436c:	e39c                	fsw	fa5,0(a5)
   1436e:	fe842783          	lw	a5,-24(s0)
   14372:	639c                	flw	fa5,0(a5)
   14374:	20f79753          	fneg.s	fa4,fa5
   14378:	fe042787          	flw	fa5,-32(s0)
   1437c:	10f777d3          	fmul.s	fa5,fa4,fa5
   14380:	fe842783          	lw	a5,-24(s0)
   14384:	e39c                	fsw	fa5,0(a5)
   14386:	fe842783          	lw	a5,-24(s0)
   1438a:	0791                	addi	a5,a5,4
   1438c:	fef42423          	sw	a5,-24(s0)
   14390:	fec42783          	lw	a5,-20(s0)
   14394:	0785                	addi	a5,a5,1
   14396:	fef42623          	sw	a5,-20(s0)
   1439a:	fec42703          	lw	a4,-20(s0)
   1439e:	fe442783          	lw	a5,-28(s0)
   143a2:	faf76ae3          	bltu	a4,a5,14356 <riscv_cfft_f32+0x1c6>
   143a6:	0001                	nop
   143a8:	50b2                	lw	ra,44(sp)
   143aa:	5422                	lw	s0,40(sp)
   143ac:	6145                	addi	sp,sp,48
   143ae:	8082                	ret

000143b0 <riscv_dct4_init_f32>:
   143b0:	711d                	addi	sp,sp,-96
   143b2:	ce86                	sw	ra,92(sp)
   143b4:	cca2                	sw	s0,88(sp)
   143b6:	1080                	addi	s0,sp,96
   143b8:	faa42e23          	sw	a0,-68(s0)
   143bc:	fab42c23          	sw	a1,-72(s0)
   143c0:	fac42a23          	sw	a2,-76(s0)
   143c4:	87b6                	mv	a5,a3
   143c6:	faa42627          	fsw	fa0,-84(s0)
   143ca:	faf41923          	sh	a5,-78(s0)
   143ce:	87ba                	mv	a5,a4
   143d0:	faf41823          	sh	a5,-80(s0)
   143d4:	fe042623          	sw	zero,-20(s0)
   143d8:	0006b7b7          	lui	a5,0x6b
   143dc:	f3078793          	addi	a5,a5,-208 # 6af30 <cos_factors_8192+0x8000>
   143e0:	4390                	lw	a2,0(a5)
   143e2:	43d4                	lw	a3,4(a5)
   143e4:	4798                	lw	a4,8(a5)
   143e6:	47dc                	lw	a5,12(a5)
   143e8:	fcc42e23          	sw	a2,-36(s0)
   143ec:	fed42023          	sw	a3,-32(s0)
   143f0:	fee42223          	sw	a4,-28(s0)
   143f4:	fef42423          	sw	a5,-24(s0)
   143f8:	0006b7b7          	lui	a5,0x6b
   143fc:	f4078793          	addi	a5,a5,-192 # 6af40 <cos_factors_8192+0x8010>
   14400:	4390                	lw	a2,0(a5)
   14402:	43d4                	lw	a3,4(a5)
   14404:	4798                	lw	a4,8(a5)
   14406:	47dc                	lw	a5,12(a5)
   14408:	fcc42623          	sw	a2,-52(s0)
   1440c:	fcd42823          	sw	a3,-48(s0)
   14410:	fce42a23          	sw	a4,-44(s0)
   14414:	fcf42c23          	sw	a5,-40(s0)
   14418:	fbc42783          	lw	a5,-68(s0)
   1441c:	fb245703          	lhu	a4,-78(s0)
   14420:	8f98                	sh	a4,0(a5)
   14422:	fbc42783          	lw	a5,-68(s0)
   14426:	fb045703          	lhu	a4,-80(s0)
   1442a:	8fb8                	sh	a4,2(a5)
   1442c:	fbc42783          	lw	a5,-68(s0)
   14430:	fac42787          	flw	fa5,-84(s0)
   14434:	e3dc                	fsw	fa5,4(a5)
   14436:	fbc42783          	lw	a5,-68(s0)
   1443a:	fb842703          	lw	a4,-72(s0)
   1443e:	cb98                	sw	a4,16(a5)
   14440:	fbc42783          	lw	a5,-68(s0)
   14444:	fb442703          	lw	a4,-76(s0)
   14448:	cbd8                	sw	a4,20(a5)
   1444a:	fb245783          	lhu	a5,-78(s0)
   1444e:	6709                	lui	a4,0x2
   14450:	02e78663          	beq	a5,a4,1447c <riscv_dct4_init_f32+0xcc>
   14454:	6709                	lui	a4,0x2
   14456:	06f74f63          	blt	a4,a5,144d4 <riscv_dct4_init_f32+0x124>
   1445a:	28b01713          	bseti	a4,zero,0xb
   1445e:	02e78a63          	beq	a5,a4,14492 <riscv_dct4_init_f32+0xe2>
   14462:	28b01713          	bseti	a4,zero,0xb
   14466:	06f74763          	blt	a4,a5,144d4 <riscv_dct4_init_f32+0x124>
   1446a:	08000713          	li	a4,128
   1446e:	04e78863          	beq	a5,a4,144be <riscv_dct4_init_f32+0x10e>
   14472:	20000713          	li	a4,512
   14476:	02e78963          	beq	a5,a4,144a8 <riscv_dct4_init_f32+0xf8>
   1447a:	a8a9                	j	144d4 <riscv_dct4_init_f32+0x124>
   1447c:	fe842703          	lw	a4,-24(s0)
   14480:	fbc42783          	lw	a5,-68(s0)
   14484:	c798                	sw	a4,8(a5)
   14486:	fd842703          	lw	a4,-40(s0)
   1448a:	fbc42783          	lw	a5,-68(s0)
   1448e:	c7d8                	sw	a4,12(a5)
   14490:	a0a9                	j	144da <riscv_dct4_init_f32+0x12a>
   14492:	fe442703          	lw	a4,-28(s0)
   14496:	fbc42783          	lw	a5,-68(s0)
   1449a:	c798                	sw	a4,8(a5)
   1449c:	fd442703          	lw	a4,-44(s0)
   144a0:	fbc42783          	lw	a5,-68(s0)
   144a4:	c7d8                	sw	a4,12(a5)
   144a6:	a815                	j	144da <riscv_dct4_init_f32+0x12a>
   144a8:	fe042703          	lw	a4,-32(s0)
   144ac:	fbc42783          	lw	a5,-68(s0)
   144b0:	c798                	sw	a4,8(a5)
   144b2:	fd042703          	lw	a4,-48(s0)
   144b6:	fbc42783          	lw	a5,-68(s0)
   144ba:	c7d8                	sw	a4,12(a5)
   144bc:	a839                	j	144da <riscv_dct4_init_f32+0x12a>
   144be:	fdc42703          	lw	a4,-36(s0)
   144c2:	fbc42783          	lw	a5,-68(s0)
   144c6:	c798                	sw	a4,8(a5)
   144c8:	fcc42703          	lw	a4,-52(s0)
   144cc:	fbc42783          	lw	a5,-68(s0)
   144d0:	c7d8                	sw	a4,12(a5)
   144d2:	a021                	j	144da <riscv_dct4_init_f32+0x12a>
   144d4:	57fd                	li	a5,-1
   144d6:	fef42623          	sw	a5,-20(s0)
   144da:	fbc42783          	lw	a5,-68(s0)
   144de:	4b88                	lw	a0,16(a5)
   144e0:	fbc42783          	lw	a5,-68(s0)
   144e4:	4bcc                	lw	a1,20(a5)
   144e6:	fbc42783          	lw	a5,-68(s0)
   144ea:	879c                	lhu	a5,0(a5)
   144ec:	4705                	li	a4,1
   144ee:	4681                	li	a3,0
   144f0:	863e                	mv	a2,a5
   144f2:	64d000ef          	jal	1533e <riscv_rfft_init_f32>
   144f6:	fec42783          	lw	a5,-20(s0)
   144fa:	853e                	mv	a0,a5
   144fc:	40f6                	lw	ra,92(sp)
   144fe:	4466                	lw	s0,88(sp)
   14500:	6125                	addi	sp,sp,96
   14502:	8082                	ret

00014504 <riscv_radix4_butterfly_f32>:
   14504:	7119                	addi	sp,sp,-128
   14506:	de86                	sw	ra,124(sp)
   14508:	dca2                	sw	s0,120(sp)
   1450a:	0100                	addi	s0,sp,128
   1450c:	f8a42623          	sw	a0,-116(s0)
   14510:	87ae                	mv	a5,a1
   14512:	f8c42223          	sw	a2,-124(s0)
   14516:	8736                	mv	a4,a3
   14518:	f8f41523          	sh	a5,-118(s0)
   1451c:	87ba                	mv	a5,a4
   1451e:	f8f41423          	sh	a5,-120(s0)
   14522:	f8a45783          	lhu	a5,-118(s0)
   14526:	fef42223          	sw	a5,-28(s0)
   1452a:	fe442783          	lw	a5,-28(s0)
   1452e:	fcf42c23          	sw	a5,-40(s0)
   14532:	f8a45783          	lhu	a5,-118(s0)
   14536:	fcf42e23          	sw	a5,-36(s0)
   1453a:	aed5                	j	1492e <riscv_radix4_butterfly_f32+0x42a>
   1453c:	fe442783          	lw	a5,-28(s0)
   14540:	fcf42c23          	sw	a5,-40(s0)
   14544:	fe442783          	lw	a5,-28(s0)
   14548:	8389                	srli	a5,a5,0x2
   1454a:	fef42223          	sw	a5,-28(s0)
   1454e:	fe042623          	sw	zero,-20(s0)
   14552:	fe042023          	sw	zero,-32(s0)
   14556:	fec42783          	lw	a5,-20(s0)
   1455a:	0786                	slli	a5,a5,0x1
   1455c:	fcf42a23          	sw	a5,-44(s0)
   14560:	fd442703          	lw	a4,-44(s0)
   14564:	fec42783          	lw	a5,-20(s0)
   14568:	97ba                	add	a5,a5,a4
   1456a:	fcf42823          	sw	a5,-48(s0)
   1456e:	fec42783          	lw	a5,-20(s0)
   14572:	078e                	slli	a5,a5,0x3
   14574:	f8442703          	lw	a4,-124(s0)
   14578:	97ba                	add	a5,a5,a4
   1457a:	639c                	flw	fa5,0(a5)
   1457c:	fcf42627          	fsw	fa5,-52(s0)
   14580:	fec42783          	lw	a5,-20(s0)
   14584:	078e                	slli	a5,a5,0x3
   14586:	0791                	addi	a5,a5,4
   14588:	f8442703          	lw	a4,-124(s0)
   1458c:	97ba                	add	a5,a5,a4
   1458e:	639c                	flw	fa5,0(a5)
   14590:	fcf42427          	fsw	fa5,-56(s0)
   14594:	fd442783          	lw	a5,-44(s0)
   14598:	078e                	slli	a5,a5,0x3
   1459a:	f8442703          	lw	a4,-124(s0)
   1459e:	97ba                	add	a5,a5,a4
   145a0:	639c                	flw	fa5,0(a5)
   145a2:	fcf42227          	fsw	fa5,-60(s0)
   145a6:	fd442783          	lw	a5,-44(s0)
   145aa:	078e                	slli	a5,a5,0x3
   145ac:	0791                	addi	a5,a5,4
   145ae:	f8442703          	lw	a4,-124(s0)
   145b2:	97ba                	add	a5,a5,a4
   145b4:	639c                	flw	fa5,0(a5)
   145b6:	fcf42027          	fsw	fa5,-64(s0)
   145ba:	fd042783          	lw	a5,-48(s0)
   145be:	078e                	slli	a5,a5,0x3
   145c0:	f8442703          	lw	a4,-124(s0)
   145c4:	97ba                	add	a5,a5,a4
   145c6:	639c                	flw	fa5,0(a5)
   145c8:	faf42e27          	fsw	fa5,-68(s0)
   145cc:	fd042783          	lw	a5,-48(s0)
   145d0:	078e                	slli	a5,a5,0x3
   145d2:	0791                	addi	a5,a5,4
   145d4:	f8442703          	lw	a4,-124(s0)
   145d8:	97ba                	add	a5,a5,a4
   145da:	639c                	flw	fa5,0(a5)
   145dc:	faf42c27          	fsw	fa5,-72(s0)
   145e0:	f8845783          	lhu	a5,-120(s0)
   145e4:	fec42703          	lw	a4,-20(s0)
   145e8:	97ba                	add	a5,a5,a4
   145ea:	fef42623          	sw	a5,-20(s0)
   145ee:	fe042783          	lw	a5,-32(s0)
   145f2:	fef42423          	sw	a5,-24(s0)
   145f6:	fe842703          	lw	a4,-24(s0)
   145fa:	fe442783          	lw	a5,-28(s0)
   145fe:	97ba                	add	a5,a5,a4
   14600:	faf42a23          	sw	a5,-76(s0)
   14604:	fb442703          	lw	a4,-76(s0)
   14608:	fe442783          	lw	a5,-28(s0)
   1460c:	97ba                	add	a5,a5,a4
   1460e:	faf42823          	sw	a5,-80(s0)
   14612:	fb042703          	lw	a4,-80(s0)
   14616:	fe442783          	lw	a5,-28(s0)
   1461a:	97ba                	add	a5,a5,a4
   1461c:	faf42623          	sw	a5,-84(s0)
   14620:	fe842783          	lw	a5,-24(s0)
   14624:	078e                	slli	a5,a5,0x3
   14626:	f8c42703          	lw	a4,-116(s0)
   1462a:	97ba                	add	a5,a5,a4
   1462c:	6398                	flw	fa4,0(a5)
   1462e:	fb042783          	lw	a5,-80(s0)
   14632:	078e                	slli	a5,a5,0x3
   14634:	f8c42703          	lw	a4,-116(s0)
   14638:	97ba                	add	a5,a5,a4
   1463a:	639c                	flw	fa5,0(a5)
   1463c:	00f777d3          	fadd.s	fa5,fa4,fa5
   14640:	faf42427          	fsw	fa5,-88(s0)
   14644:	fe842783          	lw	a5,-24(s0)
   14648:	078e                	slli	a5,a5,0x3
   1464a:	f8c42703          	lw	a4,-116(s0)
   1464e:	97ba                	add	a5,a5,a4
   14650:	6398                	flw	fa4,0(a5)
   14652:	fb042783          	lw	a5,-80(s0)
   14656:	078e                	slli	a5,a5,0x3
   14658:	f8c42703          	lw	a4,-116(s0)
   1465c:	97ba                	add	a5,a5,a4
   1465e:	639c                	flw	fa5,0(a5)
   14660:	08f777d3          	fsub.s	fa5,fa4,fa5
   14664:	faf42227          	fsw	fa5,-92(s0)
   14668:	fe842783          	lw	a5,-24(s0)
   1466c:	078e                	slli	a5,a5,0x3
   1466e:	0791                	addi	a5,a5,4
   14670:	f8c42703          	lw	a4,-116(s0)
   14674:	97ba                	add	a5,a5,a4
   14676:	6398                	flw	fa4,0(a5)
   14678:	fb042783          	lw	a5,-80(s0)
   1467c:	078e                	slli	a5,a5,0x3
   1467e:	0791                	addi	a5,a5,4
   14680:	f8c42703          	lw	a4,-116(s0)
   14684:	97ba                	add	a5,a5,a4
   14686:	639c                	flw	fa5,0(a5)
   14688:	00f777d3          	fadd.s	fa5,fa4,fa5
   1468c:	faf42027          	fsw	fa5,-96(s0)
   14690:	fe842783          	lw	a5,-24(s0)
   14694:	078e                	slli	a5,a5,0x3
   14696:	0791                	addi	a5,a5,4
   14698:	f8c42703          	lw	a4,-116(s0)
   1469c:	97ba                	add	a5,a5,a4
   1469e:	6398                	flw	fa4,0(a5)
   146a0:	fb042783          	lw	a5,-80(s0)
   146a4:	078e                	slli	a5,a5,0x3
   146a6:	0791                	addi	a5,a5,4
   146a8:	f8c42703          	lw	a4,-116(s0)
   146ac:	97ba                	add	a5,a5,a4
   146ae:	639c                	flw	fa5,0(a5)
   146b0:	08f777d3          	fsub.s	fa5,fa4,fa5
   146b4:	f8f42e27          	fsw	fa5,-100(s0)
   146b8:	fb442783          	lw	a5,-76(s0)
   146bc:	078e                	slli	a5,a5,0x3
   146be:	f8c42703          	lw	a4,-116(s0)
   146c2:	97ba                	add	a5,a5,a4
   146c4:	6398                	flw	fa4,0(a5)
   146c6:	fac42783          	lw	a5,-84(s0)
   146ca:	078e                	slli	a5,a5,0x3
   146cc:	f8c42703          	lw	a4,-116(s0)
   146d0:	97ba                	add	a5,a5,a4
   146d2:	639c                	flw	fa5,0(a5)
   146d4:	00f777d3          	fadd.s	fa5,fa4,fa5
   146d8:	f8f42c27          	fsw	fa5,-104(s0)
   146dc:	fe842783          	lw	a5,-24(s0)
   146e0:	078e                	slli	a5,a5,0x3
   146e2:	f8c42703          	lw	a4,-116(s0)
   146e6:	97ba                	add	a5,a5,a4
   146e8:	fa842707          	flw	fa4,-88(s0)
   146ec:	f9842787          	flw	fa5,-104(s0)
   146f0:	00f777d3          	fadd.s	fa5,fa4,fa5
   146f4:	e39c                	fsw	fa5,0(a5)
   146f6:	fa842707          	flw	fa4,-88(s0)
   146fa:	f9842787          	flw	fa5,-104(s0)
   146fe:	08f777d3          	fsub.s	fa5,fa4,fa5
   14702:	faf42427          	fsw	fa5,-88(s0)
   14706:	fb442783          	lw	a5,-76(s0)
   1470a:	078e                	slli	a5,a5,0x3
   1470c:	0791                	addi	a5,a5,4
   1470e:	f8c42703          	lw	a4,-116(s0)
   14712:	97ba                	add	a5,a5,a4
   14714:	6398                	flw	fa4,0(a5)
   14716:	fac42783          	lw	a5,-84(s0)
   1471a:	078e                	slli	a5,a5,0x3
   1471c:	0791                	addi	a5,a5,4
   1471e:	f8c42703          	lw	a4,-116(s0)
   14722:	97ba                	add	a5,a5,a4
   14724:	639c                	flw	fa5,0(a5)
   14726:	00f777d3          	fadd.s	fa5,fa4,fa5
   1472a:	f8f42a27          	fsw	fa5,-108(s0)
   1472e:	fe842783          	lw	a5,-24(s0)
   14732:	078e                	slli	a5,a5,0x3
   14734:	0791                	addi	a5,a5,4
   14736:	f8c42703          	lw	a4,-116(s0)
   1473a:	97ba                	add	a5,a5,a4
   1473c:	fa042707          	flw	fa4,-96(s0)
   14740:	f9442787          	flw	fa5,-108(s0)
   14744:	00f777d3          	fadd.s	fa5,fa4,fa5
   14748:	e39c                	fsw	fa5,0(a5)
   1474a:	fa042707          	flw	fa4,-96(s0)
   1474e:	f9442787          	flw	fa5,-108(s0)
   14752:	08f777d3          	fsub.s	fa5,fa4,fa5
   14756:	faf42027          	fsw	fa5,-96(s0)
   1475a:	fb442783          	lw	a5,-76(s0)
   1475e:	078e                	slli	a5,a5,0x3
   14760:	0791                	addi	a5,a5,4
   14762:	f8c42703          	lw	a4,-116(s0)
   14766:	97ba                	add	a5,a5,a4
   14768:	6398                	flw	fa4,0(a5)
   1476a:	fac42783          	lw	a5,-84(s0)
   1476e:	078e                	slli	a5,a5,0x3
   14770:	0791                	addi	a5,a5,4
   14772:	f8c42703          	lw	a4,-116(s0)
   14776:	97ba                	add	a5,a5,a4
   14778:	639c                	flw	fa5,0(a5)
   1477a:	08f777d3          	fsub.s	fa5,fa4,fa5
   1477e:	f8f42c27          	fsw	fa5,-104(s0)
   14782:	fb442783          	lw	a5,-76(s0)
   14786:	078e                	slli	a5,a5,0x3
   14788:	f8c42703          	lw	a4,-116(s0)
   1478c:	97ba                	add	a5,a5,a4
   1478e:	6398                	flw	fa4,0(a5)
   14790:	fac42783          	lw	a5,-84(s0)
   14794:	078e                	slli	a5,a5,0x3
   14796:	f8c42703          	lw	a4,-116(s0)
   1479a:	97ba                	add	a5,a5,a4
   1479c:	639c                	flw	fa5,0(a5)
   1479e:	08f777d3          	fsub.s	fa5,fa4,fa5
   147a2:	f8f42a27          	fsw	fa5,-108(s0)
   147a6:	fa842707          	flw	fa4,-88(s0)
   147aa:	fc442787          	flw	fa5,-60(s0)
   147ae:	10f77753          	fmul.s	fa4,fa4,fa5
   147b2:	fa042687          	flw	fa3,-96(s0)
   147b6:	fc042787          	flw	fa5,-64(s0)
   147ba:	10f6f7d3          	fmul.s	fa5,fa3,fa5
   147be:	fb442783          	lw	a5,-76(s0)
   147c2:	078e                	slli	a5,a5,0x3
   147c4:	f8c42703          	lw	a4,-116(s0)
   147c8:	97ba                	add	a5,a5,a4
   147ca:	00f777d3          	fadd.s	fa5,fa4,fa5
   147ce:	e39c                	fsw	fa5,0(a5)
   147d0:	fa042707          	flw	fa4,-96(s0)
   147d4:	fc442787          	flw	fa5,-60(s0)
   147d8:	10f77753          	fmul.s	fa4,fa4,fa5
   147dc:	fa842687          	flw	fa3,-88(s0)
   147e0:	fc042787          	flw	fa5,-64(s0)
   147e4:	10f6f7d3          	fmul.s	fa5,fa3,fa5
   147e8:	fb442783          	lw	a5,-76(s0)
   147ec:	078e                	slli	a5,a5,0x3
   147ee:	0791                	addi	a5,a5,4
   147f0:	f8c42703          	lw	a4,-116(s0)
   147f4:	97ba                	add	a5,a5,a4
   147f6:	08f777d3          	fsub.s	fa5,fa4,fa5
   147fa:	e39c                	fsw	fa5,0(a5)
   147fc:	fa442707          	flw	fa4,-92(s0)
   14800:	f9842787          	flw	fa5,-104(s0)
   14804:	00f777d3          	fadd.s	fa5,fa4,fa5
   14808:	faf42427          	fsw	fa5,-88(s0)
   1480c:	fa442707          	flw	fa4,-92(s0)
   14810:	f9842787          	flw	fa5,-104(s0)
   14814:	08f777d3          	fsub.s	fa5,fa4,fa5
   14818:	faf42227          	fsw	fa5,-92(s0)
   1481c:	f9c42707          	flw	fa4,-100(s0)
   14820:	f9442787          	flw	fa5,-108(s0)
   14824:	08f777d3          	fsub.s	fa5,fa4,fa5
   14828:	faf42027          	fsw	fa5,-96(s0)
   1482c:	f9c42707          	flw	fa4,-100(s0)
   14830:	f9442787          	flw	fa5,-108(s0)
   14834:	00f777d3          	fadd.s	fa5,fa4,fa5
   14838:	f8f42e27          	fsw	fa5,-100(s0)
   1483c:	fa842707          	flw	fa4,-88(s0)
   14840:	fcc42787          	flw	fa5,-52(s0)
   14844:	10f77753          	fmul.s	fa4,fa4,fa5
   14848:	fa042687          	flw	fa3,-96(s0)
   1484c:	fc842787          	flw	fa5,-56(s0)
   14850:	10f6f7d3          	fmul.s	fa5,fa3,fa5
   14854:	fb042783          	lw	a5,-80(s0)
   14858:	078e                	slli	a5,a5,0x3
   1485a:	f8c42703          	lw	a4,-116(s0)
   1485e:	97ba                	add	a5,a5,a4
   14860:	00f777d3          	fadd.s	fa5,fa4,fa5
   14864:	e39c                	fsw	fa5,0(a5)
   14866:	fa042707          	flw	fa4,-96(s0)
   1486a:	fcc42787          	flw	fa5,-52(s0)
   1486e:	10f77753          	fmul.s	fa4,fa4,fa5
   14872:	fa842687          	flw	fa3,-88(s0)
   14876:	fc842787          	flw	fa5,-56(s0)
   1487a:	10f6f7d3          	fmul.s	fa5,fa3,fa5
   1487e:	fb042783          	lw	a5,-80(s0)
   14882:	078e                	slli	a5,a5,0x3
   14884:	0791                	addi	a5,a5,4
   14886:	f8c42703          	lw	a4,-116(s0)
   1488a:	97ba                	add	a5,a5,a4
   1488c:	08f777d3          	fsub.s	fa5,fa4,fa5
   14890:	e39c                	fsw	fa5,0(a5)
   14892:	fa442707          	flw	fa4,-92(s0)
   14896:	fbc42787          	flw	fa5,-68(s0)
   1489a:	10f77753          	fmul.s	fa4,fa4,fa5
   1489e:	f9c42687          	flw	fa3,-100(s0)
   148a2:	fb842787          	flw	fa5,-72(s0)
   148a6:	10f6f7d3          	fmul.s	fa5,fa3,fa5
   148aa:	fac42783          	lw	a5,-84(s0)
   148ae:	078e                	slli	a5,a5,0x3
   148b0:	f8c42703          	lw	a4,-116(s0)
   148b4:	97ba                	add	a5,a5,a4
   148b6:	00f777d3          	fadd.s	fa5,fa4,fa5
   148ba:	e39c                	fsw	fa5,0(a5)
   148bc:	f9c42707          	flw	fa4,-100(s0)
   148c0:	fbc42787          	flw	fa5,-68(s0)
   148c4:	10f77753          	fmul.s	fa4,fa4,fa5
   148c8:	fa442687          	flw	fa3,-92(s0)
   148cc:	fb842787          	flw	fa5,-72(s0)
   148d0:	10f6f7d3          	fmul.s	fa5,fa3,fa5
   148d4:	fac42783          	lw	a5,-84(s0)
   148d8:	078e                	slli	a5,a5,0x3
   148da:	0791                	addi	a5,a5,4
   148dc:	f8c42703          	lw	a4,-116(s0)
   148e0:	97ba                	add	a5,a5,a4
   148e2:	08f777d3          	fsub.s	fa5,fa4,fa5
   148e6:	e39c                	fsw	fa5,0(a5)
   148e8:	fe842703          	lw	a4,-24(s0)
   148ec:	fd842783          	lw	a5,-40(s0)
   148f0:	97ba                	add	a5,a5,a4
   148f2:	fef42423          	sw	a5,-24(s0)
   148f6:	f8a45783          	lhu	a5,-118(s0)
   148fa:	fe842703          	lw	a4,-24(s0)
   148fe:	cef76ce3          	bltu	a4,a5,145f6 <riscv_radix4_butterfly_f32+0xf2>
   14902:	fe042783          	lw	a5,-32(s0)
   14906:	0785                	addi	a5,a5,1
   14908:	fef42023          	sw	a5,-32(s0)
   1490c:	fe442783          	lw	a5,-28(s0)
   14910:	17fd                	addi	a5,a5,-1
   14912:	fe042703          	lw	a4,-32(s0)
   14916:	c4e7f0e3          	bgeu	a5,a4,14556 <riscv_radix4_butterfly_f32+0x52>
   1491a:	f8845783          	lhu	a5,-120(s0)
   1491e:	078a                	slli	a5,a5,0x2
   14920:	f8f41423          	sh	a5,-120(s0)
   14924:	fdc42783          	lw	a5,-36(s0)
   14928:	8389                	srli	a5,a5,0x2
   1492a:	fcf42e23          	sw	a5,-36(s0)
   1492e:	fdc42703          	lw	a4,-36(s0)
   14932:	4785                	li	a5,1
   14934:	c0e7e4e3          	bltu	a5,a4,1453c <riscv_radix4_butterfly_f32+0x38>
   14938:	0001                	nop
   1493a:	0001                	nop
   1493c:	50f6                	lw	ra,124(sp)
   1493e:	5466                	lw	s0,120(sp)
   14940:	6109                	addi	sp,sp,128
   14942:	8082                	ret

00014944 <riscv_radix4_butterfly_inverse_f32>:
   14944:	7119                	addi	sp,sp,-128
   14946:	de86                	sw	ra,124(sp)
   14948:	dca2                	sw	s0,120(sp)
   1494a:	0100                	addi	s0,sp,128
   1494c:	f8a42623          	sw	a0,-116(s0)
   14950:	87ae                	mv	a5,a1
   14952:	f8c42223          	sw	a2,-124(s0)
   14956:	8736                	mv	a4,a3
   14958:	f8a42027          	fsw	fa0,-128(s0)
   1495c:	f8f41523          	sh	a5,-118(s0)
   14960:	87ba                	mv	a5,a4
   14962:	f8f41423          	sh	a5,-120(s0)
   14966:	f8a45783          	lhu	a5,-118(s0)
   1496a:	fef42223          	sw	a5,-28(s0)
   1496e:	fe442783          	lw	a5,-28(s0)
   14972:	fcf42c23          	sw	a5,-40(s0)
   14976:	f8a45783          	lhu	a5,-118(s0)
   1497a:	fcf42e23          	sw	a5,-36(s0)
   1497e:	aed5                	j	14d72 <riscv_radix4_butterfly_inverse_f32+0x42e>
   14980:	fe442783          	lw	a5,-28(s0)
   14984:	fcf42c23          	sw	a5,-40(s0)
   14988:	fe442783          	lw	a5,-28(s0)
   1498c:	8389                	srli	a5,a5,0x2
   1498e:	fef42223          	sw	a5,-28(s0)
   14992:	fe042623          	sw	zero,-20(s0)
   14996:	fe042023          	sw	zero,-32(s0)
   1499a:	fec42783          	lw	a5,-20(s0)
   1499e:	0786                	slli	a5,a5,0x1
   149a0:	faf42823          	sw	a5,-80(s0)
   149a4:	fb042703          	lw	a4,-80(s0)
   149a8:	fec42783          	lw	a5,-20(s0)
   149ac:	97ba                	add	a5,a5,a4
   149ae:	faf42623          	sw	a5,-84(s0)
   149b2:	fec42783          	lw	a5,-20(s0)
   149b6:	078e                	slli	a5,a5,0x3
   149b8:	f8442703          	lw	a4,-124(s0)
   149bc:	97ba                	add	a5,a5,a4
   149be:	639c                	flw	fa5,0(a5)
   149c0:	faf42427          	fsw	fa5,-88(s0)
   149c4:	fec42783          	lw	a5,-20(s0)
   149c8:	078e                	slli	a5,a5,0x3
   149ca:	0791                	addi	a5,a5,4
   149cc:	f8442703          	lw	a4,-124(s0)
   149d0:	97ba                	add	a5,a5,a4
   149d2:	639c                	flw	fa5,0(a5)
   149d4:	faf42227          	fsw	fa5,-92(s0)
   149d8:	fb042783          	lw	a5,-80(s0)
   149dc:	078e                	slli	a5,a5,0x3
   149de:	f8442703          	lw	a4,-124(s0)
   149e2:	97ba                	add	a5,a5,a4
   149e4:	639c                	flw	fa5,0(a5)
   149e6:	faf42027          	fsw	fa5,-96(s0)
   149ea:	fb042783          	lw	a5,-80(s0)
   149ee:	078e                	slli	a5,a5,0x3
   149f0:	0791                	addi	a5,a5,4
   149f2:	f8442703          	lw	a4,-124(s0)
   149f6:	97ba                	add	a5,a5,a4
   149f8:	639c                	flw	fa5,0(a5)
   149fa:	f8f42e27          	fsw	fa5,-100(s0)
   149fe:	fac42783          	lw	a5,-84(s0)
   14a02:	078e                	slli	a5,a5,0x3
   14a04:	f8442703          	lw	a4,-124(s0)
   14a08:	97ba                	add	a5,a5,a4
   14a0a:	639c                	flw	fa5,0(a5)
   14a0c:	f8f42c27          	fsw	fa5,-104(s0)
   14a10:	fac42783          	lw	a5,-84(s0)
   14a14:	078e                	slli	a5,a5,0x3
   14a16:	0791                	addi	a5,a5,4
   14a18:	f8442703          	lw	a4,-124(s0)
   14a1c:	97ba                	add	a5,a5,a4
   14a1e:	639c                	flw	fa5,0(a5)
   14a20:	f8f42a27          	fsw	fa5,-108(s0)
   14a24:	f8845783          	lhu	a5,-120(s0)
   14a28:	fec42703          	lw	a4,-20(s0)
   14a2c:	97ba                	add	a5,a5,a4
   14a2e:	fef42623          	sw	a5,-20(s0)
   14a32:	fe042783          	lw	a5,-32(s0)
   14a36:	fef42423          	sw	a5,-24(s0)
   14a3a:	fe842703          	lw	a4,-24(s0)
   14a3e:	fe442783          	lw	a5,-28(s0)
   14a42:	97ba                	add	a5,a5,a4
   14a44:	fcf42a23          	sw	a5,-44(s0)
   14a48:	fd442703          	lw	a4,-44(s0)
   14a4c:	fe442783          	lw	a5,-28(s0)
   14a50:	97ba                	add	a5,a5,a4
   14a52:	fcf42823          	sw	a5,-48(s0)
   14a56:	fd042703          	lw	a4,-48(s0)
   14a5a:	fe442783          	lw	a5,-28(s0)
   14a5e:	97ba                	add	a5,a5,a4
   14a60:	fcf42623          	sw	a5,-52(s0)
   14a64:	fe842783          	lw	a5,-24(s0)
   14a68:	078e                	slli	a5,a5,0x3
   14a6a:	f8c42703          	lw	a4,-116(s0)
   14a6e:	97ba                	add	a5,a5,a4
   14a70:	6398                	flw	fa4,0(a5)
   14a72:	fd042783          	lw	a5,-48(s0)
   14a76:	078e                	slli	a5,a5,0x3
   14a78:	f8c42703          	lw	a4,-116(s0)
   14a7c:	97ba                	add	a5,a5,a4
   14a7e:	639c                	flw	fa5,0(a5)
   14a80:	00f777d3          	fadd.s	fa5,fa4,fa5
   14a84:	fcf42427          	fsw	fa5,-56(s0)
   14a88:	fe842783          	lw	a5,-24(s0)
   14a8c:	078e                	slli	a5,a5,0x3
   14a8e:	f8c42703          	lw	a4,-116(s0)
   14a92:	97ba                	add	a5,a5,a4
   14a94:	6398                	flw	fa4,0(a5)
   14a96:	fd042783          	lw	a5,-48(s0)
   14a9a:	078e                	slli	a5,a5,0x3
   14a9c:	f8c42703          	lw	a4,-116(s0)
   14aa0:	97ba                	add	a5,a5,a4
   14aa2:	639c                	flw	fa5,0(a5)
   14aa4:	08f777d3          	fsub.s	fa5,fa4,fa5
   14aa8:	fcf42227          	fsw	fa5,-60(s0)
   14aac:	fe842783          	lw	a5,-24(s0)
   14ab0:	078e                	slli	a5,a5,0x3
   14ab2:	0791                	addi	a5,a5,4
   14ab4:	f8c42703          	lw	a4,-116(s0)
   14ab8:	97ba                	add	a5,a5,a4
   14aba:	6398                	flw	fa4,0(a5)
   14abc:	fd042783          	lw	a5,-48(s0)
   14ac0:	078e                	slli	a5,a5,0x3
   14ac2:	0791                	addi	a5,a5,4
   14ac4:	f8c42703          	lw	a4,-116(s0)
   14ac8:	97ba                	add	a5,a5,a4
   14aca:	639c                	flw	fa5,0(a5)
   14acc:	00f777d3          	fadd.s	fa5,fa4,fa5
   14ad0:	fcf42027          	fsw	fa5,-64(s0)
   14ad4:	fe842783          	lw	a5,-24(s0)
   14ad8:	078e                	slli	a5,a5,0x3
   14ada:	0791                	addi	a5,a5,4
   14adc:	f8c42703          	lw	a4,-116(s0)
   14ae0:	97ba                	add	a5,a5,a4
   14ae2:	6398                	flw	fa4,0(a5)
   14ae4:	fd042783          	lw	a5,-48(s0)
   14ae8:	078e                	slli	a5,a5,0x3
   14aea:	0791                	addi	a5,a5,4
   14aec:	f8c42703          	lw	a4,-116(s0)
   14af0:	97ba                	add	a5,a5,a4
   14af2:	639c                	flw	fa5,0(a5)
   14af4:	08f777d3          	fsub.s	fa5,fa4,fa5
   14af8:	faf42e27          	fsw	fa5,-68(s0)
   14afc:	fd442783          	lw	a5,-44(s0)
   14b00:	078e                	slli	a5,a5,0x3
   14b02:	f8c42703          	lw	a4,-116(s0)
   14b06:	97ba                	add	a5,a5,a4
   14b08:	6398                	flw	fa4,0(a5)
   14b0a:	fcc42783          	lw	a5,-52(s0)
   14b0e:	078e                	slli	a5,a5,0x3
   14b10:	f8c42703          	lw	a4,-116(s0)
   14b14:	97ba                	add	a5,a5,a4
   14b16:	639c                	flw	fa5,0(a5)
   14b18:	00f777d3          	fadd.s	fa5,fa4,fa5
   14b1c:	faf42c27          	fsw	fa5,-72(s0)
   14b20:	fe842783          	lw	a5,-24(s0)
   14b24:	078e                	slli	a5,a5,0x3
   14b26:	f8c42703          	lw	a4,-116(s0)
   14b2a:	97ba                	add	a5,a5,a4
   14b2c:	fc842707          	flw	fa4,-56(s0)
   14b30:	fb842787          	flw	fa5,-72(s0)
   14b34:	00f777d3          	fadd.s	fa5,fa4,fa5
   14b38:	e39c                	fsw	fa5,0(a5)
   14b3a:	fc842707          	flw	fa4,-56(s0)
   14b3e:	fb842787          	flw	fa5,-72(s0)
   14b42:	08f777d3          	fsub.s	fa5,fa4,fa5
   14b46:	fcf42427          	fsw	fa5,-56(s0)
   14b4a:	fd442783          	lw	a5,-44(s0)
   14b4e:	078e                	slli	a5,a5,0x3
   14b50:	0791                	addi	a5,a5,4
   14b52:	f8c42703          	lw	a4,-116(s0)
   14b56:	97ba                	add	a5,a5,a4
   14b58:	6398                	flw	fa4,0(a5)
   14b5a:	fcc42783          	lw	a5,-52(s0)
   14b5e:	078e                	slli	a5,a5,0x3
   14b60:	0791                	addi	a5,a5,4
   14b62:	f8c42703          	lw	a4,-116(s0)
   14b66:	97ba                	add	a5,a5,a4
   14b68:	639c                	flw	fa5,0(a5)
   14b6a:	00f777d3          	fadd.s	fa5,fa4,fa5
   14b6e:	faf42a27          	fsw	fa5,-76(s0)
   14b72:	fe842783          	lw	a5,-24(s0)
   14b76:	078e                	slli	a5,a5,0x3
   14b78:	0791                	addi	a5,a5,4
   14b7a:	f8c42703          	lw	a4,-116(s0)
   14b7e:	97ba                	add	a5,a5,a4
   14b80:	fc042707          	flw	fa4,-64(s0)
   14b84:	fb442787          	flw	fa5,-76(s0)
   14b88:	00f777d3          	fadd.s	fa5,fa4,fa5
   14b8c:	e39c                	fsw	fa5,0(a5)
   14b8e:	fc042707          	flw	fa4,-64(s0)
   14b92:	fb442787          	flw	fa5,-76(s0)
   14b96:	08f777d3          	fsub.s	fa5,fa4,fa5
   14b9a:	fcf42027          	fsw	fa5,-64(s0)
   14b9e:	fd442783          	lw	a5,-44(s0)
   14ba2:	078e                	slli	a5,a5,0x3
   14ba4:	0791                	addi	a5,a5,4
   14ba6:	f8c42703          	lw	a4,-116(s0)
   14baa:	97ba                	add	a5,a5,a4
   14bac:	6398                	flw	fa4,0(a5)
   14bae:	fcc42783          	lw	a5,-52(s0)
   14bb2:	078e                	slli	a5,a5,0x3
   14bb4:	0791                	addi	a5,a5,4
   14bb6:	f8c42703          	lw	a4,-116(s0)
   14bba:	97ba                	add	a5,a5,a4
   14bbc:	639c                	flw	fa5,0(a5)
   14bbe:	08f777d3          	fsub.s	fa5,fa4,fa5
   14bc2:	faf42c27          	fsw	fa5,-72(s0)
   14bc6:	fd442783          	lw	a5,-44(s0)
   14bca:	078e                	slli	a5,a5,0x3
   14bcc:	f8c42703          	lw	a4,-116(s0)
   14bd0:	97ba                	add	a5,a5,a4
   14bd2:	6398                	flw	fa4,0(a5)
   14bd4:	fcc42783          	lw	a5,-52(s0)
   14bd8:	078e                	slli	a5,a5,0x3
   14bda:	f8c42703          	lw	a4,-116(s0)
   14bde:	97ba                	add	a5,a5,a4
   14be0:	639c                	flw	fa5,0(a5)
   14be2:	08f777d3          	fsub.s	fa5,fa4,fa5
   14be6:	faf42a27          	fsw	fa5,-76(s0)
   14bea:	fc842707          	flw	fa4,-56(s0)
   14bee:	fa042787          	flw	fa5,-96(s0)
   14bf2:	10f77753          	fmul.s	fa4,fa4,fa5
   14bf6:	fc042687          	flw	fa3,-64(s0)
   14bfa:	f9c42787          	flw	fa5,-100(s0)
   14bfe:	10f6f7d3          	fmul.s	fa5,fa3,fa5
   14c02:	fd442783          	lw	a5,-44(s0)
   14c06:	078e                	slli	a5,a5,0x3
   14c08:	f8c42703          	lw	a4,-116(s0)
   14c0c:	97ba                	add	a5,a5,a4
   14c0e:	08f777d3          	fsub.s	fa5,fa4,fa5
   14c12:	e39c                	fsw	fa5,0(a5)
   14c14:	fc042707          	flw	fa4,-64(s0)
   14c18:	fa042787          	flw	fa5,-96(s0)
   14c1c:	10f77753          	fmul.s	fa4,fa4,fa5
   14c20:	fc842687          	flw	fa3,-56(s0)
   14c24:	f9c42787          	flw	fa5,-100(s0)
   14c28:	10f6f7d3          	fmul.s	fa5,fa3,fa5
   14c2c:	fd442783          	lw	a5,-44(s0)
   14c30:	078e                	slli	a5,a5,0x3
   14c32:	0791                	addi	a5,a5,4
   14c34:	f8c42703          	lw	a4,-116(s0)
   14c38:	97ba                	add	a5,a5,a4
   14c3a:	00f777d3          	fadd.s	fa5,fa4,fa5
   14c3e:	e39c                	fsw	fa5,0(a5)
   14c40:	fc442707          	flw	fa4,-60(s0)
   14c44:	fb842787          	flw	fa5,-72(s0)
   14c48:	08f777d3          	fsub.s	fa5,fa4,fa5
   14c4c:	fcf42427          	fsw	fa5,-56(s0)
   14c50:	fc442707          	flw	fa4,-60(s0)
   14c54:	fb842787          	flw	fa5,-72(s0)
   14c58:	00f777d3          	fadd.s	fa5,fa4,fa5
   14c5c:	fcf42227          	fsw	fa5,-60(s0)
   14c60:	fbc42707          	flw	fa4,-68(s0)
   14c64:	fb442787          	flw	fa5,-76(s0)
   14c68:	00f777d3          	fadd.s	fa5,fa4,fa5
   14c6c:	fcf42027          	fsw	fa5,-64(s0)
   14c70:	fbc42707          	flw	fa4,-68(s0)
   14c74:	fb442787          	flw	fa5,-76(s0)
   14c78:	08f777d3          	fsub.s	fa5,fa4,fa5
   14c7c:	faf42e27          	fsw	fa5,-68(s0)
   14c80:	fc842707          	flw	fa4,-56(s0)
   14c84:	fa842787          	flw	fa5,-88(s0)
   14c88:	10f77753          	fmul.s	fa4,fa4,fa5
   14c8c:	fc042687          	flw	fa3,-64(s0)
   14c90:	fa442787          	flw	fa5,-92(s0)
   14c94:	10f6f7d3          	fmul.s	fa5,fa3,fa5
   14c98:	fd042783          	lw	a5,-48(s0)
   14c9c:	078e                	slli	a5,a5,0x3
   14c9e:	f8c42703          	lw	a4,-116(s0)
   14ca2:	97ba                	add	a5,a5,a4
   14ca4:	08f777d3          	fsub.s	fa5,fa4,fa5
   14ca8:	e39c                	fsw	fa5,0(a5)
   14caa:	fc042707          	flw	fa4,-64(s0)
   14cae:	fa842787          	flw	fa5,-88(s0)
   14cb2:	10f77753          	fmul.s	fa4,fa4,fa5
   14cb6:	fc842687          	flw	fa3,-56(s0)
   14cba:	fa442787          	flw	fa5,-92(s0)
   14cbe:	10f6f7d3          	fmul.s	fa5,fa3,fa5
   14cc2:	fd042783          	lw	a5,-48(s0)
   14cc6:	078e                	slli	a5,a5,0x3
   14cc8:	0791                	addi	a5,a5,4
   14cca:	f8c42703          	lw	a4,-116(s0)
   14cce:	97ba                	add	a5,a5,a4
   14cd0:	00f777d3          	fadd.s	fa5,fa4,fa5
   14cd4:	e39c                	fsw	fa5,0(a5)
   14cd6:	fc442707          	flw	fa4,-60(s0)
   14cda:	f9842787          	flw	fa5,-104(s0)
   14cde:	10f77753          	fmul.s	fa4,fa4,fa5
   14ce2:	fbc42687          	flw	fa3,-68(s0)
   14ce6:	f9442787          	flw	fa5,-108(s0)
   14cea:	10f6f7d3          	fmul.s	fa5,fa3,fa5
   14cee:	fcc42783          	lw	a5,-52(s0)
   14cf2:	078e                	slli	a5,a5,0x3
   14cf4:	f8c42703          	lw	a4,-116(s0)
   14cf8:	97ba                	add	a5,a5,a4
   14cfa:	08f777d3          	fsub.s	fa5,fa4,fa5
   14cfe:	e39c                	fsw	fa5,0(a5)
   14d00:	fbc42707          	flw	fa4,-68(s0)
   14d04:	f9842787          	flw	fa5,-104(s0)
   14d08:	10f77753          	fmul.s	fa4,fa4,fa5
   14d0c:	fc442687          	flw	fa3,-60(s0)
   14d10:	f9442787          	flw	fa5,-108(s0)
   14d14:	10f6f7d3          	fmul.s	fa5,fa3,fa5
   14d18:	fcc42783          	lw	a5,-52(s0)
   14d1c:	078e                	slli	a5,a5,0x3
   14d1e:	0791                	addi	a5,a5,4
   14d20:	f8c42703          	lw	a4,-116(s0)
   14d24:	97ba                	add	a5,a5,a4
   14d26:	00f777d3          	fadd.s	fa5,fa4,fa5
   14d2a:	e39c                	fsw	fa5,0(a5)
   14d2c:	fe842703          	lw	a4,-24(s0)
   14d30:	fd842783          	lw	a5,-40(s0)
   14d34:	97ba                	add	a5,a5,a4
   14d36:	fef42423          	sw	a5,-24(s0)
   14d3a:	f8a45783          	lhu	a5,-118(s0)
   14d3e:	fe842703          	lw	a4,-24(s0)
   14d42:	cef76ce3          	bltu	a4,a5,14a3a <riscv_radix4_butterfly_inverse_f32+0xf6>
   14d46:	fe042783          	lw	a5,-32(s0)
   14d4a:	0785                	addi	a5,a5,1
   14d4c:	fef42023          	sw	a5,-32(s0)
   14d50:	fe442783          	lw	a5,-28(s0)
   14d54:	17fd                	addi	a5,a5,-1
   14d56:	fe042703          	lw	a4,-32(s0)
   14d5a:	c4e7f0e3          	bgeu	a5,a4,1499a <riscv_radix4_butterfly_inverse_f32+0x56>
   14d5e:	f8845783          	lhu	a5,-120(s0)
   14d62:	078a                	slli	a5,a5,0x2
   14d64:	f8f41423          	sh	a5,-120(s0)
   14d68:	fdc42783          	lw	a5,-36(s0)
   14d6c:	8389                	srli	a5,a5,0x2
   14d6e:	fcf42e23          	sw	a5,-36(s0)
   14d72:	fdc42703          	lw	a4,-36(s0)
   14d76:	4791                	li	a5,4
   14d78:	c0e7e4e3          	bltu	a5,a4,14980 <riscv_radix4_butterfly_inverse_f32+0x3c>
   14d7c:	fe442783          	lw	a5,-28(s0)
   14d80:	fcf42c23          	sw	a5,-40(s0)
   14d84:	fe442783          	lw	a5,-28(s0)
   14d88:	8389                	srli	a5,a5,0x2
   14d8a:	fef42223          	sw	a5,-28(s0)
   14d8e:	fe042423          	sw	zero,-24(s0)
   14d92:	ac4d                	j	15044 <riscv_radix4_butterfly_inverse_f32+0x700>
   14d94:	fe842703          	lw	a4,-24(s0)
   14d98:	fe442783          	lw	a5,-28(s0)
   14d9c:	97ba                	add	a5,a5,a4
   14d9e:	fcf42a23          	sw	a5,-44(s0)
   14da2:	fd442703          	lw	a4,-44(s0)
   14da6:	fe442783          	lw	a5,-28(s0)
   14daa:	97ba                	add	a5,a5,a4
   14dac:	fcf42823          	sw	a5,-48(s0)
   14db0:	fd042703          	lw	a4,-48(s0)
   14db4:	fe442783          	lw	a5,-28(s0)
   14db8:	97ba                	add	a5,a5,a4
   14dba:	fcf42623          	sw	a5,-52(s0)
   14dbe:	fe842783          	lw	a5,-24(s0)
   14dc2:	078e                	slli	a5,a5,0x3
   14dc4:	f8c42703          	lw	a4,-116(s0)
   14dc8:	97ba                	add	a5,a5,a4
   14dca:	6398                	flw	fa4,0(a5)
   14dcc:	fd042783          	lw	a5,-48(s0)
   14dd0:	078e                	slli	a5,a5,0x3
   14dd2:	f8c42703          	lw	a4,-116(s0)
   14dd6:	97ba                	add	a5,a5,a4
   14dd8:	639c                	flw	fa5,0(a5)
   14dda:	00f777d3          	fadd.s	fa5,fa4,fa5
   14dde:	fcf42427          	fsw	fa5,-56(s0)
   14de2:	fe842783          	lw	a5,-24(s0)
   14de6:	078e                	slli	a5,a5,0x3
   14de8:	f8c42703          	lw	a4,-116(s0)
   14dec:	97ba                	add	a5,a5,a4
   14dee:	6398                	flw	fa4,0(a5)
   14df0:	fd042783          	lw	a5,-48(s0)
   14df4:	078e                	slli	a5,a5,0x3
   14df6:	f8c42703          	lw	a4,-116(s0)
   14dfa:	97ba                	add	a5,a5,a4
   14dfc:	639c                	flw	fa5,0(a5)
   14dfe:	08f777d3          	fsub.s	fa5,fa4,fa5
   14e02:	fcf42227          	fsw	fa5,-60(s0)
   14e06:	fe842783          	lw	a5,-24(s0)
   14e0a:	078e                	slli	a5,a5,0x3
   14e0c:	0791                	addi	a5,a5,4
   14e0e:	f8c42703          	lw	a4,-116(s0)
   14e12:	97ba                	add	a5,a5,a4
   14e14:	6398                	flw	fa4,0(a5)
   14e16:	fd042783          	lw	a5,-48(s0)
   14e1a:	078e                	slli	a5,a5,0x3
   14e1c:	0791                	addi	a5,a5,4
   14e1e:	f8c42703          	lw	a4,-116(s0)
   14e22:	97ba                	add	a5,a5,a4
   14e24:	639c                	flw	fa5,0(a5)
   14e26:	00f777d3          	fadd.s	fa5,fa4,fa5
   14e2a:	fcf42027          	fsw	fa5,-64(s0)
   14e2e:	fe842783          	lw	a5,-24(s0)
   14e32:	078e                	slli	a5,a5,0x3
   14e34:	0791                	addi	a5,a5,4
   14e36:	f8c42703          	lw	a4,-116(s0)
   14e3a:	97ba                	add	a5,a5,a4
   14e3c:	6398                	flw	fa4,0(a5)
   14e3e:	fd042783          	lw	a5,-48(s0)
   14e42:	078e                	slli	a5,a5,0x3
   14e44:	0791                	addi	a5,a5,4
   14e46:	f8c42703          	lw	a4,-116(s0)
   14e4a:	97ba                	add	a5,a5,a4
   14e4c:	639c                	flw	fa5,0(a5)
   14e4e:	08f777d3          	fsub.s	fa5,fa4,fa5
   14e52:	faf42e27          	fsw	fa5,-68(s0)
   14e56:	fd442783          	lw	a5,-44(s0)
   14e5a:	078e                	slli	a5,a5,0x3
   14e5c:	f8c42703          	lw	a4,-116(s0)
   14e60:	97ba                	add	a5,a5,a4
   14e62:	6398                	flw	fa4,0(a5)
   14e64:	fcc42783          	lw	a5,-52(s0)
   14e68:	078e                	slli	a5,a5,0x3
   14e6a:	f8c42703          	lw	a4,-116(s0)
   14e6e:	97ba                	add	a5,a5,a4
   14e70:	639c                	flw	fa5,0(a5)
   14e72:	00f777d3          	fadd.s	fa5,fa4,fa5
   14e76:	faf42c27          	fsw	fa5,-72(s0)
   14e7a:	fc842707          	flw	fa4,-56(s0)
   14e7e:	fb842787          	flw	fa5,-72(s0)
   14e82:	00f77753          	fadd.s	fa4,fa4,fa5
   14e86:	fe842783          	lw	a5,-24(s0)
   14e8a:	078e                	slli	a5,a5,0x3
   14e8c:	f8c42703          	lw	a4,-116(s0)
   14e90:	97ba                	add	a5,a5,a4
   14e92:	f8042787          	flw	fa5,-128(s0)
   14e96:	10f777d3          	fmul.s	fa5,fa4,fa5
   14e9a:	e39c                	fsw	fa5,0(a5)
   14e9c:	fc842707          	flw	fa4,-56(s0)
   14ea0:	fb842787          	flw	fa5,-72(s0)
   14ea4:	08f777d3          	fsub.s	fa5,fa4,fa5
   14ea8:	fcf42427          	fsw	fa5,-56(s0)
   14eac:	fd442783          	lw	a5,-44(s0)
   14eb0:	078e                	slli	a5,a5,0x3
   14eb2:	0791                	addi	a5,a5,4
   14eb4:	f8c42703          	lw	a4,-116(s0)
   14eb8:	97ba                	add	a5,a5,a4
   14eba:	6398                	flw	fa4,0(a5)
   14ebc:	fcc42783          	lw	a5,-52(s0)
   14ec0:	078e                	slli	a5,a5,0x3
   14ec2:	0791                	addi	a5,a5,4
   14ec4:	f8c42703          	lw	a4,-116(s0)
   14ec8:	97ba                	add	a5,a5,a4
   14eca:	639c                	flw	fa5,0(a5)
   14ecc:	00f777d3          	fadd.s	fa5,fa4,fa5
   14ed0:	faf42a27          	fsw	fa5,-76(s0)
   14ed4:	fc042707          	flw	fa4,-64(s0)
   14ed8:	fb442787          	flw	fa5,-76(s0)
   14edc:	00f77753          	fadd.s	fa4,fa4,fa5
   14ee0:	fe842783          	lw	a5,-24(s0)
   14ee4:	078e                	slli	a5,a5,0x3
   14ee6:	0791                	addi	a5,a5,4
   14ee8:	f8c42703          	lw	a4,-116(s0)
   14eec:	97ba                	add	a5,a5,a4
   14eee:	f8042787          	flw	fa5,-128(s0)
   14ef2:	10f777d3          	fmul.s	fa5,fa4,fa5
   14ef6:	e39c                	fsw	fa5,0(a5)
   14ef8:	fc042707          	flw	fa4,-64(s0)
   14efc:	fb442787          	flw	fa5,-76(s0)
   14f00:	08f777d3          	fsub.s	fa5,fa4,fa5
   14f04:	fcf42027          	fsw	fa5,-64(s0)
   14f08:	fd442783          	lw	a5,-44(s0)
   14f0c:	078e                	slli	a5,a5,0x3
   14f0e:	0791                	addi	a5,a5,4
   14f10:	f8c42703          	lw	a4,-116(s0)
   14f14:	97ba                	add	a5,a5,a4
   14f16:	6398                	flw	fa4,0(a5)
   14f18:	fcc42783          	lw	a5,-52(s0)
   14f1c:	078e                	slli	a5,a5,0x3
   14f1e:	0791                	addi	a5,a5,4
   14f20:	f8c42703          	lw	a4,-116(s0)
   14f24:	97ba                	add	a5,a5,a4
   14f26:	639c                	flw	fa5,0(a5)
   14f28:	08f777d3          	fsub.s	fa5,fa4,fa5
   14f2c:	faf42c27          	fsw	fa5,-72(s0)
   14f30:	fd442783          	lw	a5,-44(s0)
   14f34:	078e                	slli	a5,a5,0x3
   14f36:	f8c42703          	lw	a4,-116(s0)
   14f3a:	97ba                	add	a5,a5,a4
   14f3c:	6398                	flw	fa4,0(a5)
   14f3e:	fcc42783          	lw	a5,-52(s0)
   14f42:	078e                	slli	a5,a5,0x3
   14f44:	f8c42703          	lw	a4,-116(s0)
   14f48:	97ba                	add	a5,a5,a4
   14f4a:	639c                	flw	fa5,0(a5)
   14f4c:	08f777d3          	fsub.s	fa5,fa4,fa5
   14f50:	faf42a27          	fsw	fa5,-76(s0)
   14f54:	fd442783          	lw	a5,-44(s0)
   14f58:	078e                	slli	a5,a5,0x3
   14f5a:	f8c42703          	lw	a4,-116(s0)
   14f5e:	97ba                	add	a5,a5,a4
   14f60:	fc842707          	flw	fa4,-56(s0)
   14f64:	f8042787          	flw	fa5,-128(s0)
   14f68:	10f777d3          	fmul.s	fa5,fa4,fa5
   14f6c:	e39c                	fsw	fa5,0(a5)
   14f6e:	fd442783          	lw	a5,-44(s0)
   14f72:	078e                	slli	a5,a5,0x3
   14f74:	0791                	addi	a5,a5,4
   14f76:	f8c42703          	lw	a4,-116(s0)
   14f7a:	97ba                	add	a5,a5,a4
   14f7c:	fc042707          	flw	fa4,-64(s0)
   14f80:	f8042787          	flw	fa5,-128(s0)
   14f84:	10f777d3          	fmul.s	fa5,fa4,fa5
   14f88:	e39c                	fsw	fa5,0(a5)
   14f8a:	fc442707          	flw	fa4,-60(s0)
   14f8e:	fb842787          	flw	fa5,-72(s0)
   14f92:	08f777d3          	fsub.s	fa5,fa4,fa5
   14f96:	fcf42427          	fsw	fa5,-56(s0)
   14f9a:	fc442707          	flw	fa4,-60(s0)
   14f9e:	fb842787          	flw	fa5,-72(s0)
   14fa2:	00f777d3          	fadd.s	fa5,fa4,fa5
   14fa6:	fcf42227          	fsw	fa5,-60(s0)
   14faa:	fbc42707          	flw	fa4,-68(s0)
   14fae:	fb442787          	flw	fa5,-76(s0)
   14fb2:	00f777d3          	fadd.s	fa5,fa4,fa5
   14fb6:	fcf42027          	fsw	fa5,-64(s0)
   14fba:	fbc42707          	flw	fa4,-68(s0)
   14fbe:	fb442787          	flw	fa5,-76(s0)
   14fc2:	08f777d3          	fsub.s	fa5,fa4,fa5
   14fc6:	faf42e27          	fsw	fa5,-68(s0)
   14fca:	fd042783          	lw	a5,-48(s0)
   14fce:	078e                	slli	a5,a5,0x3
   14fd0:	f8c42703          	lw	a4,-116(s0)
   14fd4:	97ba                	add	a5,a5,a4
   14fd6:	fc842707          	flw	fa4,-56(s0)
   14fda:	f8042787          	flw	fa5,-128(s0)
   14fde:	10f777d3          	fmul.s	fa5,fa4,fa5
   14fe2:	e39c                	fsw	fa5,0(a5)
   14fe4:	fd042783          	lw	a5,-48(s0)
   14fe8:	078e                	slli	a5,a5,0x3
   14fea:	0791                	addi	a5,a5,4
   14fec:	f8c42703          	lw	a4,-116(s0)
   14ff0:	97ba                	add	a5,a5,a4
   14ff2:	fc042707          	flw	fa4,-64(s0)
   14ff6:	f8042787          	flw	fa5,-128(s0)
   14ffa:	10f777d3          	fmul.s	fa5,fa4,fa5
   14ffe:	e39c                	fsw	fa5,0(a5)
   15000:	fcc42783          	lw	a5,-52(s0)
   15004:	078e                	slli	a5,a5,0x3
   15006:	f8c42703          	lw	a4,-116(s0)
   1500a:	97ba                	add	a5,a5,a4
   1500c:	fc442707          	flw	fa4,-60(s0)
   15010:	f8042787          	flw	fa5,-128(s0)
   15014:	10f777d3          	fmul.s	fa5,fa4,fa5
   15018:	e39c                	fsw	fa5,0(a5)
   1501a:	fcc42783          	lw	a5,-52(s0)
   1501e:	078e                	slli	a5,a5,0x3
   15020:	0791                	addi	a5,a5,4
   15022:	f8c42703          	lw	a4,-116(s0)
   15026:	97ba                	add	a5,a5,a4
   15028:	fbc42707          	flw	fa4,-68(s0)
   1502c:	f8042787          	flw	fa5,-128(s0)
   15030:	10f777d3          	fmul.s	fa5,fa4,fa5
   15034:	e39c                	fsw	fa5,0(a5)
   15036:	fe842703          	lw	a4,-24(s0)
   1503a:	fd842783          	lw	a5,-40(s0)
   1503e:	97ba                	add	a5,a5,a4
   15040:	fef42423          	sw	a5,-24(s0)
   15044:	f8a45703          	lhu	a4,-118(s0)
   15048:	fd842783          	lw	a5,-40(s0)
   1504c:	40f707b3          	sub	a5,a4,a5
   15050:	fe842703          	lw	a4,-24(s0)
   15054:	d4e7f0e3          	bgeu	a5,a4,14d94 <riscv_radix4_butterfly_inverse_f32+0x450>
   15058:	0001                	nop
   1505a:	0001                	nop
   1505c:	50f6                	lw	ra,124(sp)
   1505e:	5466                	lw	s0,120(sp)
   15060:	6109                	addi	sp,sp,128
   15062:	8082                	ret

00015064 <riscv_cfft_radix4_f32>:
   15064:	1101                	addi	sp,sp,-32
   15066:	ce06                	sw	ra,28(sp)
   15068:	cc22                	sw	s0,24(sp)
   1506a:	1000                	addi	s0,sp,32
   1506c:	fea42623          	sw	a0,-20(s0)
   15070:	feb42423          	sw	a1,-24(s0)
   15074:	fec42783          	lw	a5,-20(s0)
   15078:	83b8                	lbu	a4,2(a5)
   1507a:	4785                	li	a5,1
   1507c:	02f71663          	bne	a4,a5,150a8 <riscv_cfft_radix4_f32+0x44>
   15080:	fec42783          	lw	a5,-20(s0)
   15084:	8798                	lhu	a4,0(a5)
   15086:	fec42783          	lw	a5,-20(s0)
   1508a:	43d0                	lw	a2,4(a5)
   1508c:	fec42783          	lw	a5,-20(s0)
   15090:	00c7d683          	lhu	a3,12(a5)
   15094:	fec42783          	lw	a5,-20(s0)
   15098:	6b9c                	flw	fa5,16(a5)
   1509a:	20f78553          	fmv.s	fa0,fa5
   1509e:	85ba                	mv	a1,a4
   150a0:	fe842503          	lw	a0,-24(s0)
   150a4:	3045                	jal	14944 <riscv_radix4_butterfly_inverse_f32>
   150a6:	a00d                	j	150c8 <riscv_cfft_radix4_f32+0x64>
   150a8:	fec42783          	lw	a5,-20(s0)
   150ac:	8798                	lhu	a4,0(a5)
   150ae:	fec42783          	lw	a5,-20(s0)
   150b2:	43d0                	lw	a2,4(a5)
   150b4:	fec42783          	lw	a5,-20(s0)
   150b8:	00c7d783          	lhu	a5,12(a5)
   150bc:	86be                	mv	a3,a5
   150be:	85ba                	mv	a1,a4
   150c0:	fe842503          	lw	a0,-24(s0)
   150c4:	c40ff0ef          	jal	14504 <riscv_radix4_butterfly_f32>
   150c8:	fec42783          	lw	a5,-20(s0)
   150cc:	83f8                	lbu	a4,3(a5)
   150ce:	4785                	li	a5,1
   150d0:	02f71163          	bne	a4,a5,150f2 <riscv_cfft_radix4_f32+0x8e>
   150d4:	fec42783          	lw	a5,-20(s0)
   150d8:	8798                	lhu	a4,0(a5)
   150da:	fec42783          	lw	a5,-20(s0)
   150de:	00e7d603          	lhu	a2,14(a5)
   150e2:	fec42783          	lw	a5,-20(s0)
   150e6:	479c                	lw	a5,8(a5)
   150e8:	86be                	mv	a3,a5
   150ea:	85ba                	mv	a1,a4
   150ec:	fe842503          	lw	a0,-24(s0)
   150f0:	2669                	jal	1547a <riscv_bitreversal_f32>
   150f2:	0001                	nop
   150f4:	40f2                	lw	ra,28(sp)
   150f6:	4462                	lw	s0,24(sp)
   150f8:	6105                	addi	sp,sp,32
   150fa:	8082                	ret

000150fc <riscv_dct4_f32>:
   150fc:	7139                	addi	sp,sp,-64
   150fe:	de06                	sw	ra,60(sp)
   15100:	dc22                	sw	s0,56(sp)
   15102:	0080                	addi	s0,sp,64
   15104:	fca42623          	sw	a0,-52(s0)
   15108:	fcb42423          	sw	a1,-56(s0)
   1510c:	fcc42223          	sw	a2,-60(s0)
   15110:	fcc42783          	lw	a5,-52(s0)
   15114:	479c                	lw	a5,8(a5)
   15116:	fcf42c23          	sw	a5,-40(s0)
   1511a:	fcc42783          	lw	a5,-52(s0)
   1511e:	47dc                	lw	a5,12(a5)
   15120:	fcf42a23          	sw	a5,-44(s0)
   15124:	fcc42783          	lw	a5,-52(s0)
   15128:	879c                	lhu	a5,0(a5)
   1512a:	873e                	mv	a4,a5
   1512c:	0006b7b7          	lui	a5,0x6b
   15130:	1007a787          	flw	fa5,256(a5) # 6b100 <riscv_cfft_sR_q15_len4096+0x10>
   15134:	863a                	mv	a2,a4
   15136:	fc442583          	lw	a1,-60(s0)
   1513a:	20f78553          	fmv.s	fa0,fa5
   1513e:	fc442503          	lw	a0,-60(s0)
   15142:	721000ef          	jal	16062 <riscv_scale_f32>
   15146:	fcc42783          	lw	a5,-52(s0)
   1514a:	879c                	lhu	a5,0(a5)
   1514c:	86be                	mv	a3,a5
   1514e:	fc442603          	lw	a2,-60(s0)
   15152:	fd442583          	lw	a1,-44(s0)
   15156:	fc442503          	lw	a0,-60(s0)
   1515a:	173000ef          	jal	15acc <riscv_mult_f32>
   1515e:	fc842783          	lw	a5,-56(s0)
   15162:	fef42423          	sw	a5,-24(s0)
   15166:	fcc42783          	lw	a5,-52(s0)
   1516a:	879c                	lhu	a5,0(a5)
   1516c:	873e                	mv	a4,a5
   1516e:	400007b7          	lui	a5,0x40000
   15172:	17fd                	addi	a5,a5,-1 # 3fffffff <__BSS_END__+0x3ff8166b>
   15174:	97ba                	add	a5,a5,a4
   15176:	078a                	slli	a5,a5,0x2
   15178:	fc842703          	lw	a4,-56(s0)
   1517c:	97ba                	add	a5,a5,a4
   1517e:	fef42223          	sw	a5,-28(s0)
   15182:	fc442783          	lw	a5,-60(s0)
   15186:	fef42023          	sw	a5,-32(s0)
   1518a:	fcc42783          	lw	a5,-52(s0)
   1518e:	87bc                	lhu	a5,2(a5)
   15190:	fef42623          	sw	a5,-20(s0)
   15194:	fe042703          	lw	a4,-32(s0)
   15198:	00470793          	addi	a5,a4,4 # 2004 <register_fini-0xe0b0>
   1519c:	fef42023          	sw	a5,-32(s0)
   151a0:	fe842783          	lw	a5,-24(s0)
   151a4:	00478693          	addi	a3,a5,4
   151a8:	fed42423          	sw	a3,-24(s0)
   151ac:	631c                	flw	fa5,0(a4)
   151ae:	e39c                	fsw	fa5,0(a5)
   151b0:	fe042703          	lw	a4,-32(s0)
   151b4:	00470793          	addi	a5,a4,4
   151b8:	fef42023          	sw	a5,-32(s0)
   151bc:	fe442783          	lw	a5,-28(s0)
   151c0:	ffc78693          	addi	a3,a5,-4
   151c4:	fed42223          	sw	a3,-28(s0)
   151c8:	631c                	flw	fa5,0(a4)
   151ca:	e39c                	fsw	fa5,0(a5)
   151cc:	fec42783          	lw	a5,-20(s0)
   151d0:	17fd                	addi	a5,a5,-1
   151d2:	fef42623          	sw	a5,-20(s0)
   151d6:	fec42783          	lw	a5,-20(s0)
   151da:	ffcd                	bnez	a5,15194 <riscv_dct4_f32+0x98>
   151dc:	fc442783          	lw	a5,-60(s0)
   151e0:	fef42023          	sw	a5,-32(s0)
   151e4:	fc842783          	lw	a5,-56(s0)
   151e8:	fef42423          	sw	a5,-24(s0)
   151ec:	fcc42783          	lw	a5,-52(s0)
   151f0:	879c                	lhu	a5,0(a5)
   151f2:	fef42623          	sw	a5,-20(s0)
   151f6:	fe842703          	lw	a4,-24(s0)
   151fa:	00470793          	addi	a5,a4,4
   151fe:	fef42423          	sw	a5,-24(s0)
   15202:	fe042783          	lw	a5,-32(s0)
   15206:	00478693          	addi	a3,a5,4
   1520a:	fed42023          	sw	a3,-32(s0)
   1520e:	631c                	flw	fa5,0(a4)
   15210:	e39c                	fsw	fa5,0(a5)
   15212:	fec42783          	lw	a5,-20(s0)
   15216:	17fd                	addi	a5,a5,-1
   15218:	fef42623          	sw	a5,-20(s0)
   1521c:	fec42783          	lw	a5,-20(s0)
   15220:	fbf9                	bnez	a5,151f6 <riscv_dct4_f32+0xfa>
   15222:	fcc42783          	lw	a5,-52(s0)
   15226:	4b9c                	lw	a5,16(a5)
   15228:	fc842603          	lw	a2,-56(s0)
   1522c:	fc442583          	lw	a1,-60(s0)
   15230:	853e                	mv	a0,a5
   15232:	107000ef          	jal	15b38 <riscv_rfft_f32>
   15236:	fcc42783          	lw	a5,-52(s0)
   1523a:	879c                	lhu	a5,0(a5)
   1523c:	86be                	mv	a3,a5
   1523e:	fc842603          	lw	a2,-56(s0)
   15242:	fd842583          	lw	a1,-40(s0)
   15246:	fc842503          	lw	a0,-56(s0)
   1524a:	f7afd0ef          	jal	129c4 <riscv_cmplx_mult_cmplx_f32>
   1524e:	fc442783          	lw	a5,-60(s0)
   15252:	fef42023          	sw	a5,-32(s0)
   15256:	fc842783          	lw	a5,-56(s0)
   1525a:	fef42423          	sw	a5,-24(s0)
   1525e:	fe842783          	lw	a5,-24(s0)
   15262:	00478713          	addi	a4,a5,4
   15266:	fee42423          	sw	a4,-24(s0)
   1526a:	6398                	flw	fa4,0(a5)
   1526c:	0006b7b7          	lui	a5,0x6b
   15270:	1047a787          	flw	fa5,260(a5) # 6b104 <riscv_cfft_sR_q15_len4096+0x14>
   15274:	10f777d3          	fmul.s	fa5,fa4,fa5
   15278:	fcf42e27          	fsw	fa5,-36(s0)
   1527c:	fe042783          	lw	a5,-32(s0)
   15280:	00478713          	addi	a4,a5,4
   15284:	fee42023          	sw	a4,-32(s0)
   15288:	fdc42787          	flw	fa5,-36(s0)
   1528c:	e39c                	fsw	fa5,0(a5)
   1528e:	fe842783          	lw	a5,-24(s0)
   15292:	0791                	addi	a5,a5,4
   15294:	fef42423          	sw	a5,-24(s0)
   15298:	fcc42783          	lw	a5,-52(s0)
   1529c:	879c                	lhu	a5,0(a5)
   1529e:	17fd                	addi	a5,a5,-1
   152a0:	fef42623          	sw	a5,-20(s0)
   152a4:	fe842783          	lw	a5,-24(s0)
   152a8:	00478713          	addi	a4,a5,4
   152ac:	fee42423          	sw	a4,-24(s0)
   152b0:	6398                	flw	fa4,0(a5)
   152b2:	fdc42787          	flw	fa5,-36(s0)
   152b6:	08f777d3          	fsub.s	fa5,fa4,fa5
   152ba:	fcf42e27          	fsw	fa5,-36(s0)
   152be:	fe042783          	lw	a5,-32(s0)
   152c2:	00478713          	addi	a4,a5,4
   152c6:	fee42023          	sw	a4,-32(s0)
   152ca:	fdc42787          	flw	fa5,-36(s0)
   152ce:	e39c                	fsw	fa5,0(a5)
   152d0:	fe842783          	lw	a5,-24(s0)
   152d4:	0791                	addi	a5,a5,4
   152d6:	fef42423          	sw	a5,-24(s0)
   152da:	fec42783          	lw	a5,-20(s0)
   152de:	17fd                	addi	a5,a5,-1
   152e0:	fef42623          	sw	a5,-20(s0)
   152e4:	fec42783          	lw	a5,-20(s0)
   152e8:	ffd5                	bnez	a5,152a4 <riscv_dct4_f32+0x1a8>
   152ea:	fcc42783          	lw	a5,-52(s0)
   152ee:	879c                	lhu	a5,0(a5)
   152f0:	fef42623          	sw	a5,-20(s0)
   152f4:	fc442783          	lw	a5,-60(s0)
   152f8:	fef42023          	sw	a5,-32(s0)
   152fc:	fe042783          	lw	a5,-32(s0)
   15300:	639c                	flw	fa5,0(a5)
   15302:	fcf42e27          	fsw	fa5,-36(s0)
   15306:	fcc42783          	lw	a5,-52(s0)
   1530a:	63d8                	flw	fa4,4(a5)
   1530c:	fe042783          	lw	a5,-32(s0)
   15310:	00478713          	addi	a4,a5,4
   15314:	fee42023          	sw	a4,-32(s0)
   15318:	fdc42787          	flw	fa5,-36(s0)
   1531c:	10f777d3          	fmul.s	fa5,fa4,fa5
   15320:	e39c                	fsw	fa5,0(a5)
   15322:	fec42783          	lw	a5,-20(s0)
   15326:	17fd                	addi	a5,a5,-1
   15328:	fef42623          	sw	a5,-20(s0)
   1532c:	fec42783          	lw	a5,-20(s0)
   15330:	f7f1                	bnez	a5,152fc <riscv_dct4_f32+0x200>
   15332:	0001                	nop
   15334:	0001                	nop
   15336:	50f2                	lw	ra,60(sp)
   15338:	5462                	lw	s0,56(sp)
   1533a:	6121                	addi	sp,sp,64
   1533c:	8082                	ret

0001533e <riscv_rfft_init_f32>:
   1533e:	7139                	addi	sp,sp,-64
   15340:	de06                	sw	ra,60(sp)
   15342:	dc22                	sw	s0,56(sp)
   15344:	0080                	addi	s0,sp,64
   15346:	fca42e23          	sw	a0,-36(s0)
   1534a:	fcb42c23          	sw	a1,-40(s0)
   1534e:	fcc42a23          	sw	a2,-44(s0)
   15352:	fcd42823          	sw	a3,-48(s0)
   15356:	fce42623          	sw	a4,-52(s0)
   1535a:	fe042623          	sw	zero,-20(s0)
   1535e:	fd442783          	lw	a5,-44(s0)
   15362:	9fe9                	zext.h	a5,a5
   15364:	873e                	mv	a4,a5
   15366:	fdc42783          	lw	a5,-36(s0)
   1536a:	c398                	sw	a4,0(a5)
   1536c:	fd442783          	lw	a5,-44(s0)
   15370:	9fe9                	zext.h	a5,a5
   15372:	8385                	srli	a5,a5,0x1
   15374:	0807c733          	zext.h	a4,a5
   15378:	fdc42783          	lw	a5,-36(s0)
   1537c:	00e79223          	sh	a4,4(a5)
   15380:	fdc42783          	lw	a5,-36(s0)
   15384:	0006b737          	lui	a4,0x6b
   15388:	10870713          	addi	a4,a4,264 # 6b108 <realCoefA>
   1538c:	c7d8                	sw	a4,12(a5)
   1538e:	fdc42783          	lw	a5,-36(s0)
   15392:	00073737          	lui	a4,0x73
   15396:	10870713          	addi	a4,a4,264 # 73108 <realCoefB>
   1539a:	cb98                	sw	a4,16(a5)
   1539c:	fd042783          	lw	a5,-48(s0)
   153a0:	0ff7f713          	zext.b	a4,a5
   153a4:	fdc42783          	lw	a5,-36(s0)
   153a8:	00e78323          	sb	a4,6(a5)
   153ac:	fcc42783          	lw	a5,-52(s0)
   153b0:	0ff7f713          	zext.b	a4,a5
   153b4:	fdc42783          	lw	a5,-36(s0)
   153b8:	00e783a3          	sb	a4,7(a5)
   153bc:	fdc42783          	lw	a5,-36(s0)
   153c0:	439c                	lw	a5,0(a5)
   153c2:	6709                	lui	a4,0x2
   153c4:	02e78663          	beq	a5,a4,153f0 <riscv_rfft_init_f32+0xb2>
   153c8:	6709                	lui	a4,0x2
   153ca:	04f76863          	bltu	a4,a5,1541a <riscv_rfft_init_f32+0xdc>
   153ce:	28b01713          	bseti	a4,zero,0xb
   153d2:	02e78463          	beq	a5,a4,153fa <riscv_rfft_init_f32+0xbc>
   153d6:	28b01713          	bseti	a4,zero,0xb
   153da:	04f76063          	bltu	a4,a5,1541a <riscv_rfft_init_f32+0xdc>
   153de:	08000713          	li	a4,128
   153e2:	02e78663          	beq	a5,a4,1540e <riscv_rfft_init_f32+0xd0>
   153e6:	20000713          	li	a4,512
   153ea:	00e78d63          	beq	a5,a4,15404 <riscv_rfft_init_f32+0xc6>
   153ee:	a035                	j	1541a <riscv_rfft_init_f32+0xdc>
   153f0:	fdc42783          	lw	a5,-36(s0)
   153f4:	4705                	li	a4,1
   153f6:	c798                	sw	a4,8(a5)
   153f8:	a02d                	j	15422 <riscv_rfft_init_f32+0xe4>
   153fa:	fdc42783          	lw	a5,-36(s0)
   153fe:	4711                	li	a4,4
   15400:	c798                	sw	a4,8(a5)
   15402:	a005                	j	15422 <riscv_rfft_init_f32+0xe4>
   15404:	fdc42783          	lw	a5,-36(s0)
   15408:	4741                	li	a4,16
   1540a:	c798                	sw	a4,8(a5)
   1540c:	a819                	j	15422 <riscv_rfft_init_f32+0xe4>
   1540e:	fdc42783          	lw	a5,-36(s0)
   15412:	04000713          	li	a4,64
   15416:	c798                	sw	a4,8(a5)
   15418:	a029                	j	15422 <riscv_rfft_init_f32+0xe4>
   1541a:	57fd                	li	a5,-1
   1541c:	fef42623          	sw	a5,-20(s0)
   15420:	0001                	nop
   15422:	fdc42783          	lw	a5,-36(s0)
   15426:	fd842703          	lw	a4,-40(s0)
   1542a:	cbd8                	sw	a4,20(a5)
   1542c:	fdc42783          	lw	a5,-36(s0)
   15430:	0067c783          	lbu	a5,6(a5)
   15434:	cf99                	beqz	a5,15452 <riscv_rfft_init_f32+0x114>
   15436:	fdc42783          	lw	a5,-36(s0)
   1543a:	4bd8                	lw	a4,20(a5)
   1543c:	fdc42783          	lw	a5,-36(s0)
   15440:	0047d783          	lhu	a5,4(a5)
   15444:	4681                	li	a3,0
   15446:	4605                	li	a2,1
   15448:	85be                	mv	a1,a5
   1544a:	853a                	mv	a0,a4
   1544c:	89cfc0ef          	jal	114e8 <riscv_cfft_radix4_init_f32>
   15450:	a831                	j	1546c <riscv_rfft_init_f32+0x12e>
   15452:	fdc42783          	lw	a5,-36(s0)
   15456:	4bd8                	lw	a4,20(a5)
   15458:	fdc42783          	lw	a5,-36(s0)
   1545c:	0047d783          	lhu	a5,4(a5)
   15460:	4681                	li	a3,0
   15462:	4601                	li	a2,0
   15464:	85be                	mv	a1,a5
   15466:	853a                	mv	a0,a4
   15468:	880fc0ef          	jal	114e8 <riscv_cfft_radix4_init_f32>
   1546c:	fec42783          	lw	a5,-20(s0)
   15470:	853e                	mv	a0,a5
   15472:	50f2                	lw	ra,60(sp)
   15474:	5462                	lw	s0,56(sp)
   15476:	6121                	addi	sp,sp,64
   15478:	8082                	ret

0001547a <riscv_bitreversal_f32>:
   1547a:	7179                	addi	sp,sp,-48
   1547c:	d606                	sw	ra,44(sp)
   1547e:	d422                	sw	s0,40(sp)
   15480:	1800                	addi	s0,sp,48
   15482:	fca42e23          	sw	a0,-36(s0)
   15486:	87ae                	mv	a5,a1
   15488:	8732                	mv	a4,a2
   1548a:	fcd42a23          	sw	a3,-44(s0)
   1548e:	fcf41d23          	sh	a5,-38(s0)
   15492:	87ba                	mv	a5,a4
   15494:	fcf41c23          	sh	a5,-40(s0)
   15498:	fe041623          	sh	zero,-20(s0)
   1549c:	fda45783          	lhu	a5,-38(s0)
   154a0:	8385                	srli	a5,a5,0x1
   154a2:	fef41523          	sh	a5,-22(s0)
   154a6:	fda45783          	lhu	a5,-38(s0)
   154aa:	8385                	srli	a5,a5,0x1
   154ac:	9fe9                	zext.h	a5,a5
   154ae:	0785                	addi	a5,a5,1
   154b0:	fef41423          	sh	a5,-24(s0)
   154b4:	fe041723          	sh	zero,-18(s0)
   154b8:	ac29                	j	156d2 <riscv_bitreversal_f32+0x258>
   154ba:	fee45703          	lhu	a4,-18(s0)
   154be:	fec45783          	lhu	a5,-20(s0)
   154c2:	14f77263          	bgeu	a4,a5,15606 <riscv_bitreversal_f32+0x18c>
   154c6:	fee45783          	lhu	a5,-18(s0)
   154ca:	078e                	slli	a5,a5,0x3
   154cc:	fdc42703          	lw	a4,-36(s0)
   154d0:	97ba                	add	a5,a5,a4
   154d2:	639c                	flw	fa5,0(a5)
   154d4:	fef42227          	fsw	fa5,-28(s0)
   154d8:	fec45783          	lhu	a5,-20(s0)
   154dc:	078e                	slli	a5,a5,0x3
   154de:	fdc42703          	lw	a4,-36(s0)
   154e2:	973e                	add	a4,a4,a5
   154e4:	fee45783          	lhu	a5,-18(s0)
   154e8:	078e                	slli	a5,a5,0x3
   154ea:	fdc42683          	lw	a3,-36(s0)
   154ee:	97b6                	add	a5,a5,a3
   154f0:	631c                	flw	fa5,0(a4)
   154f2:	e39c                	fsw	fa5,0(a5)
   154f4:	fec45783          	lhu	a5,-20(s0)
   154f8:	078e                	slli	a5,a5,0x3
   154fa:	fdc42703          	lw	a4,-36(s0)
   154fe:	97ba                	add	a5,a5,a4
   15500:	fe442787          	flw	fa5,-28(s0)
   15504:	e39c                	fsw	fa5,0(a5)
   15506:	fee45783          	lhu	a5,-18(s0)
   1550a:	078e                	slli	a5,a5,0x3
   1550c:	0791                	addi	a5,a5,4
   1550e:	fdc42703          	lw	a4,-36(s0)
   15512:	97ba                	add	a5,a5,a4
   15514:	639c                	flw	fa5,0(a5)
   15516:	fef42227          	fsw	fa5,-28(s0)
   1551a:	fec45783          	lhu	a5,-20(s0)
   1551e:	078e                	slli	a5,a5,0x3
   15520:	0791                	addi	a5,a5,4
   15522:	fdc42703          	lw	a4,-36(s0)
   15526:	973e                	add	a4,a4,a5
   15528:	fee45783          	lhu	a5,-18(s0)
   1552c:	078e                	slli	a5,a5,0x3
   1552e:	0791                	addi	a5,a5,4
   15530:	fdc42683          	lw	a3,-36(s0)
   15534:	97b6                	add	a5,a5,a3
   15536:	631c                	flw	fa5,0(a4)
   15538:	e39c                	fsw	fa5,0(a5)
   1553a:	fec45783          	lhu	a5,-20(s0)
   1553e:	078e                	slli	a5,a5,0x3
   15540:	0791                	addi	a5,a5,4
   15542:	fdc42703          	lw	a4,-36(s0)
   15546:	97ba                	add	a5,a5,a4
   15548:	fe442787          	flw	fa5,-28(s0)
   1554c:	e39c                	fsw	fa5,0(a5)
   1554e:	fee45703          	lhu	a4,-18(s0)
   15552:	fe845783          	lhu	a5,-24(s0)
   15556:	97ba                	add	a5,a5,a4
   15558:	078e                	slli	a5,a5,0x3
   1555a:	fdc42703          	lw	a4,-36(s0)
   1555e:	97ba                	add	a5,a5,a4
   15560:	639c                	flw	fa5,0(a5)
   15562:	fef42227          	fsw	fa5,-28(s0)
   15566:	fec45703          	lhu	a4,-20(s0)
   1556a:	fe845783          	lhu	a5,-24(s0)
   1556e:	97ba                	add	a5,a5,a4
   15570:	078e                	slli	a5,a5,0x3
   15572:	fdc42703          	lw	a4,-36(s0)
   15576:	973e                	add	a4,a4,a5
   15578:	fee45683          	lhu	a3,-18(s0)
   1557c:	fe845783          	lhu	a5,-24(s0)
   15580:	97b6                	add	a5,a5,a3
   15582:	078e                	slli	a5,a5,0x3
   15584:	fdc42683          	lw	a3,-36(s0)
   15588:	97b6                	add	a5,a5,a3
   1558a:	631c                	flw	fa5,0(a4)
   1558c:	e39c                	fsw	fa5,0(a5)
   1558e:	fec45703          	lhu	a4,-20(s0)
   15592:	fe845783          	lhu	a5,-24(s0)
   15596:	97ba                	add	a5,a5,a4
   15598:	078e                	slli	a5,a5,0x3
   1559a:	fdc42703          	lw	a4,-36(s0)
   1559e:	97ba                	add	a5,a5,a4
   155a0:	fe442787          	flw	fa5,-28(s0)
   155a4:	e39c                	fsw	fa5,0(a5)
   155a6:	fee45703          	lhu	a4,-18(s0)
   155aa:	fe845783          	lhu	a5,-24(s0)
   155ae:	97ba                	add	a5,a5,a4
   155b0:	078e                	slli	a5,a5,0x3
   155b2:	0791                	addi	a5,a5,4
   155b4:	fdc42703          	lw	a4,-36(s0)
   155b8:	97ba                	add	a5,a5,a4
   155ba:	639c                	flw	fa5,0(a5)
   155bc:	fef42227          	fsw	fa5,-28(s0)
   155c0:	fec45703          	lhu	a4,-20(s0)
   155c4:	fe845783          	lhu	a5,-24(s0)
   155c8:	97ba                	add	a5,a5,a4
   155ca:	078e                	slli	a5,a5,0x3
   155cc:	0791                	addi	a5,a5,4
   155ce:	fdc42703          	lw	a4,-36(s0)
   155d2:	973e                	add	a4,a4,a5
   155d4:	fee45683          	lhu	a3,-18(s0)
   155d8:	fe845783          	lhu	a5,-24(s0)
   155dc:	97b6                	add	a5,a5,a3
   155de:	078e                	slli	a5,a5,0x3
   155e0:	0791                	addi	a5,a5,4
   155e2:	fdc42683          	lw	a3,-36(s0)
   155e6:	97b6                	add	a5,a5,a3
   155e8:	631c                	flw	fa5,0(a4)
   155ea:	e39c                	fsw	fa5,0(a5)
   155ec:	fec45703          	lhu	a4,-20(s0)
   155f0:	fe845783          	lhu	a5,-24(s0)
   155f4:	97ba                	add	a5,a5,a4
   155f6:	078e                	slli	a5,a5,0x3
   155f8:	0791                	addi	a5,a5,4
   155fa:	fdc42703          	lw	a4,-36(s0)
   155fe:	97ba                	add	a5,a5,a4
   15600:	fe442787          	flw	fa5,-28(s0)
   15604:	e39c                	fsw	fa5,0(a5)
   15606:	fee45783          	lhu	a5,-18(s0)
   1560a:	0785                	addi	a5,a5,1
   1560c:	078e                	slli	a5,a5,0x3
   1560e:	fdc42703          	lw	a4,-36(s0)
   15612:	97ba                	add	a5,a5,a4
   15614:	639c                	flw	fa5,0(a5)
   15616:	fef42227          	fsw	fa5,-28(s0)
   1561a:	fec45703          	lhu	a4,-20(s0)
   1561e:	fea45783          	lhu	a5,-22(s0)
   15622:	97ba                	add	a5,a5,a4
   15624:	078e                	slli	a5,a5,0x3
   15626:	fdc42703          	lw	a4,-36(s0)
   1562a:	973e                	add	a4,a4,a5
   1562c:	fee45783          	lhu	a5,-18(s0)
   15630:	0785                	addi	a5,a5,1
   15632:	078e                	slli	a5,a5,0x3
   15634:	fdc42683          	lw	a3,-36(s0)
   15638:	97b6                	add	a5,a5,a3
   1563a:	631c                	flw	fa5,0(a4)
   1563c:	e39c                	fsw	fa5,0(a5)
   1563e:	fec45703          	lhu	a4,-20(s0)
   15642:	fea45783          	lhu	a5,-22(s0)
   15646:	97ba                	add	a5,a5,a4
   15648:	078e                	slli	a5,a5,0x3
   1564a:	fdc42703          	lw	a4,-36(s0)
   1564e:	97ba                	add	a5,a5,a4
   15650:	fe442787          	flw	fa5,-28(s0)
   15654:	e39c                	fsw	fa5,0(a5)
   15656:	fee45783          	lhu	a5,-18(s0)
   1565a:	0785                	addi	a5,a5,1
   1565c:	078e                	slli	a5,a5,0x3
   1565e:	0791                	addi	a5,a5,4
   15660:	fdc42703          	lw	a4,-36(s0)
   15664:	97ba                	add	a5,a5,a4
   15666:	639c                	flw	fa5,0(a5)
   15668:	fef42227          	fsw	fa5,-28(s0)
   1566c:	fec45703          	lhu	a4,-20(s0)
   15670:	fea45783          	lhu	a5,-22(s0)
   15674:	97ba                	add	a5,a5,a4
   15676:	078e                	slli	a5,a5,0x3
   15678:	0791                	addi	a5,a5,4
   1567a:	fdc42703          	lw	a4,-36(s0)
   1567e:	973e                	add	a4,a4,a5
   15680:	fee45783          	lhu	a5,-18(s0)
   15684:	0785                	addi	a5,a5,1
   15686:	078e                	slli	a5,a5,0x3
   15688:	0791                	addi	a5,a5,4
   1568a:	fdc42683          	lw	a3,-36(s0)
   1568e:	97b6                	add	a5,a5,a3
   15690:	631c                	flw	fa5,0(a4)
   15692:	e39c                	fsw	fa5,0(a5)
   15694:	fec45703          	lhu	a4,-20(s0)
   15698:	fea45783          	lhu	a5,-22(s0)
   1569c:	97ba                	add	a5,a5,a4
   1569e:	078e                	slli	a5,a5,0x3
   156a0:	0791                	addi	a5,a5,4
   156a2:	fdc42703          	lw	a4,-36(s0)
   156a6:	97ba                	add	a5,a5,a4
   156a8:	fe442787          	flw	fa5,-28(s0)
   156ac:	e39c                	fsw	fa5,0(a5)
   156ae:	fd442783          	lw	a5,-44(s0)
   156b2:	879c                	lhu	a5,0(a5)
   156b4:	fef41623          	sh	a5,-20(s0)
   156b8:	fd845783          	lhu	a5,-40(s0)
   156bc:	0786                	slli	a5,a5,0x1
   156be:	fd442703          	lw	a4,-44(s0)
   156c2:	97ba                	add	a5,a5,a4
   156c4:	fcf42a23          	sw	a5,-44(s0)
   156c8:	fee45783          	lhu	a5,-18(s0)
   156cc:	0789                	addi	a5,a5,2
   156ce:	fef41723          	sh	a5,-18(s0)
   156d2:	fee45703          	lhu	a4,-18(s0)
   156d6:	fea45783          	lhu	a5,-22(s0)
   156da:	17f9                	addi	a5,a5,-2
   156dc:	dce7ffe3          	bgeu	a5,a4,154ba <riscv_bitreversal_f32+0x40>
   156e0:	0001                	nop
   156e2:	0001                	nop
   156e4:	50b2                	lw	ra,44(sp)
   156e6:	5422                	lw	s0,40(sp)
   156e8:	6145                	addi	sp,sp,48
   156ea:	8082                	ret

000156ec <riscv_bitreversal_q31>:
   156ec:	7139                	addi	sp,sp,-64
   156ee:	de06                	sw	ra,60(sp)
   156f0:	dc22                	sw	s0,56(sp)
   156f2:	0080                	addi	s0,sp,64
   156f4:	fca42623          	sw	a0,-52(s0)
   156f8:	fcb42423          	sw	a1,-56(s0)
   156fc:	87b2                	mv	a5,a2
   156fe:	fcd42023          	sw	a3,-64(s0)
   15702:	fcf41323          	sh	a5,-58(s0)
   15706:	fe042423          	sw	zero,-24(s0)
   1570a:	fc842783          	lw	a5,-56(s0)
   1570e:	8385                	srli	a5,a5,0x1
   15710:	fef42223          	sw	a5,-28(s0)
   15714:	fc842783          	lw	a5,-56(s0)
   15718:	8385                	srli	a5,a5,0x1
   1571a:	0785                	addi	a5,a5,1
   1571c:	fef42023          	sw	a5,-32(s0)
   15720:	fe042623          	sw	zero,-20(s0)
   15724:	ac29                	j	1593e <riscv_bitreversal_q31+0x252>
   15726:	fec42703          	lw	a4,-20(s0)
   1572a:	fe842783          	lw	a5,-24(s0)
   1572e:	14f77263          	bgeu	a4,a5,15872 <riscv_bitreversal_q31+0x186>
   15732:	fec42783          	lw	a5,-20(s0)
   15736:	078e                	slli	a5,a5,0x3
   15738:	fcc42703          	lw	a4,-52(s0)
   1573c:	97ba                	add	a5,a5,a4
   1573e:	439c                	lw	a5,0(a5)
   15740:	fcf42e23          	sw	a5,-36(s0)
   15744:	fe842783          	lw	a5,-24(s0)
   15748:	078e                	slli	a5,a5,0x3
   1574a:	fcc42703          	lw	a4,-52(s0)
   1574e:	973e                	add	a4,a4,a5
   15750:	fec42783          	lw	a5,-20(s0)
   15754:	078e                	slli	a5,a5,0x3
   15756:	fcc42683          	lw	a3,-52(s0)
   1575a:	97b6                	add	a5,a5,a3
   1575c:	4318                	lw	a4,0(a4)
   1575e:	c398                	sw	a4,0(a5)
   15760:	fe842783          	lw	a5,-24(s0)
   15764:	078e                	slli	a5,a5,0x3
   15766:	fcc42703          	lw	a4,-52(s0)
   1576a:	97ba                	add	a5,a5,a4
   1576c:	fdc42703          	lw	a4,-36(s0)
   15770:	c398                	sw	a4,0(a5)
   15772:	fec42783          	lw	a5,-20(s0)
   15776:	078e                	slli	a5,a5,0x3
   15778:	0791                	addi	a5,a5,4
   1577a:	fcc42703          	lw	a4,-52(s0)
   1577e:	97ba                	add	a5,a5,a4
   15780:	439c                	lw	a5,0(a5)
   15782:	fcf42e23          	sw	a5,-36(s0)
   15786:	fe842783          	lw	a5,-24(s0)
   1578a:	078e                	slli	a5,a5,0x3
   1578c:	0791                	addi	a5,a5,4
   1578e:	fcc42703          	lw	a4,-52(s0)
   15792:	973e                	add	a4,a4,a5
   15794:	fec42783          	lw	a5,-20(s0)
   15798:	078e                	slli	a5,a5,0x3
   1579a:	0791                	addi	a5,a5,4
   1579c:	fcc42683          	lw	a3,-52(s0)
   157a0:	97b6                	add	a5,a5,a3
   157a2:	4318                	lw	a4,0(a4)
   157a4:	c398                	sw	a4,0(a5)
   157a6:	fe842783          	lw	a5,-24(s0)
   157aa:	078e                	slli	a5,a5,0x3
   157ac:	0791                	addi	a5,a5,4
   157ae:	fcc42703          	lw	a4,-52(s0)
   157b2:	97ba                	add	a5,a5,a4
   157b4:	fdc42703          	lw	a4,-36(s0)
   157b8:	c398                	sw	a4,0(a5)
   157ba:	fec42703          	lw	a4,-20(s0)
   157be:	fe042783          	lw	a5,-32(s0)
   157c2:	97ba                	add	a5,a5,a4
   157c4:	078e                	slli	a5,a5,0x3
   157c6:	fcc42703          	lw	a4,-52(s0)
   157ca:	97ba                	add	a5,a5,a4
   157cc:	439c                	lw	a5,0(a5)
   157ce:	fcf42e23          	sw	a5,-36(s0)
   157d2:	fe842703          	lw	a4,-24(s0)
   157d6:	fe042783          	lw	a5,-32(s0)
   157da:	97ba                	add	a5,a5,a4
   157dc:	078e                	slli	a5,a5,0x3
   157de:	fcc42703          	lw	a4,-52(s0)
   157e2:	973e                	add	a4,a4,a5
   157e4:	fec42683          	lw	a3,-20(s0)
   157e8:	fe042783          	lw	a5,-32(s0)
   157ec:	97b6                	add	a5,a5,a3
   157ee:	078e                	slli	a5,a5,0x3
   157f0:	fcc42683          	lw	a3,-52(s0)
   157f4:	97b6                	add	a5,a5,a3
   157f6:	4318                	lw	a4,0(a4)
   157f8:	c398                	sw	a4,0(a5)
   157fa:	fe842703          	lw	a4,-24(s0)
   157fe:	fe042783          	lw	a5,-32(s0)
   15802:	97ba                	add	a5,a5,a4
   15804:	078e                	slli	a5,a5,0x3
   15806:	fcc42703          	lw	a4,-52(s0)
   1580a:	97ba                	add	a5,a5,a4
   1580c:	fdc42703          	lw	a4,-36(s0)
   15810:	c398                	sw	a4,0(a5)
   15812:	fec42703          	lw	a4,-20(s0)
   15816:	fe042783          	lw	a5,-32(s0)
   1581a:	97ba                	add	a5,a5,a4
   1581c:	078e                	slli	a5,a5,0x3
   1581e:	0791                	addi	a5,a5,4
   15820:	fcc42703          	lw	a4,-52(s0)
   15824:	97ba                	add	a5,a5,a4
   15826:	439c                	lw	a5,0(a5)
   15828:	fcf42e23          	sw	a5,-36(s0)
   1582c:	fe842703          	lw	a4,-24(s0)
   15830:	fe042783          	lw	a5,-32(s0)
   15834:	97ba                	add	a5,a5,a4
   15836:	078e                	slli	a5,a5,0x3
   15838:	0791                	addi	a5,a5,4
   1583a:	fcc42703          	lw	a4,-52(s0)
   1583e:	973e                	add	a4,a4,a5
   15840:	fec42683          	lw	a3,-20(s0)
   15844:	fe042783          	lw	a5,-32(s0)
   15848:	97b6                	add	a5,a5,a3
   1584a:	078e                	slli	a5,a5,0x3
   1584c:	0791                	addi	a5,a5,4
   1584e:	fcc42683          	lw	a3,-52(s0)
   15852:	97b6                	add	a5,a5,a3
   15854:	4318                	lw	a4,0(a4)
   15856:	c398                	sw	a4,0(a5)
   15858:	fe842703          	lw	a4,-24(s0)
   1585c:	fe042783          	lw	a5,-32(s0)
   15860:	97ba                	add	a5,a5,a4
   15862:	078e                	slli	a5,a5,0x3
   15864:	0791                	addi	a5,a5,4
   15866:	fcc42703          	lw	a4,-52(s0)
   1586a:	97ba                	add	a5,a5,a4
   1586c:	fdc42703          	lw	a4,-36(s0)
   15870:	c398                	sw	a4,0(a5)
   15872:	fec42783          	lw	a5,-20(s0)
   15876:	0785                	addi	a5,a5,1
   15878:	078e                	slli	a5,a5,0x3
   1587a:	fcc42703          	lw	a4,-52(s0)
   1587e:	97ba                	add	a5,a5,a4
   15880:	439c                	lw	a5,0(a5)
   15882:	fcf42e23          	sw	a5,-36(s0)
   15886:	fe842703          	lw	a4,-24(s0)
   1588a:	fe442783          	lw	a5,-28(s0)
   1588e:	97ba                	add	a5,a5,a4
   15890:	078e                	slli	a5,a5,0x3
   15892:	fcc42703          	lw	a4,-52(s0)
   15896:	973e                	add	a4,a4,a5
   15898:	fec42783          	lw	a5,-20(s0)
   1589c:	0785                	addi	a5,a5,1
   1589e:	078e                	slli	a5,a5,0x3
   158a0:	fcc42683          	lw	a3,-52(s0)
   158a4:	97b6                	add	a5,a5,a3
   158a6:	4318                	lw	a4,0(a4)
   158a8:	c398                	sw	a4,0(a5)
   158aa:	fe842703          	lw	a4,-24(s0)
   158ae:	fe442783          	lw	a5,-28(s0)
   158b2:	97ba                	add	a5,a5,a4
   158b4:	078e                	slli	a5,a5,0x3
   158b6:	fcc42703          	lw	a4,-52(s0)
   158ba:	97ba                	add	a5,a5,a4
   158bc:	fdc42703          	lw	a4,-36(s0)
   158c0:	c398                	sw	a4,0(a5)
   158c2:	fec42783          	lw	a5,-20(s0)
   158c6:	0785                	addi	a5,a5,1
   158c8:	078e                	slli	a5,a5,0x3
   158ca:	0791                	addi	a5,a5,4
   158cc:	fcc42703          	lw	a4,-52(s0)
   158d0:	97ba                	add	a5,a5,a4
   158d2:	439c                	lw	a5,0(a5)
   158d4:	fcf42e23          	sw	a5,-36(s0)
   158d8:	fe842703          	lw	a4,-24(s0)
   158dc:	fe442783          	lw	a5,-28(s0)
   158e0:	97ba                	add	a5,a5,a4
   158e2:	078e                	slli	a5,a5,0x3
   158e4:	0791                	addi	a5,a5,4
   158e6:	fcc42703          	lw	a4,-52(s0)
   158ea:	973e                	add	a4,a4,a5
   158ec:	fec42783          	lw	a5,-20(s0)
   158f0:	0785                	addi	a5,a5,1
   158f2:	078e                	slli	a5,a5,0x3
   158f4:	0791                	addi	a5,a5,4
   158f6:	fcc42683          	lw	a3,-52(s0)
   158fa:	97b6                	add	a5,a5,a3
   158fc:	4318                	lw	a4,0(a4)
   158fe:	c398                	sw	a4,0(a5)
   15900:	fe842703          	lw	a4,-24(s0)
   15904:	fe442783          	lw	a5,-28(s0)
   15908:	97ba                	add	a5,a5,a4
   1590a:	078e                	slli	a5,a5,0x3
   1590c:	0791                	addi	a5,a5,4
   1590e:	fcc42703          	lw	a4,-52(s0)
   15912:	97ba                	add	a5,a5,a4
   15914:	fdc42703          	lw	a4,-36(s0)
   15918:	c398                	sw	a4,0(a5)
   1591a:	fc042783          	lw	a5,-64(s0)
   1591e:	879c                	lhu	a5,0(a5)
   15920:	fef42423          	sw	a5,-24(s0)
   15924:	fc645783          	lhu	a5,-58(s0)
   15928:	0786                	slli	a5,a5,0x1
   1592a:	fc042703          	lw	a4,-64(s0)
   1592e:	97ba                	add	a5,a5,a4
   15930:	fcf42023          	sw	a5,-64(s0)
   15934:	fec42783          	lw	a5,-20(s0)
   15938:	0789                	addi	a5,a5,2
   1593a:	fef42623          	sw	a5,-20(s0)
   1593e:	fe442783          	lw	a5,-28(s0)
   15942:	17f9                	addi	a5,a5,-2
   15944:	fec42703          	lw	a4,-20(s0)
   15948:	dce7ffe3          	bgeu	a5,a4,15726 <riscv_bitreversal_q31+0x3a>
   1594c:	0001                	nop
   1594e:	0001                	nop
   15950:	50f2                	lw	ra,60(sp)
   15952:	5462                	lw	s0,56(sp)
   15954:	6121                	addi	sp,sp,64
   15956:	8082                	ret

00015958 <riscv_bitreversal_q15>:
   15958:	7139                	addi	sp,sp,-64
   1595a:	de06                	sw	ra,60(sp)
   1595c:	dc22                	sw	s0,56(sp)
   1595e:	0080                	addi	s0,sp,64
   15960:	fca42623          	sw	a0,-52(s0)
   15964:	fcb42423          	sw	a1,-56(s0)
   15968:	87b2                	mv	a5,a2
   1596a:	fcd42023          	sw	a3,-64(s0)
   1596e:	fcf41323          	sh	a5,-58(s0)
   15972:	fcc42783          	lw	a5,-52(s0)
   15976:	fef42223          	sw	a5,-28(s0)
   1597a:	fe042423          	sw	zero,-24(s0)
   1597e:	fc842783          	lw	a5,-56(s0)
   15982:	8385                	srli	a5,a5,0x1
   15984:	fef42023          	sw	a5,-32(s0)
   15988:	fc842783          	lw	a5,-56(s0)
   1598c:	8385                	srli	a5,a5,0x1
   1598e:	0785                	addi	a5,a5,1
   15990:	fcf42e23          	sw	a5,-36(s0)
   15994:	fe042623          	sw	zero,-20(s0)
   15998:	aa29                	j	15ab2 <riscv_bitreversal_q15+0x15a>
   1599a:	fec42703          	lw	a4,-20(s0)
   1599e:	fe842783          	lw	a5,-24(s0)
   159a2:	08f77e63          	bgeu	a4,a5,15a3e <riscv_bitreversal_q15+0xe6>
   159a6:	fec42783          	lw	a5,-20(s0)
   159aa:	078a                	slli	a5,a5,0x2
   159ac:	fe442703          	lw	a4,-28(s0)
   159b0:	97ba                	add	a5,a5,a4
   159b2:	439c                	lw	a5,0(a5)
   159b4:	fcf42c23          	sw	a5,-40(s0)
   159b8:	fe842783          	lw	a5,-24(s0)
   159bc:	078a                	slli	a5,a5,0x2
   159be:	fe442703          	lw	a4,-28(s0)
   159c2:	973e                	add	a4,a4,a5
   159c4:	fec42783          	lw	a5,-20(s0)
   159c8:	078a                	slli	a5,a5,0x2
   159ca:	fe442683          	lw	a3,-28(s0)
   159ce:	97b6                	add	a5,a5,a3
   159d0:	4318                	lw	a4,0(a4)
   159d2:	c398                	sw	a4,0(a5)
   159d4:	fe842783          	lw	a5,-24(s0)
   159d8:	078a                	slli	a5,a5,0x2
   159da:	fe442703          	lw	a4,-28(s0)
   159de:	97ba                	add	a5,a5,a4
   159e0:	fd842703          	lw	a4,-40(s0)
   159e4:	c398                	sw	a4,0(a5)
   159e6:	fec42703          	lw	a4,-20(s0)
   159ea:	fdc42783          	lw	a5,-36(s0)
   159ee:	97ba                	add	a5,a5,a4
   159f0:	078a                	slli	a5,a5,0x2
   159f2:	fe442703          	lw	a4,-28(s0)
   159f6:	97ba                	add	a5,a5,a4
   159f8:	439c                	lw	a5,0(a5)
   159fa:	fcf42c23          	sw	a5,-40(s0)
   159fe:	fe842703          	lw	a4,-24(s0)
   15a02:	fdc42783          	lw	a5,-36(s0)
   15a06:	97ba                	add	a5,a5,a4
   15a08:	078a                	slli	a5,a5,0x2
   15a0a:	fe442703          	lw	a4,-28(s0)
   15a0e:	973e                	add	a4,a4,a5
   15a10:	fec42683          	lw	a3,-20(s0)
   15a14:	fdc42783          	lw	a5,-36(s0)
   15a18:	97b6                	add	a5,a5,a3
   15a1a:	078a                	slli	a5,a5,0x2
   15a1c:	fe442683          	lw	a3,-28(s0)
   15a20:	97b6                	add	a5,a5,a3
   15a22:	4318                	lw	a4,0(a4)
   15a24:	c398                	sw	a4,0(a5)
   15a26:	fe842703          	lw	a4,-24(s0)
   15a2a:	fdc42783          	lw	a5,-36(s0)
   15a2e:	97ba                	add	a5,a5,a4
   15a30:	078a                	slli	a5,a5,0x2
   15a32:	fe442703          	lw	a4,-28(s0)
   15a36:	97ba                	add	a5,a5,a4
   15a38:	fd842703          	lw	a4,-40(s0)
   15a3c:	c398                	sw	a4,0(a5)
   15a3e:	fec42783          	lw	a5,-20(s0)
   15a42:	0785                	addi	a5,a5,1
   15a44:	078a                	slli	a5,a5,0x2
   15a46:	fe442703          	lw	a4,-28(s0)
   15a4a:	97ba                	add	a5,a5,a4
   15a4c:	439c                	lw	a5,0(a5)
   15a4e:	fcf42c23          	sw	a5,-40(s0)
   15a52:	fe842703          	lw	a4,-24(s0)
   15a56:	fe042783          	lw	a5,-32(s0)
   15a5a:	97ba                	add	a5,a5,a4
   15a5c:	078a                	slli	a5,a5,0x2
   15a5e:	fe442703          	lw	a4,-28(s0)
   15a62:	973e                	add	a4,a4,a5
   15a64:	fec42783          	lw	a5,-20(s0)
   15a68:	0785                	addi	a5,a5,1
   15a6a:	078a                	slli	a5,a5,0x2
   15a6c:	fe442683          	lw	a3,-28(s0)
   15a70:	97b6                	add	a5,a5,a3
   15a72:	4318                	lw	a4,0(a4)
   15a74:	c398                	sw	a4,0(a5)
   15a76:	fe842703          	lw	a4,-24(s0)
   15a7a:	fe042783          	lw	a5,-32(s0)
   15a7e:	97ba                	add	a5,a5,a4
   15a80:	078a                	slli	a5,a5,0x2
   15a82:	fe442703          	lw	a4,-28(s0)
   15a86:	97ba                	add	a5,a5,a4
   15a88:	fd842703          	lw	a4,-40(s0)
   15a8c:	c398                	sw	a4,0(a5)
   15a8e:	fc042783          	lw	a5,-64(s0)
   15a92:	879c                	lhu	a5,0(a5)
   15a94:	fef42423          	sw	a5,-24(s0)
   15a98:	fc645783          	lhu	a5,-58(s0)
   15a9c:	0786                	slli	a5,a5,0x1
   15a9e:	fc042703          	lw	a4,-64(s0)
   15aa2:	97ba                	add	a5,a5,a4
   15aa4:	fcf42023          	sw	a5,-64(s0)
   15aa8:	fec42783          	lw	a5,-20(s0)
   15aac:	0789                	addi	a5,a5,2
   15aae:	fef42623          	sw	a5,-20(s0)
   15ab2:	fe042783          	lw	a5,-32(s0)
   15ab6:	17f9                	addi	a5,a5,-2
   15ab8:	fec42703          	lw	a4,-20(s0)
   15abc:	ece7ffe3          	bgeu	a5,a4,1599a <riscv_bitreversal_q15+0x42>
   15ac0:	0001                	nop
   15ac2:	0001                	nop
   15ac4:	50f2                	lw	ra,60(sp)
   15ac6:	5462                	lw	s0,56(sp)
   15ac8:	6121                	addi	sp,sp,64
   15aca:	8082                	ret

00015acc <riscv_mult_f32>:
   15acc:	7179                	addi	sp,sp,-48
   15ace:	d606                	sw	ra,44(sp)
   15ad0:	d422                	sw	s0,40(sp)
   15ad2:	1800                	addi	s0,sp,48
   15ad4:	fca42e23          	sw	a0,-36(s0)
   15ad8:	fcb42c23          	sw	a1,-40(s0)
   15adc:	fcc42a23          	sw	a2,-44(s0)
   15ae0:	fcd42823          	sw	a3,-48(s0)
   15ae4:	fd042783          	lw	a5,-48(s0)
   15ae8:	fef42623          	sw	a5,-20(s0)
   15aec:	a82d                	j	15b26 <riscv_mult_f32+0x5a>
   15aee:	fdc42783          	lw	a5,-36(s0)
   15af2:	00478713          	addi	a4,a5,4
   15af6:	fce42e23          	sw	a4,-36(s0)
   15afa:	6398                	flw	fa4,0(a5)
   15afc:	fd842783          	lw	a5,-40(s0)
   15b00:	00478713          	addi	a4,a5,4
   15b04:	fce42c23          	sw	a4,-40(s0)
   15b08:	639c                	flw	fa5,0(a5)
   15b0a:	fd442783          	lw	a5,-44(s0)
   15b0e:	00478713          	addi	a4,a5,4
   15b12:	fce42a23          	sw	a4,-44(s0)
   15b16:	10f777d3          	fmul.s	fa5,fa4,fa5
   15b1a:	e39c                	fsw	fa5,0(a5)
   15b1c:	fec42783          	lw	a5,-20(s0)
   15b20:	17fd                	addi	a5,a5,-1
   15b22:	fef42623          	sw	a5,-20(s0)
   15b26:	fec42783          	lw	a5,-20(s0)
   15b2a:	f3f1                	bnez	a5,15aee <riscv_mult_f32+0x22>
   15b2c:	0001                	nop
   15b2e:	0001                	nop
   15b30:	50b2                	lw	ra,44(sp)
   15b32:	5422                	lw	s0,40(sp)
   15b34:	6145                	addi	sp,sp,48
   15b36:	8082                	ret

00015b38 <riscv_rfft_f32>:
   15b38:	7179                	addi	sp,sp,-48
   15b3a:	d606                	sw	ra,44(sp)
   15b3c:	d422                	sw	s0,40(sp)
   15b3e:	1800                	addi	s0,sp,48
   15b40:	fca42e23          	sw	a0,-36(s0)
   15b44:	fcb42c23          	sw	a1,-40(s0)
   15b48:	fcc42a23          	sw	a2,-44(s0)
   15b4c:	fdc42783          	lw	a5,-36(s0)
   15b50:	4bdc                	lw	a5,20(a5)
   15b52:	fef42623          	sw	a5,-20(s0)
   15b56:	fdc42783          	lw	a5,-36(s0)
   15b5a:	0067c703          	lbu	a4,6(a5)
   15b5e:	4785                	li	a5,1
   15b60:	08f71163          	bne	a4,a5,15be2 <riscv_rfft_f32+0xaa>
   15b64:	fdc42783          	lw	a5,-36(s0)
   15b68:	0047d783          	lhu	a5,4(a5)
   15b6c:	85be                	mv	a1,a5
   15b6e:	fdc42783          	lw	a5,-36(s0)
   15b72:	47d0                	lw	a2,12(a5)
   15b74:	fdc42783          	lw	a5,-36(s0)
   15b78:	4b94                	lw	a3,16(a5)
   15b7a:	fdc42783          	lw	a5,-36(s0)
   15b7e:	479c                	lw	a5,8(a5)
   15b80:	fd442703          	lw	a4,-44(s0)
   15b84:	fd842503          	lw	a0,-40(s0)
   15b88:	2e05                	jal	15eb8 <riscv_split_rifft_f32>
   15b8a:	fec42783          	lw	a5,-20(s0)
   15b8e:	8798                	lhu	a4,0(a5)
   15b90:	fec42783          	lw	a5,-20(s0)
   15b94:	43d0                	lw	a2,4(a5)
   15b96:	fec42783          	lw	a5,-20(s0)
   15b9a:	00c7d683          	lhu	a3,12(a5)
   15b9e:	fec42783          	lw	a5,-20(s0)
   15ba2:	6b9c                	flw	fa5,16(a5)
   15ba4:	20f78553          	fmv.s	fa0,fa5
   15ba8:	85ba                	mv	a1,a4
   15baa:	fd442503          	lw	a0,-44(s0)
   15bae:	d97fe0ef          	jal	14944 <riscv_radix4_butterfly_inverse_f32>
   15bb2:	fdc42783          	lw	a5,-36(s0)
   15bb6:	0077c703          	lbu	a4,7(a5)
   15bba:	4785                	li	a5,1
   15bbc:	08f71d63          	bne	a4,a5,15c56 <riscv_rfft_f32+0x11e>
   15bc0:	fec42783          	lw	a5,-20(s0)
   15bc4:	8798                	lhu	a4,0(a5)
   15bc6:	fec42783          	lw	a5,-20(s0)
   15bca:	00e7d603          	lhu	a2,14(a5)
   15bce:	fec42783          	lw	a5,-20(s0)
   15bd2:	479c                	lw	a5,8(a5)
   15bd4:	86be                	mv	a3,a5
   15bd6:	85ba                	mv	a1,a4
   15bd8:	fd442503          	lw	a0,-44(s0)
   15bdc:	89fff0ef          	jal	1547a <riscv_bitreversal_f32>
   15be0:	a89d                	j	15c56 <riscv_rfft_f32+0x11e>
   15be2:	fec42783          	lw	a5,-20(s0)
   15be6:	8798                	lhu	a4,0(a5)
   15be8:	fec42783          	lw	a5,-20(s0)
   15bec:	43d0                	lw	a2,4(a5)
   15bee:	fec42783          	lw	a5,-20(s0)
   15bf2:	00c7d783          	lhu	a5,12(a5)
   15bf6:	86be                	mv	a3,a5
   15bf8:	85ba                	mv	a1,a4
   15bfa:	fd842503          	lw	a0,-40(s0)
   15bfe:	907fe0ef          	jal	14504 <riscv_radix4_butterfly_f32>
   15c02:	fdc42783          	lw	a5,-36(s0)
   15c06:	0077c703          	lbu	a4,7(a5)
   15c0a:	4785                	li	a5,1
   15c0c:	02f71263          	bne	a4,a5,15c30 <riscv_rfft_f32+0xf8>
   15c10:	fec42783          	lw	a5,-20(s0)
   15c14:	8798                	lhu	a4,0(a5)
   15c16:	fec42783          	lw	a5,-20(s0)
   15c1a:	00e7d603          	lhu	a2,14(a5)
   15c1e:	fec42783          	lw	a5,-20(s0)
   15c22:	479c                	lw	a5,8(a5)
   15c24:	86be                	mv	a3,a5
   15c26:	85ba                	mv	a1,a4
   15c28:	fd842503          	lw	a0,-40(s0)
   15c2c:	84fff0ef          	jal	1547a <riscv_bitreversal_f32>
   15c30:	fdc42783          	lw	a5,-36(s0)
   15c34:	0047d783          	lhu	a5,4(a5)
   15c38:	85be                	mv	a1,a5
   15c3a:	fdc42783          	lw	a5,-36(s0)
   15c3e:	47d0                	lw	a2,12(a5)
   15c40:	fdc42783          	lw	a5,-36(s0)
   15c44:	4b94                	lw	a3,16(a5)
   15c46:	fdc42783          	lw	a5,-36(s0)
   15c4a:	479c                	lw	a5,8(a5)
   15c4c:	fd442703          	lw	a4,-44(s0)
   15c50:	fd842503          	lw	a0,-40(s0)
   15c54:	2031                	jal	15c60 <riscv_split_rfft_f32>
   15c56:	0001                	nop
   15c58:	50b2                	lw	ra,44(sp)
   15c5a:	5422                	lw	s0,40(sp)
   15c5c:	6145                	addi	sp,sp,48
   15c5e:	8082                	ret

00015c60 <riscv_split_rfft_f32>:
   15c60:	711d                	addi	sp,sp,-96
   15c62:	ce86                	sw	ra,92(sp)
   15c64:	cca2                	sw	s0,88(sp)
   15c66:	1080                	addi	s0,sp,96
   15c68:	faa42e23          	sw	a0,-68(s0)
   15c6c:	fab42c23          	sw	a1,-72(s0)
   15c70:	fac42a23          	sw	a2,-76(s0)
   15c74:	fad42823          	sw	a3,-80(s0)
   15c78:	fae42623          	sw	a4,-84(s0)
   15c7c:	faf42423          	sw	a5,-88(s0)
   15c80:	fac42783          	lw	a5,-84(s0)
   15c84:	07a1                	addi	a5,a5,8
   15c86:	fef42023          	sw	a5,-32(s0)
   15c8a:	fb842783          	lw	a5,-72(s0)
   15c8e:	0792                	slli	a5,a5,0x4
   15c90:	17f1                	addi	a5,a5,-4
   15c92:	fac42703          	lw	a4,-84(s0)
   15c96:	97ba                	add	a5,a5,a4
   15c98:	fcf42e23          	sw	a5,-36(s0)
   15c9c:	fbc42783          	lw	a5,-68(s0)
   15ca0:	07a1                	addi	a5,a5,8
   15ca2:	fcf42c23          	sw	a5,-40(s0)
   15ca6:	fb842783          	lw	a5,-72(s0)
   15caa:	078e                	slli	a5,a5,0x3
   15cac:	17f1                	addi	a5,a5,-4
   15cae:	fbc42703          	lw	a4,-68(s0)
   15cb2:	97ba                	add	a5,a5,a4
   15cb4:	fcf42a23          	sw	a5,-44(s0)
   15cb8:	fa842783          	lw	a5,-88(s0)
   15cbc:	078e                	slli	a5,a5,0x3
   15cbe:	fb442703          	lw	a4,-76(s0)
   15cc2:	97ba                	add	a5,a5,a4
   15cc4:	fef42423          	sw	a5,-24(s0)
   15cc8:	fa842783          	lw	a5,-88(s0)
   15ccc:	078e                	slli	a5,a5,0x3
   15cce:	fb042703          	lw	a4,-80(s0)
   15cd2:	97ba                	add	a5,a5,a4
   15cd4:	fef42223          	sw	a5,-28(s0)
   15cd8:	fb842783          	lw	a5,-72(s0)
   15cdc:	17fd                	addi	a5,a5,-1
   15cde:	fef42623          	sw	a5,-20(s0)
   15ce2:	aa85                	j	15e52 <riscv_split_rfft_f32+0x1f2>
   15ce4:	fe842783          	lw	a5,-24(s0)
   15ce8:	00478713          	addi	a4,a5,4
   15cec:	fee42423          	sw	a4,-24(s0)
   15cf0:	639c                	flw	fa5,0(a5)
   15cf2:	fcf42827          	fsw	fa5,-48(s0)
   15cf6:	fe842783          	lw	a5,-24(s0)
   15cfa:	639c                	flw	fa5,0(a5)
   15cfc:	fcf42627          	fsw	fa5,-52(s0)
   15d00:	fd842783          	lw	a5,-40(s0)
   15d04:	639c                	flw	fa5,0(a5)
   15d06:	fd042707          	flw	fa4,-48(s0)
   15d0a:	10f777d3          	fmul.s	fa5,fa4,fa5
   15d0e:	fcf42427          	fsw	fa5,-56(s0)
   15d12:	fd842783          	lw	a5,-40(s0)
   15d16:	00478713          	addi	a4,a5,4
   15d1a:	fce42c23          	sw	a4,-40(s0)
   15d1e:	639c                	flw	fa5,0(a5)
   15d20:	fcc42707          	flw	fa4,-52(s0)
   15d24:	10f777d3          	fmul.s	fa5,fa4,fa5
   15d28:	fcf42227          	fsw	fa5,-60(s0)
   15d2c:	fd842783          	lw	a5,-40(s0)
   15d30:	6398                	flw	fa4,0(a5)
   15d32:	fd442783          	lw	a5,-44(s0)
   15d36:	639c                	flw	fa5,0(a5)
   15d38:	00f77753          	fadd.s	fa4,fa4,fa5
   15d3c:	fcc42787          	flw	fa5,-52(s0)
   15d40:	10f777d3          	fmul.s	fa5,fa4,fa5
   15d44:	fc842707          	flw	fa4,-56(s0)
   15d48:	08f777d3          	fsub.s	fa5,fa4,fa5
   15d4c:	fcf42427          	fsw	fa5,-56(s0)
   15d50:	fd842783          	lw	a5,-40(s0)
   15d54:	00478713          	addi	a4,a5,4
   15d58:	fce42c23          	sw	a4,-40(s0)
   15d5c:	6398                	flw	fa4,0(a5)
   15d5e:	fd042787          	flw	fa5,-48(s0)
   15d62:	10f777d3          	fmul.s	fa5,fa4,fa5
   15d66:	fc442707          	flw	fa4,-60(s0)
   15d6a:	00f777d3          	fadd.s	fa5,fa4,fa5
   15d6e:	fcf42227          	fsw	fa5,-60(s0)
   15d72:	fe442783          	lw	a5,-28(s0)
   15d76:	639c                	flw	fa5,0(a5)
   15d78:	fcf42027          	fsw	fa5,-64(s0)
   15d7c:	fd442783          	lw	a5,-44(s0)
   15d80:	ffc78713          	addi	a4,a5,-4
   15d84:	fce42a23          	sw	a4,-44(s0)
   15d88:	6398                	flw	fa4,0(a5)
   15d8a:	fc042787          	flw	fa5,-64(s0)
   15d8e:	10f777d3          	fmul.s	fa5,fa4,fa5
   15d92:	fc442707          	flw	fa4,-60(s0)
   15d96:	08f777d3          	fsub.s	fa5,fa4,fa5
   15d9a:	fcf42227          	fsw	fa5,-60(s0)
   15d9e:	fd442783          	lw	a5,-44(s0)
   15da2:	6398                	flw	fa4,0(a5)
   15da4:	fcc42787          	flw	fa5,-52(s0)
   15da8:	10f777d3          	fmul.s	fa5,fa4,fa5
   15dac:	fc442707          	flw	fa4,-60(s0)
   15db0:	08f777d3          	fsub.s	fa5,fa4,fa5
   15db4:	fcf42227          	fsw	fa5,-60(s0)
   15db8:	fd442783          	lw	a5,-44(s0)
   15dbc:	ffc78713          	addi	a4,a5,-4
   15dc0:	fce42a23          	sw	a4,-44(s0)
   15dc4:	6398                	flw	fa4,0(a5)
   15dc6:	fc042787          	flw	fa5,-64(s0)
   15dca:	10f777d3          	fmul.s	fa5,fa4,fa5
   15dce:	fc842707          	flw	fa4,-56(s0)
   15dd2:	00f777d3          	fadd.s	fa5,fa4,fa5
   15dd6:	fcf42427          	fsw	fa5,-56(s0)
   15dda:	fe042783          	lw	a5,-32(s0)
   15dde:	00478713          	addi	a4,a5,4
   15de2:	fee42023          	sw	a4,-32(s0)
   15de6:	fc842787          	flw	fa5,-56(s0)
   15dea:	e39c                	fsw	fa5,0(a5)
   15dec:	fe042783          	lw	a5,-32(s0)
   15df0:	00478713          	addi	a4,a5,4
   15df4:	fee42023          	sw	a4,-32(s0)
   15df8:	fc442787          	flw	fa5,-60(s0)
   15dfc:	e39c                	fsw	fa5,0(a5)
   15dfe:	fdc42783          	lw	a5,-36(s0)
   15e02:	ffc78713          	addi	a4,a5,-4
   15e06:	fce42e23          	sw	a4,-36(s0)
   15e0a:	fc442787          	flw	fa5,-60(s0)
   15e0e:	20f797d3          	fneg.s	fa5,fa5
   15e12:	e39c                	fsw	fa5,0(a5)
   15e14:	fdc42783          	lw	a5,-36(s0)
   15e18:	ffc78713          	addi	a4,a5,-4
   15e1c:	fce42e23          	sw	a4,-36(s0)
   15e20:	fc842787          	flw	fa5,-56(s0)
   15e24:	e39c                	fsw	fa5,0(a5)
   15e26:	fa842783          	lw	a5,-88(s0)
   15e2a:	078e                	slli	a5,a5,0x3
   15e2c:	fe442703          	lw	a4,-28(s0)
   15e30:	97ba                	add	a5,a5,a4
   15e32:	fef42223          	sw	a5,-28(s0)
   15e36:	fa842783          	lw	a5,-88(s0)
   15e3a:	078e                	slli	a5,a5,0x3
   15e3c:	17f1                	addi	a5,a5,-4
   15e3e:	fe842703          	lw	a4,-24(s0)
   15e42:	97ba                	add	a5,a5,a4
   15e44:	fef42423          	sw	a5,-24(s0)
   15e48:	fec42783          	lw	a5,-20(s0)
   15e4c:	17fd                	addi	a5,a5,-1
   15e4e:	fef42623          	sw	a5,-20(s0)
   15e52:	fec42783          	lw	a5,-20(s0)
   15e56:	e80797e3          	bnez	a5,15ce4 <riscv_split_rfft_f32+0x84>
   15e5a:	fbc42783          	lw	a5,-68(s0)
   15e5e:	6398                	flw	fa4,0(a5)
   15e60:	fbc42783          	lw	a5,-68(s0)
   15e64:	0791                	addi	a5,a5,4
   15e66:	639c                	flw	fa5,0(a5)
   15e68:	fb842783          	lw	a5,-72(s0)
   15e6c:	078e                	slli	a5,a5,0x3
   15e6e:	fac42703          	lw	a4,-84(s0)
   15e72:	97ba                	add	a5,a5,a4
   15e74:	08f777d3          	fsub.s	fa5,fa4,fa5
   15e78:	e39c                	fsw	fa5,0(a5)
   15e7a:	fb842783          	lw	a5,-72(s0)
   15e7e:	078e                	slli	a5,a5,0x3
   15e80:	0791                	addi	a5,a5,4
   15e82:	fac42703          	lw	a4,-84(s0)
   15e86:	97ba                	add	a5,a5,a4
   15e88:	0007a023          	sw	zero,0(a5)
   15e8c:	fbc42783          	lw	a5,-68(s0)
   15e90:	6398                	flw	fa4,0(a5)
   15e92:	fbc42783          	lw	a5,-68(s0)
   15e96:	0791                	addi	a5,a5,4
   15e98:	639c                	flw	fa5,0(a5)
   15e9a:	00f777d3          	fadd.s	fa5,fa4,fa5
   15e9e:	fac42783          	lw	a5,-84(s0)
   15ea2:	e39c                	fsw	fa5,0(a5)
   15ea4:	fac42783          	lw	a5,-84(s0)
   15ea8:	0791                	addi	a5,a5,4
   15eaa:	0007a023          	sw	zero,0(a5)
   15eae:	0001                	nop
   15eb0:	40f6                	lw	ra,92(sp)
   15eb2:	4466                	lw	s0,88(sp)
   15eb4:	6125                	addi	sp,sp,96
   15eb6:	8082                	ret

00015eb8 <riscv_split_rifft_f32>:
   15eb8:	711d                	addi	sp,sp,-96
   15eba:	ce86                	sw	ra,92(sp)
   15ebc:	cca2                	sw	s0,88(sp)
   15ebe:	1080                	addi	s0,sp,96
   15ec0:	faa42e23          	sw	a0,-68(s0)
   15ec4:	fab42c23          	sw	a1,-72(s0)
   15ec8:	fac42a23          	sw	a2,-76(s0)
   15ecc:	fad42823          	sw	a3,-80(s0)
   15ed0:	fae42623          	sw	a4,-84(s0)
   15ed4:	faf42423          	sw	a5,-88(s0)
   15ed8:	fbc42783          	lw	a5,-68(s0)
   15edc:	fef42223          	sw	a5,-28(s0)
   15ee0:	fb842783          	lw	a5,-72(s0)
   15ee4:	078e                	slli	a5,a5,0x3
   15ee6:	0791                	addi	a5,a5,4
   15ee8:	fbc42703          	lw	a4,-68(s0)
   15eec:	97ba                	add	a5,a5,a4
   15eee:	fef42023          	sw	a5,-32(s0)
   15ef2:	fb442783          	lw	a5,-76(s0)
   15ef6:	fef42623          	sw	a5,-20(s0)
   15efa:	fb042783          	lw	a5,-80(s0)
   15efe:	fef42423          	sw	a5,-24(s0)
   15f02:	a2b1                	j	1604e <riscv_split_rifft_f32+0x196>
   15f04:	fec42783          	lw	a5,-20(s0)
   15f08:	00478713          	addi	a4,a5,4
   15f0c:	fee42623          	sw	a4,-20(s0)
   15f10:	639c                	flw	fa5,0(a5)
   15f12:	fcf42e27          	fsw	fa5,-36(s0)
   15f16:	fec42783          	lw	a5,-20(s0)
   15f1a:	639c                	flw	fa5,0(a5)
   15f1c:	fcf42c27          	fsw	fa5,-40(s0)
   15f20:	fe442783          	lw	a5,-28(s0)
   15f24:	639c                	flw	fa5,0(a5)
   15f26:	fdc42707          	flw	fa4,-36(s0)
   15f2a:	10f777d3          	fmul.s	fa5,fa4,fa5
   15f2e:	fcf42a27          	fsw	fa5,-44(s0)
   15f32:	fe442783          	lw	a5,-28(s0)
   15f36:	00478713          	addi	a4,a5,4
   15f3a:	fee42223          	sw	a4,-28(s0)
   15f3e:	639c                	flw	fa5,0(a5)
   15f40:	20f797d3          	fneg.s	fa5,fa5
   15f44:	fd842707          	flw	fa4,-40(s0)
   15f48:	10f777d3          	fmul.s	fa5,fa4,fa5
   15f4c:	fcf42827          	fsw	fa5,-48(s0)
   15f50:	fe442783          	lw	a5,-28(s0)
   15f54:	6398                	flw	fa4,0(a5)
   15f56:	fe042783          	lw	a5,-32(s0)
   15f5a:	639c                	flw	fa5,0(a5)
   15f5c:	00f77753          	fadd.s	fa4,fa4,fa5
   15f60:	fd842787          	flw	fa5,-40(s0)
   15f64:	10f777d3          	fmul.s	fa5,fa4,fa5
   15f68:	fd442707          	flw	fa4,-44(s0)
   15f6c:	00f777d3          	fadd.s	fa5,fa4,fa5
   15f70:	fcf42a27          	fsw	fa5,-44(s0)
   15f74:	fe442783          	lw	a5,-28(s0)
   15f78:	00478713          	addi	a4,a5,4
   15f7c:	fee42223          	sw	a4,-28(s0)
   15f80:	6398                	flw	fa4,0(a5)
   15f82:	fdc42787          	flw	fa5,-36(s0)
   15f86:	10f777d3          	fmul.s	fa5,fa4,fa5
   15f8a:	fd042707          	flw	fa4,-48(s0)
   15f8e:	00f777d3          	fadd.s	fa5,fa4,fa5
   15f92:	fcf42827          	fsw	fa5,-48(s0)
   15f96:	fe842783          	lw	a5,-24(s0)
   15f9a:	639c                	flw	fa5,0(a5)
   15f9c:	fcf42627          	fsw	fa5,-52(s0)
   15fa0:	fe042783          	lw	a5,-32(s0)
   15fa4:	ffc78713          	addi	a4,a5,-4
   15fa8:	fee42023          	sw	a4,-32(s0)
   15fac:	6398                	flw	fa4,0(a5)
   15fae:	fcc42787          	flw	fa5,-52(s0)
   15fb2:	10f777d3          	fmul.s	fa5,fa4,fa5
   15fb6:	fd042707          	flw	fa4,-48(s0)
   15fba:	08f777d3          	fsub.s	fa5,fa4,fa5
   15fbe:	fcf42827          	fsw	fa5,-48(s0)
   15fc2:	fe042783          	lw	a5,-32(s0)
   15fc6:	6398                	flw	fa4,0(a5)
   15fc8:	fcc42787          	flw	fa5,-52(s0)
   15fcc:	10f777d3          	fmul.s	fa5,fa4,fa5
   15fd0:	fd442707          	flw	fa4,-44(s0)
   15fd4:	00f777d3          	fadd.s	fa5,fa4,fa5
   15fd8:	fcf42a27          	fsw	fa5,-44(s0)
   15fdc:	fe042783          	lw	a5,-32(s0)
   15fe0:	ffc78713          	addi	a4,a5,-4
   15fe4:	fee42023          	sw	a4,-32(s0)
   15fe8:	6398                	flw	fa4,0(a5)
   15fea:	fd842787          	flw	fa5,-40(s0)
   15fee:	10f777d3          	fmul.s	fa5,fa4,fa5
   15ff2:	fd042707          	flw	fa4,-48(s0)
   15ff6:	00f777d3          	fadd.s	fa5,fa4,fa5
   15ffa:	fcf42827          	fsw	fa5,-48(s0)
   15ffe:	fac42783          	lw	a5,-84(s0)
   16002:	00478713          	addi	a4,a5,4
   16006:	fae42623          	sw	a4,-84(s0)
   1600a:	fd442787          	flw	fa5,-44(s0)
   1600e:	e39c                	fsw	fa5,0(a5)
   16010:	fac42783          	lw	a5,-84(s0)
   16014:	00478713          	addi	a4,a5,4
   16018:	fae42623          	sw	a4,-84(s0)
   1601c:	fd042787          	flw	fa5,-48(s0)
   16020:	e39c                	fsw	fa5,0(a5)
   16022:	fa842783          	lw	a5,-88(s0)
   16026:	078e                	slli	a5,a5,0x3
   16028:	fe842703          	lw	a4,-24(s0)
   1602c:	97ba                	add	a5,a5,a4
   1602e:	fef42423          	sw	a5,-24(s0)
   16032:	fa842783          	lw	a5,-88(s0)
   16036:	078e                	slli	a5,a5,0x3
   16038:	17f1                	addi	a5,a5,-4
   1603a:	fec42703          	lw	a4,-20(s0)
   1603e:	97ba                	add	a5,a5,a4
   16040:	fef42623          	sw	a5,-20(s0)
   16044:	fb842783          	lw	a5,-72(s0)
   16048:	17fd                	addi	a5,a5,-1
   1604a:	faf42c23          	sw	a5,-72(s0)
   1604e:	fb842783          	lw	a5,-72(s0)
   16052:	ea0799e3          	bnez	a5,15f04 <riscv_split_rifft_f32+0x4c>
   16056:	0001                	nop
   16058:	0001                	nop
   1605a:	40f6                	lw	ra,92(sp)
   1605c:	4466                	lw	s0,88(sp)
   1605e:	6125                	addi	sp,sp,96
   16060:	8082                	ret

00016062 <riscv_scale_f32>:
   16062:	7179                	addi	sp,sp,-48
   16064:	d606                	sw	ra,44(sp)
   16066:	d422                	sw	s0,40(sp)
   16068:	1800                	addi	s0,sp,48
   1606a:	fca42e23          	sw	a0,-36(s0)
   1606e:	fca42c27          	fsw	fa0,-40(s0)
   16072:	fcb42a23          	sw	a1,-44(s0)
   16076:	fcc42823          	sw	a2,-48(s0)
   1607a:	fd042783          	lw	a5,-48(s0)
   1607e:	fef42623          	sw	a5,-20(s0)
   16082:	a805                	j	160b2 <riscv_scale_f32+0x50>
   16084:	fdc42783          	lw	a5,-36(s0)
   16088:	00478713          	addi	a4,a5,4
   1608c:	fce42e23          	sw	a4,-36(s0)
   16090:	6398                	flw	fa4,0(a5)
   16092:	fd442783          	lw	a5,-44(s0)
   16096:	00478713          	addi	a4,a5,4
   1609a:	fce42a23          	sw	a4,-44(s0)
   1609e:	fd842787          	flw	fa5,-40(s0)
   160a2:	10f777d3          	fmul.s	fa5,fa4,fa5
   160a6:	e39c                	fsw	fa5,0(a5)
   160a8:	fec42783          	lw	a5,-20(s0)
   160ac:	17fd                	addi	a5,a5,-1
   160ae:	fef42623          	sw	a5,-20(s0)
   160b2:	fec42783          	lw	a5,-20(s0)
   160b6:	f7f9                	bnez	a5,16084 <riscv_scale_f32+0x22>
   160b8:	0001                	nop
   160ba:	0001                	nop
   160bc:	50b2                	lw	ra,44(sp)
   160be:	5422                	lw	s0,40(sp)
   160c0:	6145                	addi	sp,sp,48
   160c2:	8082                	ret

000160c4 <riscv_bitreversal_32>:
   160c4:	00158693          	addi	a3,a1,1
   160c8:	00060593          	mv	a1,a2
   160cc:	8285                	srli	a3,a3,0x1

000160ce <riscv_bitreversal_32_0>:
   160ce:	85f0                	lh	a2,2(a1)
   160d0:	00059803          	lh	a6,0(a1)
   160d4:	962a                	add	a2,a2,a0
   160d6:	982a                	add	a6,a6,a0
   160d8:	421c                	lw	a5,0(a2)
   160da:	00082703          	lw	a4,0(a6)
   160de:	00f82023          	sw	a5,0(a6)
   160e2:	c218                	sw	a4,0(a2)
   160e4:	425c                	lw	a5,4(a2)
   160e6:	00482703          	lw	a4,4(a6)
   160ea:	00f82223          	sw	a5,4(a6)
   160ee:	c258                	sw	a4,4(a2)
   160f0:	0591                	addi	a1,a1,4
   160f2:	16fd                	addi	a3,a3,-1
   160f4:	fee9                	bnez	a3,160ce <riscv_bitreversal_32_0>
   160f6:	8082                	ret

000160f8 <riscv_bitreversal_16>:
   160f8:	00158693          	addi	a3,a1,1
   160fc:	00060593          	mv	a1,a2
   16100:	8285                	srli	a3,a3,0x1

00016102 <riscv_bitreversal_16_0>:
   16102:	85f0                	lh	a2,2(a1)
   16104:	00059803          	lh	a6,0(a1)
   16108:	8205                	srli	a2,a2,0x1
   1610a:	00185813          	srli	a6,a6,0x1
   1610e:	962a                	add	a2,a2,a0
   16110:	982a                	add	a6,a6,a0
   16112:	421c                	lw	a5,0(a2)
   16114:	00082703          	lw	a4,0(a6)
   16118:	00f82023          	sw	a5,0(a6)
   1611c:	c218                	sw	a4,0(a2)
   1611e:	0591                	addi	a1,a1,4
   16120:	16fd                	addi	a3,a3,-1
   16122:	f2e5                	bnez	a3,16102 <riscv_bitreversal_16_0>
   16124:	8082                	ret

00016126 <_close>:
   16126:	1141                	addi	sp,sp,-16
   16128:	03900893          	li	a7,57
   1612c:	c606                	sw	ra,12(sp)
   1612e:	c422                	sw	s0,8(sp)
   16130:	00000073          	ecall
   16134:	842a                	mv	s0,a0
   16136:	00054763          	bltz	a0,16144 <_close+0x1e>
   1613a:	8522                	mv	a0,s0
   1613c:	40b2                	lw	ra,12(sp)
   1613e:	4422                	lw	s0,8(sp)
   16140:	0141                	addi	sp,sp,16
   16142:	8082                	ret
   16144:	28e5                	jal	1623c <__errno>
   16146:	408007b3          	neg	a5,s0
   1614a:	547d                	li	s0,-1
   1614c:	c11c                	sw	a5,0(a0)
   1614e:	b7f5                	j	1613a <_close+0x14>

00016150 <_exit>:
   16150:	05d00893          	li	a7,93
   16154:	00000073          	ecall
   16158:	00054363          	bltz	a0,1615e <_exit+0xe>
   1615c:	a001                	j	1615c <_exit+0xc>
   1615e:	1141                	addi	sp,sp,-16
   16160:	c606                	sw	ra,12(sp)
   16162:	c422                	sw	s0,8(sp)
   16164:	842a                	mv	s0,a0
   16166:	28d9                	jal	1623c <__errno>
   16168:	40800433          	neg	s0,s0
   1616c:	c100                	sw	s0,0(a0)
   1616e:	a001                	j	1616e <_exit+0x1e>

00016170 <_lseek>:
   16170:	1141                	addi	sp,sp,-16
   16172:	03e00893          	li	a7,62
   16176:	c606                	sw	ra,12(sp)
   16178:	c422                	sw	s0,8(sp)
   1617a:	00000073          	ecall
   1617e:	842a                	mv	s0,a0
   16180:	00054763          	bltz	a0,1618e <_lseek+0x1e>
   16184:	8522                	mv	a0,s0
   16186:	40b2                	lw	ra,12(sp)
   16188:	4422                	lw	s0,8(sp)
   1618a:	0141                	addi	sp,sp,16
   1618c:	8082                	ret
   1618e:	207d                	jal	1623c <__errno>
   16190:	408007b3          	neg	a5,s0
   16194:	547d                	li	s0,-1
   16196:	c11c                	sw	a5,0(a0)
   16198:	b7f5                	j	16184 <_lseek+0x14>

0001619a <_read>:
   1619a:	1141                	addi	sp,sp,-16
   1619c:	03f00893          	li	a7,63
   161a0:	c606                	sw	ra,12(sp)
   161a2:	c422                	sw	s0,8(sp)
   161a4:	00000073          	ecall
   161a8:	842a                	mv	s0,a0
   161aa:	00054763          	bltz	a0,161b8 <_read+0x1e>
   161ae:	8522                	mv	a0,s0
   161b0:	40b2                	lw	ra,12(sp)
   161b2:	4422                	lw	s0,8(sp)
   161b4:	0141                	addi	sp,sp,16
   161b6:	8082                	ret
   161b8:	2051                	jal	1623c <__errno>
   161ba:	408007b3          	neg	a5,s0
   161be:	547d                	li	s0,-1
   161c0:	c11c                	sw	a5,0(a0)
   161c2:	b7f5                	j	161ae <_read+0x14>

000161c4 <_sbrk>:
   161c4:	4f018693          	addi	a3,gp,1264 # 7e684 <heap_end.0>
   161c8:	1141                	addi	sp,sp,-16
   161ca:	4298                	lw	a4,0(a3)
   161cc:	87aa                	mv	a5,a0
   161ce:	c606                	sw	ra,12(sp)
   161d0:	eb19                	bnez	a4,161e6 <_sbrk+0x22>
   161d2:	0d600893          	li	a7,214
   161d6:	4501                	li	a0,0
   161d8:	00000073          	ecall
   161dc:	567d                	li	a2,-1
   161de:	872a                	mv	a4,a0
   161e0:	02c50263          	beq	a0,a2,16204 <_sbrk+0x40>
   161e4:	c288                	sw	a0,0(a3)
   161e6:	00e78533          	add	a0,a5,a4
   161ea:	0d600893          	li	a7,214
   161ee:	00000073          	ecall
   161f2:	4298                	lw	a4,0(a3)
   161f4:	97ba                	add	a5,a5,a4
   161f6:	00f51763          	bne	a0,a5,16204 <_sbrk+0x40>
   161fa:	40b2                	lw	ra,12(sp)
   161fc:	c288                	sw	a0,0(a3)
   161fe:	853a                	mv	a0,a4
   16200:	0141                	addi	sp,sp,16
   16202:	8082                	ret
   16204:	2825                	jal	1623c <__errno>
   16206:	40b2                	lw	ra,12(sp)
   16208:	47b1                	li	a5,12
   1620a:	c11c                	sw	a5,0(a0)
   1620c:	557d                	li	a0,-1
   1620e:	0141                	addi	sp,sp,16
   16210:	8082                	ret

00016212 <_write>:
   16212:	1141                	addi	sp,sp,-16
   16214:	04000893          	li	a7,64
   16218:	c606                	sw	ra,12(sp)
   1621a:	c422                	sw	s0,8(sp)
   1621c:	00000073          	ecall
   16220:	842a                	mv	s0,a0
   16222:	00054763          	bltz	a0,16230 <_write+0x1e>
   16226:	8522                	mv	a0,s0
   16228:	40b2                	lw	ra,12(sp)
   1622a:	4422                	lw	s0,8(sp)
   1622c:	0141                	addi	sp,sp,16
   1622e:	8082                	ret
   16230:	2031                	jal	1623c <__errno>
   16232:	408007b3          	neg	a5,s0
   16236:	547d                	li	s0,-1
   16238:	c11c                	sw	a5,0(a0)
   1623a:	b7f5                	j	16226 <_write+0x14>

0001623c <__errno>:
   1623c:	4c81a503          	lw	a0,1224(gp) # 7e65c <_impure_ptr>
   16240:	8082                	ret
